factor,direction,database,pathway_id,pathway_description,gene_ratio,bg_ratio,nominal_pvalue,fdr_bh,gene_count,enriched_genes,evidence_status
Factor1,Positive,GO_Biological_Process,GO:0030198,extracellular matrix organization,16/92,50/828,3.20919368963404e-05,0.0167733856844872,16,SPINT1/LUM/QSOX1/MFAP4/ADAMTSL2/FMOD/PDGFRA/LAMA2/CREB3L1/COL14A1/AEBP1/LOXL4/MYH11/MELTF/ELN/PAPLN,Robust Supported
Factor1,Positive,GO_Biological_Process,GO:0043062,extracellular structure organization,16/92,50/828,3.20919368963404e-05,0.0167733856844872,16,SPINT1/LUM/QSOX1/MFAP4/ADAMTSL2/FMOD/PDGFRA/LAMA2/CREB3L1/COL14A1/AEBP1/LOXL4/MYH11/MELTF/ELN/PAPLN,Robust Supported
Factor1,Positive,GO_Biological_Process,GO:0045229,external encapsulating structure organization,16/92,50/828,3.20919368963404e-05,0.0167733856844872,16,SPINT1/LUM/QSOX1/MFAP4/ADAMTSL2/FMOD/PDGFRA/LAMA2/CREB3L1/COL14A1/AEBP1/LOXL4/MYH11/MELTF/ELN/PAPLN,Robust Supported
Factor1,Positive,GO_Biological_Process,GO:0097435,supramolecular fiber organization,17/92,61/828,0.000130729286514425,0.0512458803136547,17,OBSCN/KRT7/LUM/CCL21/MFAP4/FMOD/WIPF3/PDGFRA/COL14A1/TRPV4/CXCL12/AEBP1/LOXL4/MYH11/ELN/SPIRE1/FAM171A1,Exploratory
Factor1,Positive,GO_Biological_Process,GO:0030036,actin cytoskeleton organization,13/92,44/828,0.000483327385264639,0.151571468018991,13,OBSCN/CCL21/WIPF3/PDGFRA/TRPV4/CXCL12/MYH11/ELN/CDC42BPG/EPHA3/SPIRE1/FAM171A1/NPHP4,Exploratory
Factor1,Positive,GO_Biological_Process,GO:0030029,actin filament-based process,13/92,48/828,0.00122385578143021,0.319834310880428,13,OBSCN/CCL21/WIPF3/PDGFRA/TRPV4/CXCL12/MYH11/ELN/CDC42BPG/EPHA3/SPIRE1/FAM171A1/NPHP4,Exploratory
Factor1,Positive,GO_Biological_Process,GO:0007155,cell adhesion,25/92,130/828,0.0019420997754703,0.435030349705347,25,EPCAM/PTPRS/TESC/CCL21/MFAP4/PKHD1/GPC4/PDGFRA/THBS2/LAMA2/COL14A1/TRPV4/CXCL12/ISLR/CD24/DACT2/MELTF/EPHA3/VCAN/FBLN2/SVEP1/LAMC3/TJP3/NPHP4/CNTNAP2,Exploratory
Factor1,Positive,GO_Biological_Process,GO:0045216,cell-cell junction organization,6/92,14/828,0.0023046486875679,0.451711142763308,6,PKHD1/TRPV4/SVEP1/TJP3/NPHP4/CNTNAP2,Exploratory
Factor1,Positive,GO_Biological_Process,GO:0016043,cellular component organization,48/92,316/828,0.00266066081018061,0.451774769747117,48,PTPRS/SPINT1/FGFR2/OBSCN/KRT7/TGFA/DCN/LUM/CCL21/QSOX1/MFAP4/PKHD1/KCNS3/ADAMTSL2/FMOD/HAMP/GPC4/WIPF3/PDGFRA/THBS2/LAMA2/CREB3L1/NGFR/RAB34/COL14A1/TRPV4/CXCL12/SUSD4/AEBP1/CD24/PTK6/LOXL4/RAP1GAP2/MYH11/DCDC2/MELTF/ELN/CDC42BPG/EPHA3/SEZ6L2/SYNGR1/SPIRE1/FAM171A1/SVEP1/TJP3/PAPLN/NPHP4/CNTNAP2,Exploratory
Factor1,Positive,GO_Biological_Process,GO:0071840,cellular component organization or biogenesis,48/92,317/828,0.00288121664379539,0.451774769747117,48,PTPRS/SPINT1/FGFR2/OBSCN/KRT7/TGFA/DCN/LUM/CCL21/QSOX1/MFAP4/PKHD1/KCNS3/ADAMTSL2/FMOD/HAMP/GPC4/WIPF3/PDGFRA/THBS2/LAMA2/CREB3L1/NGFR/RAB34/COL14A1/TRPV4/CXCL12/SUSD4/AEBP1/CD24/PTK6/LOXL4/RAP1GAP2/MYH11/DCDC2/MELTF/ELN/CDC42BPG/EPHA3/SEZ6L2/SYNGR1/SPIRE1/FAM171A1/SVEP1/TJP3/PAPLN/NPHP4/CNTNAP2,Exploratory
Factor1,Positive,GO_Biological_Process,GO:0009888,tissue development,26/92,145/828,0.00453969879609248,0.647113428388456,26,EPCAM/PTPRS/SPINT1/FGFR2/KRT7/PKHD1/EVC/ADAMTSL2/PDGFRA/EFEMP1/NGFR/COL14A1/TRPV4/EHF/PTH1R/BGN/CD24/PTK6/DACT2/MYH11/ID4/ELN/EPHA3/SVEP1/TJP3/ASPN,Exploratory
Factor1,Positive,GO_Biological_Process,GO:0031032,actomyosin structure organization,6/92,16/828,0.00510303928208097,0.66679713285858,6,OBSCN/PDGFRA/MYH11/ELN/CDC42BPG/FAM171A1,Exploratory
Factor1,Positive,GO_Biological_Process,GO:0017015,regulation of transforming growth factor beta receptor signaling pathway,4/92,8/828,0.00704963406975008,0.70441982840353,4,ADAMTSL2/CDKN1C/HTRA3/ASPN,Exploratory
Factor1,Positive,GO_Biological_Process,GO:1903844,regulation of cellular response to transforming growth factor beta stimulus,4/92,8/828,0.00704963406975008,0.70441982840353,4,ADAMTSL2/CDKN1C/HTRA3/ASPN,Exploratory
Factor1,Positive,GO_Biological_Process,GO:2000177,regulation of neural precursor cell proliferation,4/92,8/828,0.00704963406975008,0.70441982840353,4,SPINT1/PDE9A/ID4/VCAN,Exploratory
Factor1,Positive,GO_Biological_Process,GO:1901888,regulation of cell junction assembly,6/92,17/828,0.00718795743268908,0.70441982840353,6,PTPRS/GPC4/THBS2/EPHA3/NPHP4/CNTNAP2,Exploratory
Factor1,Positive,GO_Biological_Process,GO:0007167,enzyme-linked receptor protein signaling pathway,16/92,79/828,0.00881435130121717,0.801161093450514,16,FGFR2/TGFA/DCN/ADAMTSL2/CDKN1C/FMOD/PDGFRA/EFEMP1/CREB3L1/NGFR/PTK6/DACT2/HTRA3/EPHA3/SVEP1/ASPN,Exploratory
Factor1,Positive,GO_Biological_Process,GO:0007179,transforming growth factor beta receptor signaling pathway,5/92,13/828,0.00949360133411107,0.801161093450514,5,ADAMTSL2/CDKN1C/FMOD/HTRA3/ASPN,Exploratory
Factor1,Positive,GO_Biological_Process,GO:0048856,anatomical structure development,50/92,351/828,0.00970794692318862,0.801161093450514,50,EPCAM/PTPRS/DEFB1/CACNA1H/SPINT1/FGFR2/OBSCN/KRT7/TGFA/DCN/TESC/CCL21/PKHD1/EVC/ADAMTSL2/GPC4/PRELP/PDGFRA/THBS2/EFEMP1/LAMA2/CREB3L1/NGFR/COL14A1/TRPV4/CXCL12/EHF/PTH1R/BGN/CD24/PTK6/DACT2/MYH11/GAL3ST1/ID4/DCDC2/ELN/EPHA3/SEZ6L2/VCAN/SPIRE1/NRSN2/FAM171A1/SVEP1/LAMC3/TJP3/ASPN/NPHP4/NXN/CNTNAP2,Exploratory
Factor1,Positive,GO_Biological_Process,GO:0048731,system development,39/92,258/828,0.0105585167851873,0.827787715958686,39,EPCAM/PTPRS/SPINT1/FGFR2/TGFA/DCN/PKHD1/EVC/ADAMTSL2/GPC4/PRELP/PDGFRA/THBS2/EFEMP1/LAMA2/CREB3L1/NGFR/COL14A1/TRPV4/CXCL12/PTH1R/BGN/CD24/PTK6/DACT2/MYH11/GAL3ST1/ID4/DCDC2/ELN/EPHA3/SEZ6L2/VCAN/NRSN2/SVEP1/LAMC3/NPHP4/NXN/CNTNAP2,Exploratory
Factor1,Positive,GO_Biological_Process,GO:0030512,negative regulation of transforming growth factor beta receptor signaling pathway,3/92,5/828,0.0112579957309794,0.840597014579794,3,ADAMTSL2/HTRA3/ASPN,Exploratory
Factor1,Positive,GO_Biological_Process,GO:0048468,cell development,26/92,156/828,0.0128700341929034,0.852312414126119,26,PTPRS/DEFB1/SPINT1/FGFR2/OBSCN/TESC/CCL21/PKHD1/PDGFRA/LAMA2/NGFR/COL14A1/TRPV4/CXCL12/PTH1R/PTK6/DACT2/MYH11/ID4/DCDC2/EPHA3/VCAN/LAMC3/TJP3/NPHP4/CNTNAP2,Exploratory
Factor1,Positive,GO_Biological_Process,GO:0071560,cellular response to transforming growth factor beta stimulus,6/92,19/828,0.0130961904913053,0.852312414126119,6,FGFR2/ADAMTSL2/CDKN1C/FMOD/HTRA3/ASPN,Exploratory
Factor1,Positive,GO_Biological_Process,GO:0007015,actin filament organization,7/92,25/828,0.0149292701703415,0.852312414126119,7,CCL21/WIPF3/TRPV4/CXCL12/ELN/SPIRE1/FAM171A1,Exploratory
Factor1,Positive,GO_Biological_Process,GO:0034330,cell junction organization,11/92,50/828,0.0163201223093604,0.852312414126119,11,PTPRS/PKHD1/GPC4/THBS2/TRPV4/EPHA3/SEZ6L2/SVEP1/TJP3/NPHP4/CNTNAP2,Exploratory
Factor1,Positive,GO_Biological_Process,GO:0009653,anatomical structure morphogenesis,28/92,175/828,0.0170092216610871,0.852312414126119,28,PTPRS/CACNA1H/SPINT1/FGFR2/OBSCN/TGFA/DCN/PKHD1/PDGFRA/THBS2/EFEMP1/LAMA2/CREB3L1/NGFR/TRPV4/CXCL12/DACT2/MYH11/ID4/DCDC2/ELN/EPHA3/SPIRE1/FAM171A1/SVEP1/LAMC3/ASPN/CNTNAP2,Exploratory
Factor1,Positive,GO_Biological_Process,GO:0018108,peptidyl-tyrosine phosphorylation,6/92,20/828,0.0170596267575283,0.852312414126119,6,FGFR2/TGFA/PDGFRA/EFEMP1/PTK6/EPHA3,Exploratory
Factor1,Positive,GO_Biological_Process,GO:0018212,peptidyl-tyrosine modification,6/92,20/828,0.0170596267575283,0.852312414126119,6,FGFR2/TGFA/PDGFRA/EFEMP1/PTK6/EPHA3,Exploratory
Factor1,Positive,GO_Biological_Process,GO:0071559,response to transforming growth factor beta,6/92,20/828,0.0170596267575283,0.852312414126119,6,FGFR2/ADAMTSL2/CDKN1C/FMOD/HTRA3/ASPN,Exploratory
Factor1,Positive,GO_Biological_Process,GO:0007224,smoothened signaling pathway,4/92,10/828,0.0177352256360217,0.852312414126119,4,FGFR2/EVC/RAB34/DCDC2,Exploratory
Factor1,Positive,GO_Biological_Process,GO:0008589,regulation of smoothened signaling pathway,4/92,10/828,0.0177352256360217,0.852312414126119,4,FGFR2/EVC/RAB34/DCDC2,Exploratory
Factor1,Positive,GO_Biological_Process,GO:0085029,extracellular matrix assembly,4/92,10/828,0.0177352256360217,0.852312414126119,4,QSOX1/MFAP4/MYH11/ELN,Exploratory
Factor1,Positive,GO_Biological_Process,GO:0006874,intracellular calcium ion homeostasis,5/92,15/828,0.0184812640818164,0.852312414126119,5,CCL21/PKHD1/TRPV4/CXCL12/PTH1R,Exploratory
Factor1,Positive,GO_Biological_Process,GO:0030199,collagen fibril organization,5/92,15/828,0.0184812640818164,0.852312414126119,5,LUM/FMOD/COL14A1/AEBP1/LOXL4,Exploratory
Factor1,Positive,GO_Biological_Process,GO:0045880,positive regulation of smoothened signaling pathway,3/92,6/828,0.0207124410268171,0.885635815787008,3,EVC/RAB34/DCDC2,Exploratory
Factor1,Positive,GO_Biological_Process,GO:0007275,multicellular organism development,41/92,285/828,0.0210927867831181,0.885635815787008,41,EPCAM/PTPRS/SPINT1/FGFR2/TGFA/DCN/TESC/PKHD1/EVC/ADAMTSL2/GPC4/PRELP/PDGFRA/THBS2/EFEMP1/LAMA2/CREB3L1/NGFR/COL14A1/TRPV4/CXCL12/PTH1R/BGN/CD24/PTK6/DACT2/MYH11/GAL3ST1/ID4/DCDC2/ELN/EPHA3/SEZ6L2/VCAN/NRSN2/SVEP1/LAMC3/ASPN/NPHP4/NXN/CNTNAP2,Exploratory
Factor1,Positive,GO_Biological_Process,GO:0000902,cell morphogenesis,12/92,59/828,0.0226033634116252,0.885635815787008,12,PTPRS/FGFR2/PKHD1/LAMA2/NGFR/CXCL12/DACT2/DCDC2/EPHA3/FAM171A1/LAMC3/CNTNAP2,Exploratory
Factor1,Positive,GO_Biological_Process,GO:0090287,regulation of cellular response to growth factor stimulus,7/92,27/828,0.0228808700758013,0.885635815787008,7,DCN/ADAMTSL2/CDKN1C/CREB3L1/NGFR/HTRA3/ASPN,Exploratory
Factor1,Positive,GO_Biological_Process,GO:0048469,cell maturation,4/92,11/828,0.0255334650855117,0.885635815787008,4,DEFB1/CCL21/PTH1R/CNTNAP2,Exploratory
Factor1,Positive,GO_Biological_Process,GO:0071300,cellular response to retinoic acid,4/92,11/828,0.0255334650855117,0.885635815787008,4,FGFR2/TESC/PTK6/EPHA3,Exploratory
Factor1,Positive,GO_Biological_Process,GO:0019538,protein metabolic process,31/92,206/828,0.0281809315662986,0.885635815787008,31,PTPRS/SPINT1/FGFR2/OBSCN/TGFA/TESC/CCL21/QSOX1/ITIH5/B3GNT3/EEF1A2/CDKN1C/HAMP/PDGFRA/PRSS8/EFEMP1/NGFR/AEBP1/CD24/PTK6/GAL3ST1/LARP6/GGT5/MELTF/HTRA3/CDC42BPG/EPHA3/MAPK13/PAPLN/KLHL29/NXN,Exploratory
Factor1,Positive,GO_Biological_Process,GO:0032502,developmental process,51/92,378/828,0.0297758959011034,0.885635815787008,51,EPCAM/PTPRS/DEFB1/CACNA1H/SPINT1/FGFR2/OBSCN/KRT7/TGFA/DCN/TESC/CCL21/PKHD1/EVC/ADAMTSL2/GPC4/WIPF3/PRELP/PDGFRA/THBS2/EFEMP1/LAMA2/CREB3L1/NGFR/COL14A1/TRPV4/CXCL12/EHF/PTH1R/BGN/CD24/PTK6/DACT2/MYH11/GAL3ST1/ID4/DCDC2/ELN/EPHA3/SEZ6L2/VCAN/SPIRE1/NRSN2/FAM171A1/SVEP1/LAMC3/TJP3/ASPN/NPHP4/NXN/CNTNAP2,Exploratory
Factor1,Positive,GO_Biological_Process,GO:0055074,calcium ion homeostasis,5/92,17/828,0.0318015744884793,0.885635815787008,5,CCL21/PKHD1/TRPV4/CXCL12/PTH1R,Exploratory
Factor1,Positive,GO_Biological_Process,GO:0061351,neural precursor cell proliferation,5/92,17/828,0.0318015744884793,0.885635815787008,5,SPINT1/FGFR2/PDE9A/ID4/VCAN,Exploratory
Factor1,Positive,GO_Biological_Process,GO:0009966,regulation of signal transduction,28/92,184/828,0.0331401746667937,0.885635815787008,28,PTPRS/FGFR2/OBSCN/TGFA/DCN/CCL21/PKHD1/EVC/ADAMTSL2/CDKN1C/GPC4/PDGFRA/LAMA2/CREB3L1/NGFR/RAB34/TRPV4/CXCL12/CD24/PTK6/RAP1GAP2/DACT2/DCDC2/HTRA3/SEZ6L2/ASPN/NPHP4/NXN,Exploratory
Factor1,Positive,GO_Biological_Process,GO:0006826,iron ion transport,3/92,7/828,0.0333586242418701,0.885635815787008,3,HAMP/SLC22A17/MELTF,Exploratory
Factor1,Positive,GO_Biological_Process,GO:0007173,epidermal growth factor receptor signaling pathway,3/92,7/828,0.0333586242418701,0.885635815787008,3,TGFA/EFEMP1/PTK6,Exploratory
Factor1,Positive,GO_Biological_Process,GO:0010712,regulation of collagen metabolic process,3/92,7/828,0.0333586242418701,0.885635815787008,3,MFAP4/CREB3L1/LARP6,Exploratory
Factor1,Positive,GO_Biological_Process,GO:0038127,ERBB signaling pathway,3/92,7/828,0.0333586242418701,0.885635815787008,3,TGFA/EFEMP1/PTK6,Exploratory
Factor1,Positive,GO_Biological_Process,GO:0070509,calcium ion import,3/92,7/828,0.0333586242418701,0.885635815787008,3,CACNA1H/TRPV4/CXCL12,Exploratory
Factor1,Positive,GO_Biological_Process,GO:0001894,tissue homeostasis,6/92,23/828,0.033720341239832,0.885635815787008,6,HAMP/LAMA2/COL14A1/PTH1R/TJP3/NPHP4,Exploratory
Factor1,Positive,GO_Biological_Process,GO:0060249,anatomical structure homeostasis,6/92,23/828,0.033720341239832,0.885635815787008,6,HAMP/LAMA2/COL14A1/PTH1R/TJP3/NPHP4,Exploratory
Factor1,Positive,GO_Biological_Process,GO:0090101,negative regulation of transmembrane receptor protein serine/threonine kinase signaling pathway,4/92,12/828,0.0351011031126631,0.885635815787008,4,ADAMTSL2/DACT2/HTRA3/ASPN,Exploratory
Factor1,Positive,GO_Biological_Process,GO:0048583,regulation of response to stimulus,36/92,252/828,0.0375739400555122,0.885635815787008,36,PTPRS/C7/FGFR2/OBSCN/TGFA/DCN/CCL21/PKHD1/EVC/ADAMTSL2/CDKN1C/HAMP/GPC4/PDGFRA/PDE9A/LAMA2/CREB3L1/NGFR/RAB34/TRPV4/CXCL12/SUSD4/CD24/PTK6/RAP1GAP2/DACT2/DCDC2/HTRA3/SEZ6L2/SPIRE1/MAPK13/SVEP1/ASPN/NPHP4/NXN/CNTNAP2,Exploratory
Factor1,Positive,GO_Biological_Process,GO:0090092,regulation of transmembrane receptor protein serine/threonine kinase signaling pathway,5/92,18/828,0.0402528021980459,0.885635815787008,5,ADAMTSL2/CDKN1C/DACT2/HTRA3/ASPN,Exploratory
Factor1,Positive,GO_Biological_Process,GO:0141091,transforming growth factor beta receptor superfamily signaling pathway,6/92,24/828,0.0410259607465391,0.885635815787008,6,ADAMTSL2/CDKN1C/FMOD/DACT2/HTRA3/ASPN,Exploratory
Factor1,Positive,GO_Biological_Process,GO:0007010,cytoskeleton organization,15/92,87/828,0.0460892367007121,0.885635815787008,15,OBSCN/KRT7/CCL21/PKHD1/WIPF3/PDGFRA/TRPV4/CXCL12/MYH11/ELN/CDC42BPG/EPHA3/SPIRE1/FAM171A1/NPHP4,Exploratory
Factor1,Positive,GO_Biological_Process,GO:0071363,cellular response to growth factor stimulus,11/92,58/828,0.0462731747305743,0.885635815787008,11,SPINT1/FGFR2/DCN/ADAMTSL2/CDKN1C/FMOD/PDGFRA/CREB3L1/NGFR/HTRA3/ASPN,Exploratory
Factor1,Positive,GO_Biological_Process,GO:0021761,limbic system development,4/92,13/828,0.0464822150142417,0.885635815787008,4,PTPRS/FGFR2/ID4/CNTNAP2,Exploratory
Factor1,Positive,GO_Biological_Process,GO:0042692,muscle cell differentiation,7/92,31/828,0.0467074846834939,0.885635815787008,7,CACNA1H/FGFR2/OBSCN/PDGFRA/LAMA2/COL14A1/MYH11,Exploratory
Factor1,Positive,GO_Biological_Process,GO:0045935,positive regulation of nucleobase-containing compound metabolic process,14/92,80/828,0.0478769593273577,0.885635815787008,14,EPCAM/FGFR2/DCN/TESC/LUM/CDKN1C/HAMP/CREB3L1/NGFR/EHF/PTK6/ID4/SPIRE1/EBF4,Exploratory
Factor1,Positive,GO_Biological_Process,GO:0007405,neuroblast proliferation,3/92,8/828,0.0491440183451421,0.885635815787008,3,FGFR2/ID4/VCAN,Exploratory
Factor1,Positive,GO_Biological_Process,GO:0030239,myofibril assembly,3/92,8/828,0.0491440183451421,0.885635815787008,3,OBSCN/PDGFRA/MYH11,Exploratory
Factor1,Positive,GO_Biological_Process,GO:0051017,actin filament bundle assembly,3/92,8/828,0.0491440183451421,0.885635815787008,3,ELN/SPIRE1/FAM171A1,Exploratory
Factor1,Positive,GO_Biological_Process,GO:0061572,actin filament bundle organization,3/92,8/828,0.0491440183451421,0.885635815787008,3,ELN/SPIRE1/FAM171A1,Exploratory
Factor1,Positive,GO_Biological_Process,GO:0071887,leukocyte apoptotic process,3/92,8/828,0.0491440183451421,0.885635815787008,3,CCL21/CXCL12/EBF4,Exploratory
Factor1,Positive,GO_Biological_Process,GO:1901890,positive regulation of cell junction assembly,3/92,8/828,0.0491440183451421,0.885635815787008,3,THBS2/NPHP4/CNTNAP2,Exploratory
Factor1,Positive,GO_Biological_Process,GO:1903053,regulation of extracellular matrix organization,3/92,8/828,0.0491440183451421,0.885635815787008,3,LAMA2/AEBP1/MELTF,Exploratory
Factor1,Positive,GO_Biological_Process,GO:0032956,regulation of actin cytoskeleton organization,5/92,19/828,0.0499515920933104,0.885635815787008,5,CCL21/PDGFRA/CXCL12/ELN/EPHA3,Exploratory
Factor1,Positive,GO_Biological_Process,GO:0048812,neuron projection morphogenesis,8/92,38/828,0.049971148535599,0.885635815787008,8,PTPRS/FGFR2/LAMA2/NGFR/CXCL12/DCDC2/EPHA3/CNTNAP2,Exploratory
Factor1,Positive,KEGG_Pathway,hsa04820,Cytoskeleton in muscle cells,9/50,28/493,0.000858994831947233,0.118541286808718,9,OBSCN/DCN/THBS2/LAMA2/BGN/MYH11/ELN/VCAN/FBLN2,Exploratory
Factor1,Positive,KEGG_Pathway,hsa04810,Regulation of actin cytoskeleton,5/50,11/493,0.00255004836343704,0.128450737234666,5,C7/FGFR2/PDGFRA/CXCL12/MYH11,Exploratory
Factor1,Positive,KEGG_Pathway,hsa04010,MAPK signaling pathway,6/50,16/493,0.00293932966997729,0.128450737234666,6,CACNA1H/FGFR2/TGFA/PDGFRA/NGFR/MAPK13,Exploratory
Factor1,Positive,KEGG_Pathway,hsa04014,Ras signaling pathway,4/50,8/493,0.00485262123830907,0.128450737234666,4,FGFR2/TGFA/PDGFRA/NGFR,Exploratory
Factor1,Positive,KEGG_Pathway,hsa04350,TGF-beta signaling pathway,4/50,8/493,0.00485262123830907,0.128450737234666,4,DCN/FMOD/HAMP/ID4,Exploratory
Factor1,Positive,KEGG_Pathway,hsa05215,Prostate cancer,5/50,13/493,0.00605918509507108,0.128450737234666,5,SPINT1/FGFR2/TGFA/PDGFRA/CREB3L1,Exploratory
Factor1,Positive,KEGG_Pathway,hsa04151,PI3K-Akt signaling pathway,8/50,30/493,0.00651561710610624,0.128450737234666,8,FGFR2/TGFA/PDGFRA/THBS2/LAMA2/CREB3L1/NGFR/LAMC3,Exploratory
Factor1,Positive,KEGG_Pathway,hsa01521,EGFR tyrosine kinase inhibitor resistance,3/50,5/493,0.00850721407108383,0.146749442726196,3,FGFR2/TGFA/PDGFRA,Exploratory
Factor1,Positive,KEGG_Pathway,hsa05163,Human cytomegalovirus infection,4/50,12/493,0.0251803172303433,0.386098197531931,4,PDGFRA/CREB3L1/CXCL12/MAPK13,Exploratory
Factor1,Positive,KEGG_Pathway,hsa04015,Rap1 signaling pathway,4/50,13/493,0.0336785981793533,0.40528924857324,4,FGFR2/PDGFRA/NGFR/MAPK13,Exploratory
Factor1,Positive,KEGG_Pathway,hsa04517,IgSF CAM signaling,4/50,13/493,0.0336785981793533,0.40528924857324,4,PTPRS/MYH11/MAPK13/CNTNAP2,Exploratory
Factor1,Positive,KEGG_Pathway,hsa04261,Adrenergic signaling in cardiomyocytes,3/50,8/493,0.0381794219670443,0.40528924857324,3,CREB3L1/PPP1R1A/MAPK13,Exploratory
Factor1,Positive,KEGG_Pathway,hsa05020,Prion disease,3/50,8/493,0.0381794219670443,0.40528924857324,3,C7/CREB3L1/MAPK13,Exploratory
Factor1,Positive,KEGG_Pathway,hsa05145,Toxoplasmosis,3/50,9/493,0.0532280185847619,0.507472159764644,3,LAMA2/MAPK13/LAMC3,Not Significant
Factor1,Positive,KEGG_Pathway,hsa04519,Cadherin signaling,4/50,15/493,0.0551600173657222,0.507472159764644,4,KRT7/TMC4/PDGFRA/MAPK13,Not Significant
Factor1,Positive,KEGG_Pathway,hsa05130,Pathogenic Escherichia coli infection,3/50,10/493,0.0706973605261678,0.543087417627301,3,WIPF3/MYH11/MAPK13,Not Significant
Factor1,Positive,KEGG_Pathway,hsa04020,Calcium signaling pathway,4/50,17/493,0.0825812278136917,0.543087417627301,4,CACNA1H/FGFR2/TGFA/PDGFRA,Not Significant
Factor1,Positive,KEGG_Pathway,hsa04510,Focal adhesion,4/50,17/493,0.0825812278136917,0.543087417627301,4,PDGFRA/THBS2/LAMA2/LAMC3,Not Significant
Factor1,Positive,KEGG_Pathway,hsa00565,Ether lipid metabolism,2/50,5/493,0.082643737465024,0.543087417627301,2,PLPP2/GAL3ST1,Not Significant
Factor1,Positive,KEGG_Pathway,hsa05230,Central carbon metabolism in cancer,2/50,5/493,0.082643737465024,0.543087417627301,2,FGFR2/PDGFRA,Not Significant
Factor1,Negative,GO_Biological_Process,GO:0006805,xenobiotic metabolic process,17/85,37/828,9.9836815491605e-09,1.41967951629062e-05,17,CYP1A1/BCHE/GSTA1/ABCB11/GSTA2/GLYAT/UGT1A9/NR1I2/CYP2A6/CYP2A7/CYP2B6/UGT2B7/UGT1A6/UGT1A1/ALDH3A1/CYP1A2/SULT1B1,Robust Supported
Factor1,Negative,GO_Biological_Process,GO:0043436,oxoacid metabolic process,33/85,130/828,3.05120090278956e-08,1.58492566509179e-05,33,CYP1A1/CYP8B1/ALDH1L1/UGT1A4/GSTA1/AKR1C2/ACADL/ABCB11/GLYAT/UGT2B10/SRD5A2/UGT1A9/PRODH2/CYP2A6/AKR1C4/CYP2A7/CYP7A1/ALDOC/ACSM5/AADAT/CYP2B6/UGT2B7/UGT1A6/UGT1A1/ABCC9/DCXR/CYP1A2/SULT1B1/AASS/ADH4/AGXT2/SLC27A5/GPD1,Robust Supported
Factor1,Negative,GO_Biological_Process,GO:0071466,cellular response to xenobiotic stimulus,18/85,44/828,3.34372503183922e-08,1.58492566509179e-05,18,CYP1A1/BCHE/GSTA1/ABCB11/GSTA2/GLYAT/UGT1A9/NR1I2/CYP2A6/CYP2A7/CYP2B6/UGT2B7/UGT1A6/UGT1A1/ABCC9/ALDH3A1/CYP1A2/SULT1B1,Robust Supported
Factor1,Negative,GO_Biological_Process,GO:0006082,organic acid metabolic process,33/85,132/828,4.68943835875518e-08,1.66709533653747e-05,33,CYP1A1/CYP8B1/ALDH1L1/UGT1A4/GSTA1/AKR1C2/ACADL/ABCB11/GLYAT/UGT2B10/SRD5A2/UGT1A9/PRODH2/CYP2A6/AKR1C4/CYP2A7/CYP7A1/ALDOC/ACSM5/AADAT/CYP2B6/UGT2B7/UGT1A6/UGT1A1/ABCC9/DCXR/CYP1A2/SULT1B1/AASS/ADH4/AGXT2/SLC27A5/GPD1,Robust Supported
Factor1,Negative,GO_Biological_Process,GO:0044281,small molecule metabolic process,40/85,185/828,7.81673486477848e-08,2.10510146935317e-05,40,CYP1A1/CYP8B1/ALDH1L1/UGT1A4/GSTA1/AKR1C2/ACADL/ABCB11/GLYAT/UGT2B10/SRD5A2/UGT1A9/PRODH2/MME/CYP2A6/AKR1C4/APOF/CYP2A7/TSKU/CYP7A1/ALDOC/ACSM5/AADAT/CYP2B6/UGT2B7/UGT1A6/UGT1A1/ABCC9/DCXR/RDH16/CYP1A2/SULT1B1/AASS/MOGAT2/ADH4/SLC17A3/CYP17A1/AGXT2/SLC27A5/GPD1,Robust Supported
Factor1,Negative,GO_Biological_Process,GO:0008202,steroid metabolic process,21/85,62/828,1.02944075892662e-07,2.10510146935317e-05,21,CYP1A1/CYP8B1/UGT1A4/AKR1C2/ACADL/ABCB11/UGT2B10/SRD5A2/NR1I2/CYP2A6/AKR1C4/APOF/TSKU/CYP7A1/CYP2B6/UGT2B7/UGT1A1/RDH16/CYP1A2/CYP17A1/SLC27A5,Robust Supported
Factor1,Negative,GO_Biological_Process,GO:0019752,carboxylic acid metabolic process,32/85,129/828,1.03626654609509e-07,2.10510146935317e-05,32,CYP1A1/CYP8B1/ALDH1L1/UGT1A4/GSTA1/AKR1C2/ACADL/ABCB11/GLYAT/UGT2B10/SRD5A2/UGT1A9/PRODH2/CYP2A6/AKR1C4/CYP2A7/CYP7A1/ALDOC/ACSM5/AADAT/CYP2B6/UGT2B7/UGT1A6/UGT1A1/ABCC9/DCXR/CYP1A2/AASS/ADH4/AGXT2/SLC27A5/GPD1,Robust Supported
Factor1,Negative,GO_Biological_Process,GO:0006629,lipid metabolic process,34/85,145/828,1.6029752591878e-07,2.84928852320631e-05,34,CYP1A1/CYP8B1/UGT1A4/GSTA1/AKR1C2/ACADL/ABCB11/UGT2B10/SRD5A2/ETNK2/UGT1A9/NR1I2/CYP2A6/AKR1C4/APOF/CYP2A7/TSKU/ENPP7/CYP7A1/ACSM5/CYP2B6/UGT2B7/UGT1A6/UGT1A1/ABCC9/RDH16/ABCB4/ALDH3A1/CYP1A2/MOGAT2/ADH4/CYP17A1/SLC27A5/GPD1,Robust Supported
Factor1,Negative,GO_Biological_Process,GO:0042180,cellular ketone metabolic process,15/85,36/828,4.24749660369696e-07,6.5816354864891e-05,15,UGT1A4/AKR1C2/ACADL/ABCB11/SRD5A2/UGT1A9/AKR1C4/CYP7A1/AADAT/CYP2B6/UGT1A6/UGT1A1/ADH4/CYP17A1/GPD1,Robust Supported
Factor1,Negative,GO_Biological_Process,GO:0032787,monocarboxylic acid metabolic process,27/85,103/828,4.6284356445071e-07,6.5816354864891e-05,27,CYP1A1/CYP8B1/UGT1A4/GSTA1/AKR1C2/ACADL/ABCB11/GLYAT/UGT2B10/UGT1A9/CYP2A6/AKR1C4/CYP2A7/CYP7A1/ALDOC/ACSM5/CYP2B6/UGT2B7/UGT1A6/UGT1A1/ABCC9/DCXR/CYP1A2/ADH4/AGXT2/SLC27A5/GPD1,Robust Supported
Factor1,Negative,GO_Biological_Process,GO:0009410,response to xenobiotic stimulus,20/85,62/828,5.66036597441097e-07,7.31730946873854e-05,20,CYP1A1/BCHE/GSTA1/ABCB11/GSTA2/GLYAT/SRD5A2/SLC1A2/UGT1A9/NR1I2/CYP2A6/CYP2A7/CYP2B6/UGT2B7/UGT1A6/UGT1A1/ABCC9/ALDH3A1/CYP1A2/SULT1B1,Robust Supported
Factor1,Negative,GO_Biological_Process,GO:0006631,fatty acid metabolic process,19/85,58/828,8.83074367785121e-07,0.000104644312582537,19,CYP1A1/UGT1A4/GSTA1/AKR1C2/ACADL/ABCB11/UGT1A9/CYP2A6/AKR1C4/CYP2A7/CYP7A1/ACSM5/CYP2B6/UGT1A6/UGT1A1/ABCC9/CYP1A2/ADH4/SLC27A5,Robust Supported
Factor1,Negative,GO_Biological_Process,GO:0042445,hormone metabolic process,16/85,49/828,8.03445135921948e-06,0.000838649879192791,16,CYP1A1/BCHE/AKR1C2/UGT2B10/SRD5A2/UGT1A9/MME/AKR1C4/UGT2B7/UGT1A1/RDH16/CYP1A2/SULT1B1/DIO1/ADH4/CYP17A1,Robust Supported
Factor1,Negative,GO_Biological_Process,GO:0006063,uronic acid metabolic process,7/85,10/828,8.84651771300413e-06,0.000838649879192791,7,UGT1A4/UGT2B10/UGT1A9/UGT2B7/UGT1A6/UGT1A1/DCXR,Robust Supported
Factor1,Negative,GO_Biological_Process,GO:0019585,glucuronate metabolic process,7/85,10/828,8.84651771300413e-06,0.000838649879192791,7,UGT1A4/UGT2B10/UGT1A9/UGT2B7/UGT1A6/UGT1A1/DCXR,Robust Supported
Factor1,Negative,GO_Biological_Process,GO:1901615,organic hydroxy compound metabolic process,19/85,67/828,1.05628293969089e-05,0.000938771462650283,19,CYP1A1/CYP8B1/UGT1A4/AKR1C2/ACADL/ABCB11/SRD5A2/AKR1C4/APOF/TSKU/CYP7A1/RDH16/CYP1A2/SULT1B1/MOGAT2/DIO1/ADH4/SLC27A5/GPD1,Robust Supported
Factor1,Negative,GO_Biological_Process,GO:0044255,cellular lipid metabolic process,24/85,102/828,2.09009372346099e-05,0.00174830192633031,24,CYP1A1/UGT1A4/GSTA1/AKR1C2/ACADL/ABCB11/ETNK2/UGT1A9/CYP2A6/AKR1C4/CYP2A7/ENPP7/CYP7A1/ACSM5/CYP2B6/UGT1A6/UGT1A1/ABCC9/RDH16/CYP1A2/MOGAT2/ADH4/SLC27A5/GPD1,Robust Supported
Factor1,Negative,GO_Biological_Process,GO:0042221,response to chemical,45/85,275/828,5.87962109761694e-05,0.00464490066711738,45,CYP1A1/CYP8B1/BCHE/GBP7/STEAP2/GSTA1/AKR1C2/NUGGC/ABCB11/GSTA2/GLYAT/SRD5A2/SLC1A2/UGT1A9/ADRB2/NR1I2/MME/CYP2A6/AKR1C4/CYP2A7/CYP7A1/CXCL10/DSG1/ILDR2/CYP2B6/UGT2B7/UGT1A6/CCL16/UGT1A1/ABCC9/SP5/ABCB4/AQP9/SCN9A/GREM2/ALDH3A1/CYP1A2/SULT1B1/ADH4/AR/SLC17A3/TRIM16/UBXN10/PCOLCE2/GPD1,Robust Supported
Factor1,Negative,GO_Biological_Process,GO:0052695,cellular glucuronidation,6/85,9/828,6.46007034193709e-05,0.00475601704608616,6,UGT1A4/UGT2B10/UGT1A9/UGT2B7/UGT1A6/UGT1A1,Robust Supported
Factor1,Negative,GO_Biological_Process,GO:0044238,primary metabolic process,64/85,461/828,6.68919415764579e-05,0.00475601704608616,64,CYP1A1/CYP8B1/ALDH1L1/UGT1A4/BCHE/GSTA1/AKR1C2/ACADL/NUGGC/ABCB11/GLYAT/UGT2B10/SRD5A2/ETNK2/UGT1A9/PRODH2/ADRB2/FETUB/NR1I2/MME/CYP2A6/RBM24/AKR1C4/APOF/CYP2A7/TSKU/ENPP7/CYP7A1/CXCL10/ILDR2/ALDOC/MLIP/ACSM5/AADAT/CYP2B6/UGT2B7/UGT1A6/UGT1A1/TRIM55/ABCC9/DCXR/SP5/CDKN2A/RDH16/ABCB4/ALDH3A1/TTLL7/CYP1A2/SULT1B1/AASS/MOGAT2/DIO1/NR1I3/ADH4/AR/TRIM16/NECAB2/CYP17A1/UBXN10/AGXT2/SLC39A5/ARID3C/SLC27A5/GPD1,Robust Supported
Factor1,Negative,GO_Biological_Process,GO:0010817,regulation of hormone levels,18/85,72/828,0.000125805283999979,0.00851881494514142,18,CYP1A1/BCHE/AKR1C2/UGT2B10/SRD5A2/UGT1A9/MME/AKR1C4/ILDR2/UGT2B7/UGT1A1/RDH16/MYRIP/CYP1A2/SULT1B1/DIO1/ADH4/CYP17A1,Robust Supported
Factor1,Negative,GO_Biological_Process,GO:0045922,negative regulation of fatty acid metabolic process,6/85,10/828,0.000148231981978921,0.00958117628972846,6,UGT1A4/ACADL/UGT1A9/CYP7A1/UGT1A6/UGT1A1,Robust Supported
Factor1,Negative,GO_Biological_Process,GO:0120254,olefinic compound metabolic process,12/85,39/828,0.000246754876193198,0.0145631936742772,12,CYP1A1/GSTA1/AKR1C2/SRD5A2/CYP2A6/AKR1C4/CYP2A7/CYP2B6/RDH16/CYP1A2/ADH4/CYP17A1,Robust Supported
Factor1,Negative,GO_Biological_Process,GO:0044237,cellular metabolic process,61/85,444/828,0.000248537622424448,0.0145631936742772,61,CYP1A1/CYP8B1/ALDH1L1/UGT1A4/BCHE/GBP7/GSTA1/AKR1C2/ACADL/ABCB11/GSTA2/GLYAT/UGT2B10/SRD5A2/SLC1A2/ETNK2/UGT1A9/PRODH2/ADRB2/NR1I2/MME/CYP2A6/RBM24/AKR1C4/CYP2A7/TSKU/ENPP7/CYP7A1/CXCL10/ILDR2/ALDOC/MLIP/ACSM5/AADAT/CYP2B6/UGT2B7/UGT1A6/UGT1A1/ABCC9/DCXR/SP5/CDKN2A/TMEM150B/RDH16/ALDH3A1/CYP1A2/SULT1B1/AASS/MOGAT2/DIO1/NR1I3/ADH4/AR/TRIM16/NECAB2/CYP17A1/AGXT2/SLC39A5/ARID3C/SLC27A5/GPD1,Robust Supported
Factor1,Negative,GO_Biological_Process,GO:0044248,cellular catabolic process,21/85,96/828,0.000256033644062539,0.0145631936742772,21,CYP1A1/ALDH1L1/ACADL/ABCB11/PRODH2/ADRB2/NR1I2/MME/CYP2A6/ENPP7/AADAT/CYP2B6/UGT1A1/DCXR/CDKN2A/TMEM150B/CYP1A2/AASS/ADH4/AGXT2/GPD1,Robust Supported
Factor1,Negative,GO_Biological_Process,GO:0019748,secondary metabolic process,6/85,11/828,0.000299340820256447,0.0163716402463334,6,CYP1A1/AKR1C2/CYP2A6/AKR1C4/CYP2A7/CYP1A2,Robust Supported
Factor1,Negative,GO_Biological_Process,GO:0006066,alcohol metabolic process,13/85,48/828,0.000549267619791979,0.027911114235796,13,CYP1A1/UGT1A4/AKR1C2/ACADL/AKR1C4/APOF/TSKU/CYP7A1/RDH16/CYP1A2/SULT1B1/MOGAT2/ADH4,Robust Supported
Factor1,Negative,GO_Biological_Process,GO:0042178,xenobiotic catabolic process,6/85,12/828,0.000549585934319472,0.027911114235796,6,CYP1A1/NR1I2/CYP2A6/CYP2B6/UGT1A1/CYP1A2,Robust Supported
Factor1,Negative,GO_Biological_Process,GO:0019217,regulation of fatty acid metabolic process,7/85,17/828,0.000782292270402077,0.0380708111347141,7,UGT1A4/ACADL/ABCB11/UGT1A9/CYP7A1/UGT1A6/UGT1A1,Robust Supported
Factor1,Negative,GO_Biological_Process,GO:0014070,response to organic cyclic compound,16/85,69/828,0.000817623508764293,0.0380708111347141,16,CYP1A1/CYP8B1/BCHE/ABCB11/SRD5A2/SLC1A2/CYP7A1/CXCL10/DSG1/UGT1A1/ABCC9/SP5/ABCB4/AQP9/AR/GPD1,Robust Supported
Factor1,Negative,GO_Biological_Process,GO:0009056,catabolic process,29/85,165/828,0.000831348527227133,0.0380708111347141,29,CYP1A1/ALDH1L1/UGT1A4/BCHE/ACADL/ABCB11/SRD5A2/PRODH2/ADRB2/NR1I2/MME/CYP2A6/RBM24/ENPP7/CYP7A1/ALDOC/AADAT/CYP2B6/UGT1A1/DCXR/CDKN2A/TMEM150B/CYP1A2/SULT1B1/AASS/ADH4/UBXN10/AGXT2/GPD1,Robust Supported
Factor1,Negative,GO_Biological_Process,GO:0070887,cellular response to chemical stimulus,33/85,198/828,0.000864059684175378,0.0380708111347141,33,CYP1A1/BCHE/GSTA1/AKR1C2/NUGGC/ABCB11/GSTA2/GLYAT/SLC1A2/UGT1A9/ADRB2/NR1I2/CYP2A6/AKR1C4/CYP2A7/CYP7A1/CXCL10/CYP2B6/UGT2B7/UGT1A6/CCL16/UGT1A1/ABCC9/SP5/ABCB4/AQP9/ALDH3A1/CYP1A2/SULT1B1/ADH4/AR/TRIM16/GPD1,Robust Supported
Factor1,Negative,GO_Biological_Process,GO:0006699,bile acid biosynthetic process,5/85,9/828,0.000920775917672767,0.0380708111347141,5,CYP8B1/ABCB11/AKR1C4/CYP7A1/SLC27A5,Robust Supported
Factor1,Negative,GO_Biological_Process,GO:0015721,bile acid and bile salt transport,5/85,9/828,0.000920775917672767,0.0380708111347141,5,ABCB11/AKR1C4/CYP7A1/AQP9/SLC27A5,Robust Supported
Factor1,Negative,GO_Biological_Process,GO:0045833,negative regulation of lipid metabolic process,6/85,13/828,0.000937045281093525,0.0380708111347141,6,UGT1A4/ACADL/UGT1A9/CYP7A1/UGT1A6/UGT1A1,Robust Supported
Factor1,Negative,GO_Biological_Process,GO:0006778,porphyrin-containing compound metabolic process,4/85,6/828,0.00132636982925046,0.0523916082553931,4,CYP1A1/UGT1A4/UGT1A1/CYP1A2,Exploratory
Factor1,Negative,GO_Biological_Process,GO:0033559,unsaturated fatty acid metabolic process,8/85,24/828,0.00165976351337471,0.0621865503601044,8,CYP1A1/GSTA1/AKR1C2/CYP2A6/AKR1C4/CYP2A7/CYP2B6/CYP1A2,Exploratory
Factor1,Negative,GO_Biological_Process,GO:0008206,bile acid metabolic process,5/85,10/828,0.00169331985336661,0.0621865503601044,5,CYP8B1/ABCB11/AKR1C4/CYP7A1/SLC27A5,Exploratory
Factor1,Negative,GO_Biological_Process,GO:0010565,regulation of cellular ketone metabolic process,7/85,19/828,0.00170553830101552,0.0621865503601044,7,UGT1A4/ACADL/ABCB11/UGT1A9/CYP7A1/UGT1A6/UGT1A1,Exploratory
Factor1,Negative,GO_Biological_Process,GO:0044282,small molecule catabolic process,12/85,48/828,0.00200039644018308,0.0711140934485085,12,CYP1A1/ALDH1L1/ACADL/ABCB11/PRODH2/CYP7A1/AADAT/DCXR/SULT1B1/AASS/ADH4/AGXT2,Exploratory
Factor1,Negative,GO_Biological_Process,GO:0001676,long-chain fatty acid metabolic process,8/85,25/828,0.00223783859332129,0.0740048018535553,8,CYP1A1/GSTA1/ACADL/CYP2A6/CYP2A7/CYP2B6/CYP1A2/SLC27A5,Exploratory
Factor1,Negative,GO_Biological_Process,GO:0006690,icosanoid metabolic process,8/85,25/828,0.00223783859332129,0.0740048018535553,8,CYP1A1/GSTA1/AKR1C2/CYP2A6/AKR1C4/CYP2A7/CYP2B6/CYP1A2,Exploratory
Factor1,Negative,GO_Biological_Process,GO:0006694,steroid biosynthetic process,8/85,25/828,0.00223783859332129,0.0740048018535553,8,CYP1A1/CYP8B1/ABCB11/SRD5A2/AKR1C4/CYP7A1/CYP17A1/SLC27A5,Exploratory
Factor1,Negative,GO_Biological_Process,GO:0006396,RNA processing,4/85,7/828,0.00285274879482892,0.0863779996962315,4,RBM24/ILDR2/CDKN2A/SLC39A5,Exploratory
Factor1,Negative,GO_Biological_Process,GO:0033013,tetrapyrrole metabolic process,4/85,7/828,0.00285274879482892,0.0863779996962315,4,CYP1A1/UGT1A4/UGT1A1/CYP1A2,Exploratory
Factor1,Negative,GO_Biological_Process,GO:0045912,negative regulation of carbohydrate metabolic process,4/85,7/828,0.00285274879482892,0.0863779996962315,4,UGT1A4/UGT1A9/UGT1A6/UGT1A1,Exploratory
Factor1,Negative,GO_Biological_Process,GO:0019373,epoxygenase P450 pathway,5/85,11/828,0.00285496904762509,0.0863779996962315,5,CYP1A1/CYP2A6/CYP2A7/CYP2B6/CYP1A2,Exploratory
Factor1,Negative,GO_Biological_Process,GO:0006575,cellular modified amino acid metabolic process,8/85,26/828,0.00296373195855101,0.0878005592720737,8,ALDH1L1/GSTA1/ACADL/GSTA2/SLC1A2/SULT1B1/DIO1/AGXT2,Exploratory
Factor1,Negative,GO_Biological_Process,GO:0071407,cellular response to organic cyclic compound,10/85,38/828,0.00324623668112254,0.0923681909498607,10,CYP1A1/SLC1A2/CYP7A1/UGT1A1/ABCC9/SP5/ABCB4/AQP9/AR/GPD1,Exploratory
Factor1,Negative,GO_Biological_Process,GO:0001523,retinoid metabolic process,7/85,21/828,0.00331278321972074,0.0923681909498607,7,CYP1A1/UGT1A9/AKR1C4/UGT1A1/RDH16/CYP1A2/ADH4,Exploratory
Factor1,Negative,GO_Biological_Process,GO:0016101,diterpenoid metabolic process,7/85,21/828,0.00331278321972074,0.0923681909498607,7,CYP1A1/UGT1A9/AKR1C4/UGT1A1/RDH16/CYP1A2/ADH4,Exploratory
Factor1,Negative,GO_Biological_Process,GO:0062014,negative regulation of small molecule metabolic process,6/85,16/828,0.00338581650338943,0.0925890589965341,6,UGT1A4/ACADL/UGT1A9/CYP7A1/UGT1A6/UGT1A1,Exploratory
Factor1,Negative,GO_Biological_Process,GO:0034308,primary alcohol metabolic process,7/85,23/828,0.00588045271888211,0.157773655966988,7,CYP1A1/AKR1C2/AKR1C4/RDH16/CYP1A2/SULT1B1/ADH4,Exploratory
Factor1,Negative,GO_Biological_Process,GO:0008610,lipid biosynthetic process,14/85,69/828,0.00690903380122582,0.181937890098947,14,CYP1A1/CYP8B1/ACADL/ABCB11/SRD5A2/ETNK2/AKR1C4/ENPP7/CYP7A1/ACSM5/CYP1A2/MOGAT2/CYP17A1/SLC27A5,Exploratory
Factor1,Negative,GO_Biological_Process,GO:0006720,isoprenoid metabolic process,7/85,24/828,0.00761838356820872,0.193452525607014,7,CYP1A1/UGT1A9/AKR1C4/UGT1A1/RDH16/CYP1A2/ADH4,Exploratory
Factor1,Negative,GO_Biological_Process,GO:0006721,terpenoid metabolic process,7/85,24/828,0.00761838356820872,0.193452525607014,7,CYP1A1/UGT1A9/AKR1C4/UGT1A1/RDH16/CYP1A2/ADH4,Exploratory
Factor1,Negative,GO_Biological_Process,GO:0008209,androgen metabolic process,4/85,9/828,0.00873205348968833,0.210143874045603,4,SRD5A2/AKR1C4/UGT2B7/CYP17A1,Exploratory
Factor1,Negative,GO_Biological_Process,GO:0019218,regulation of steroid metabolic process,4/85,9/828,0.00873205348968833,0.210143874045603,4,ACADL/ABCB11/CYP7A1/UGT1A1,Exploratory
Factor1,Negative,GO_Biological_Process,GO:0008380,RNA splicing,3/85,5/828,0.0089768790347718,0.210143874045603,3,RBM24/ILDR2/SLC39A5,Exploratory
Factor1,Negative,GO_Biological_Process,GO:0042448,progesterone metabolic process,3/85,5/828,0.0089768790347718,0.210143874045603,3,AKR1C2/AKR1C4/CYP17A1,Exploratory
Factor1,Negative,GO_Biological_Process,GO:0072521,purine-containing compound metabolic process,11/85,50/828,0.00901461063064822,0.210143874045603,11,ALDH1L1/GLYAT/ALDOC/ACSM5/AADAT/ABCC9/DCXR/SULT1B1/AASS/SLC17A3/GPD1,Exploratory
Factor1,Negative,GO_Biological_Process,GO:0072330,monocarboxylic acid biosynthetic process,9/85,38/828,0.0110830412241548,0.254194913237873,9,CYP1A1/CYP8B1/ACADL/ABCB11/AKR1C4/CYP7A1/ACSM5/CYP1A2/SLC27A5,Exploratory
Factor1,Negative,GO_Biological_Process,GO:0019216,regulation of lipid metabolic process,8/85,32/828,0.0118665816949752,0.264015785927041,8,UGT1A4/ACADL/ABCB11/UGT1A9/ENPP7/CYP7A1/UGT1A6/UGT1A1,Exploratory
Factor1,Negative,GO_Biological_Process,GO:0006753,nucleoside phosphate metabolic process,10/85,45/828,0.0118825670178134,0.264015785927041,10,ALDH1L1/GLYAT/ALDOC/ACSM5/AADAT/ABCC9/DCXR/SULT1B1/AASS/GPD1,Exploratory
Factor1,Negative,GO_Biological_Process,GO:0009058,biosynthetic process,43/85,320/828,0.0122898922862243,0.268865028169399,43,CYP1A1/CYP8B1/ALDH1L1/BCHE/GBP7/GSTA1/ACADL/ABCB11/SRD5A2/SLC1A2/ETNK2/ADRB2/NR1I2/MME/RBM24/AKR1C4/TSKU/ENPP7/CYP7A1/CXCL10/ILDR2/ALDOC/MLIP/ACSM5/AADAT/ABCC9/DCXR/SP5/CDKN2A/CYP1A2/AASS/MOGAT2/DIO1/NR1I3/AR/TRIM16/NECAB2/CYP17A1/AGXT2/SLC39A5/ARID3C/SLC27A5/GPD1,Exploratory
Factor1,Negative,GO_Biological_Process,GO:1901700,response to oxygen-containing compound,22/85,136/828,0.0127355183909488,0.274392532604987,22,CYP1A1/CYP8B1/BCHE/AKR1C2/NUGGC/ABCB11/SRD5A2/SLC1A2/ADRB2/AKR1C4/CYP7A1/CXCL10/DSG1/ILDR2/UGT1A1/ABCC9/ABCB4/AQP9/ADH4/AR/TRIM16/GPD1,Exploratory
Factor1,Negative,GO_Biological_Process,GO:0008210,estrogen metabolic process,5/85,15/828,0.0132954806151975,0.276662312312605,5,CYP1A1/UGT2B10/UGT2B7/UGT1A1/CYP1A2,Exploratory
Factor1,Negative,GO_Biological_Process,GO:0043627,response to estrogen,4/85,10/828,0.0134245425805695,0.276662312312605,4,ABCB11/MME/ABCC9/AR,Exploratory
Factor1,Negative,GO_Biological_Process,GO:0046683,response to organophosphorus,4/85,10/828,0.0134245425805695,0.276662312312605,4,ABCC9/AQP9/TRIM16/GPD1,Exploratory
Factor1,Negative,GO_Biological_Process,GO:0046394,carboxylic acid biosynthetic process,11/85,53/828,0.0141451136989708,0.287347881141949,11,CYP1A1/CYP8B1/ACADL/ABCB11/AKR1C4/CYP7A1/ACSM5/CYP1A2/AASS/AGXT2/SLC27A5,Exploratory
Factor1,Negative,GO_Biological_Process,GO:0043603,amide metabolic process,10/85,47/828,0.016196799936657,0.299292988325277,10,BCHE/GSTA1/GSTA2/GLYAT/SLC1A2/MME/ENPP7/ACSM5/AADAT/AASS,Exploratory
Factor1,Negative,GO_Biological_Process,GO:0016053,organic acid biosynthetic process,11/85,54/828,0.0162744898084329,0.299292988325277,11,CYP1A1/CYP8B1/ACADL/ABCB11/AKR1C4/CYP7A1/ACSM5/CYP1A2/AASS/AGXT2/SLC27A5,Exploratory
Factor1,Negative,GO_Biological_Process,GO:0044283,small molecule biosynthetic process,14/85,76/828,0.0166103767542242,0.299292988325277,14,CYP1A1/CYP8B1/ACADL/ABCB11/SRD5A2/AKR1C4/CYP7A1/ALDOC/ACSM5/CYP1A2/AASS/AGXT2/SLC27A5/GPD1,Exploratory
Factor1,Negative,GO_Biological_Process,GO:0006692,prostanoid metabolic process,3/85,6/828,0.0166273882402932,0.299292988325277,3,GSTA1/AKR1C2/AKR1C4,Exploratory
Factor1,Negative,GO_Biological_Process,GO:0006693,prostaglandin metabolic process,3/85,6/828,0.0166273882402932,0.299292988325277,3,GSTA1/AKR1C2/AKR1C4,Exploratory
Factor1,Negative,GO_Biological_Process,GO:0009791,post-embryonic development,3/85,6/828,0.0166273882402932,0.299292988325277,3,ETNK2/SCN9A/CYP1A2,Exploratory
Factor1,Negative,GO_Biological_Process,GO:0042440,pigment metabolic process,3/85,6/828,0.0166273882402932,0.299292988325277,3,UGT1A4/UGT1A9/UGT1A1,Exploratory
Factor1,Negative,GO_Biological_Process,GO:0098659,inorganic cation import across plasma membrane,3/85,6/828,0.0166273882402932,0.299292988325277,3,STEAP2/ABCC9/SLC39A5,Exploratory
Factor1,Negative,GO_Biological_Process,GO:0099587,inorganic ion import across plasma membrane,3/85,6/828,0.0166273882402932,0.299292988325277,3,STEAP2/ABCC9/SLC39A5,Exploratory
Factor1,Negative,GO_Biological_Process,GO:0016054,organic acid catabolic process,8/85,34/828,0.0172333796371415,0.302541553629818,8,ALDH1L1/ACADL/ABCB11/PRODH2/AADAT/DCXR/AASS/AGXT2,Exploratory
Factor1,Negative,GO_Biological_Process,GO:0046395,carboxylic acid catabolic process,8/85,34/828,0.0172333796371415,0.302541553629818,8,ALDH1L1/ACADL/ABCB11/PRODH2/AADAT/DCXR/AASS/AGXT2,Exploratory
Factor1,Negative,GO_Biological_Process,GO:0019369,arachidonate metabolic process,5/85,16/828,0.0177998733932921,0.304956867051343,5,CYP1A1/CYP2A6/CYP2A7/CYP2B6/CYP1A2,Exploratory
Factor1,Negative,GO_Biological_Process,GO:0098739,import across plasma membrane,5/85,16/828,0.0177998733932921,0.304956867051343,5,STEAP2/SLC1A2/ABCC9/SLC39A5/SLC27A5,Exploratory
Factor1,Negative,GO_Biological_Process,GO:0055086,nucleobase-containing small molecule metabolic process,10/85,48/828,0.0187494099729058,0.317400725969906,10,ALDH1L1/GLYAT/ALDOC/ACSM5/AADAT/ABCC9/DCXR/SULT1B1/AASS/GPD1,Exploratory
Factor1,Negative,GO_Biological_Process,GO:0018958,phenol-containing compound metabolic process,4/85,11/828,0.0194642988851091,0.325626270760296,4,CYP1A1/SULT1B1/DIO1/GPD1,Exploratory
Factor1,Negative,GO_Biological_Process,GO:0016125,sterol metabolic process,6/85,23/828,0.0235897480822732,0.38557036520681,6,CYP8B1/ACADL/APOF/TSKU/CYP7A1/CYP1A2,Exploratory
Factor1,Negative,GO_Biological_Process,GO:1902652,secondary alcohol metabolic process,6/85,23/828,0.0235897480822732,0.38557036520681,6,UGT1A4/ACADL/APOF/TSKU/CYP7A1/CYP1A2,Exploratory
Factor1,Negative,GO_Biological_Process,GO:0015850,organic hydroxy compound transport,7/85,30/828,0.0268123892417429,0.416682598329178,7,ABCB11/AKR1C4/TSKU/CYP7A1/ABCB4/AQP9/SLC27A5,Exploratory
Factor1,Negative,GO_Biological_Process,GO:0006749,glutathione metabolic process,3/85,7/828,0.0269583678243913,0.416682598329178,3,GSTA1/GSTA2/SLC1A2,Exploratory
Factor1,Negative,GO_Biological_Process,GO:0042537,benzene-containing compound metabolic process,3/85,7/828,0.0269583678243913,0.416682598329178,3,SRD5A2/AADAT/UGT1A1,Exploratory
Factor1,Negative,GO_Biological_Process,GO:0042908,xenobiotic transport,3/85,7/828,0.0269583678243913,0.416682598329178,3,ABCB11/NR1I2/SLC17A3,Exploratory
Factor1,Negative,GO_Biological_Process,GO:0046164,alcohol catabolic process,3/85,7/828,0.0269583678243913,0.416682598329178,3,CYP7A1/SULT1B1/ADH4,Exploratory
Factor1,Negative,GO_Biological_Process,GO:0006790,sulfur compound metabolic process,8/85,37/828,0.028294013880862,0.432624599339632,8,GSTA1/GSTA2/GLYAT/SLC1A2/ACSM5/AADAT/SULT1B1/AASS,Exploratory
Factor1,Negative,GO_Biological_Process,GO:1901617,organic hydroxy compound biosynthetic process,6/85,25/828,0.034977552631055,0.529128508950641,6,CYP8B1/ABCB11/SRD5A2/AKR1C4/CYP7A1/SLC27A5,Exploratory
Factor1,Negative,GO_Biological_Process,GO:0042446,hormone biosynthetic process,3/85,8/828,0.0399771637777506,0.588421248996483,3,SRD5A2/DIO1/CYP17A1,Exploratory
Factor1,Negative,GO_Biological_Process,GO:0045333,cellular respiration,3/85,8/828,0.0399771637777506,0.588421248996483,3,ABCC9/CYP1A2/GPD1,Exploratory
Factor1,Negative,GO_Biological_Process,GO:0019637,organophosphate metabolic process,12/85,69/828,0.0401384396291553,0.588421248996483,12,ALDH1L1/GLYAT/ETNK2/ENPP7/ALDOC/ACSM5/AADAT/ABCC9/DCXR/SULT1B1/AASS/GPD1,Exploratory
Factor1,Negative,GO_Biological_Process,GO:0062012,regulation of small molecule metabolic process,8/85,40/828,0.0435456013383937,0.631855562277509,8,UGT1A4/ACADL/ABCB11/UGT1A9/CYP7A1/UGT1A6/UGT1A1/GPD1,Exploratory
Factor1,Negative,GO_Biological_Process,GO:0033993,response to lipid,14/85,86/828,0.0455170238290458,0.647568146898364,14,CYP1A1/CYP8B1/BCHE/AKR1C2/NUGGC/SRD5A2/AKR1C4/CYP7A1/CXCL10/DSG1/UGT1A1/ABCB4/AR/TRIM16,Exploratory
Factor1,Negative,GO_Biological_Process,GO:0006637,acyl-CoA metabolic process,4/85,14/828,0.0464500358534691,0.647568146898364,4,GLYAT/ACSM5/AADAT/AASS,Exploratory
Factor1,Negative,GO_Biological_Process,GO:0019395,fatty acid oxidation,4/85,14/828,0.0464500358534691,0.647568146898364,4,ACADL/ABCB11/ABCC9/ADH4,Exploratory
Factor1,Negative,GO_Biological_Process,GO:0035383,thioester metabolic process,4/85,14/828,0.0464500358534691,0.647568146898364,4,GLYAT/ACSM5/AADAT/AASS,Exploratory
Factor1,Negative,KEGG_Pathway,hsa00980,Metabolism of xenobiotics by cytochrome P450,15/63,31/493,4.8589958525629e-07,3.02953829929327e-05,15,CYP1A1/UGT1A4/GSTA1/GSTA2/UGT2B10/UGT1A9/CYP2A6/CYP2A7/CYP2B6/UGT2B7/UGT1A6/UGT1A1/ALDH3A1/CYP1A2/ADH4,Robust Supported
Factor1,Negative,KEGG_Pathway,hsa05207,Chemical carcinogenesis - receptor activation,14/63,28/493,7.60835550538976e-07,3.02953829929327e-05,14,CYP1A1/UGT1A4/GSTA1/GSTA2/UGT2B10/UGT1A9/ADRB2/CYP2B6/UGT2B7/UGT1A6/UGT1A1/CYP1A2/NR1I3/AR,Robust Supported
Factor1,Negative,KEGG_Pathway,hsa01100,Metabolic pathways,37/63,153/493,9.74338456074619e-07,3.02953829929327e-05,37,CYP1A1/CYP8B1/ALDH1L1/UGT1A4/GSTA1/AKR1C2/ACADL/GSTA2/UGT2B10/SRD5A2/ETNK2/UGT1A9/PRODH2/CYP2A6/AKR1C4/CYP2A7/ENPP7/CYP7A1/ALDOC/ACSM5/AADAT/CYP2B6/UGT2B7/UGT1A6/UGT1A1/DCXR/RDH16/ALDH3A1/CYP1A2/AASS/MOGAT2/ADH4/CYP17A1/ETNPPL/AGXT2/SLC27A5/GPD1,Robust Supported
Factor1,Negative,KEGG_Pathway,hsa00140,Steroid hormone biosynthesis,13/63,25/493,1.14322199973331e-06,3.02953829929327e-05,13,CYP1A1/UGT1A4/AKR1C2/UGT2B10/SRD5A2/UGT1A9/AKR1C4/CYP7A1/UGT2B7/UGT1A6/UGT1A1/CYP1A2/CYP17A1,Robust Supported
Factor1,Negative,KEGG_Pathway,hsa05204,Chemical carcinogenesis - DNA adducts,13/63,27/493,3.5848483872528e-06,6.53045336982358e-05,13,CYP1A1/UGT1A4/GSTA1/AKR1C2/GSTA2/UGT2B10/UGT1A9/CYP2A6/CYP2A7/UGT2B7/UGT1A6/UGT1A1/CYP1A2,Robust Supported
Factor1,Negative,KEGG_Pathway,hsa00982,Drug metabolism - cytochrome P450,14/63,31/493,3.69648303952278e-06,6.53045336982358e-05,14,UGT1A4/GSTA1/GSTA2/UGT2B10/UGT1A9/CYP2A6/CYP2A7/CYP2B6/UGT2B7/UGT1A6/UGT1A1/ALDH3A1/CYP1A2/ADH4,Robust Supported
Factor1,Negative,KEGG_Pathway,hsa00830,Retinol metabolism,13/63,28/493,6.03232617907147e-06,9.13466535687965e-05,13,CYP1A1/UGT1A4/UGT2B10/UGT1A9/CYP2A6/CYP2A7/CYP2B6/UGT2B7/UGT1A6/UGT1A1/RDH16/CYP1A2/ADH4,Robust Supported
Factor1,Negative,KEGG_Pathway,hsa00983,Drug metabolism - other enzymes,10/63,20/493,3.8545973467416e-05,0.000510734148443262,10,UGT1A4/GSTA1/GSTA2/UGT2B10/UGT1A9/CYP2A6/CYP2A7/UGT2B7/UGT1A6/UGT1A1,Robust Supported
Factor1,Negative,KEGG_Pathway,hsa04976,Bile secretion,11/63,25/493,6.75060421345056e-05,0.00079507116291751,11,UGT1A4/ABCB11/UGT2B10/UGT1A9/CYP7A1/UGT2B7/UGT1A6/UGT1A1/ABCB4/AQP9/SLC27A5,Robust Supported
Factor1,Negative,KEGG_Pathway,hsa00040,Pentose and glucuronate interconversions,7/63,12/493,0.000191418159415242,0.00202903248980157,7,UGT1A4/UGT2B10/UGT1A9/UGT2B7/UGT1A6/UGT1A1/DCXR,Robust Supported
Factor1,Negative,KEGG_Pathway,hsa00860,Porphyrin metabolism,6/63,9/493,0.000214930760252881,0.00207115096243686,6,UGT1A4/UGT2B10/UGT1A9/UGT2B7/UGT1A6/UGT1A1,Robust Supported
Factor1,Negative,KEGG_Pathway,hsa00053,Ascorbate and aldarate metabolism,6/63,10/493,0.000483521268133521,0.00427110453517943,6,UGT1A4/UGT2B10/UGT1A9/UGT2B7/UGT1A6/UGT1A1,Robust Supported
Factor1,Negative,KEGG_Pathway,hsa05208,Chemical carcinogenesis - reactive oxygen species,6/63,13/493,0.00288056358931284,0.0234876723436278,6,CYP1A1/GSTA1/AKR1C2/GSTA2/AKR1C4/CYP1A2,Robust Supported
Factor1,Negative,KEGG_Pathway,hsa00120,Primary bile acid biosynthesis,4/63,7/493,0.00632902328969996,0.0479197477648711,4,CYP8B1/AKR1C4/CYP7A1/SLC27A5,Exploratory
Factor1,Negative,KEGG_Pathway,hsa01240,Biosynthesis of cofactors,6/63,16/493,0.00981006095798885,0.0693244307697879,6,UGT1A4/UGT2B10/UGT1A9/UGT2B7/UGT1A6/UGT1A1,Exploratory
Factor1,Negative,KEGG_Pathway,hsa00232,Caffeine metabolism,3/63,5/493,0.0165090851829742,0.109372689337204,3,CYP2A6/CYP2A7/CYP1A2,Exploratory
Factor1,Negative,KEGG_Pathway,hsa01524,Platinum drug resistance,3/63,6/493,0.0300177776680547,0.176771357378545,3,GSTA1/GSTA2/CDKN2A,Exploratory
Factor1,Negative,KEGG_Pathway,hsa02010,ABC transporters,3/63,6/493,0.0300177776680547,0.176771357378545,3,ABCB11/ABCC9/ABCB4,Exploratory
Factor1,Negative,KEGG_Pathway,hsa00380,Tryptophan metabolism,3/63,7/493,0.0477843434518209,0.253257020294651,3,CYP1A1/AADAT/CYP1A2,Exploratory
Factor1,Negative,KEGG_Pathway,hsa00564,Glycerophospholipid metabolism,3/63,7/493,0.0477843434518209,0.253257020294651,3,ETNK2/ETNPPL/GPD1,Exploratory
Factor2,Positive,GO_Biological_Process,GO:0006082,organic acid metabolic process,46/91,132/828,1.02561461871177e-16,9.90855447394752e-14,46,CYP3A4/CYP1A2/CYP8B1/GLYAT/CYP2A6/TAT/HPD/ADH4/PCK1/CYP2A7/UGT1A4/ADH1B/ADH1C/CYP2C8/SULT2A1/CYP4F2/SLC27A5/CYP1A1/ACSM2A/CPS1/ABCB11/APOA5/BHMT/GLYATL1/CYP2C9/HAO2/CYP4A22/ACSM5/CYP7A1/APOC3/CYP4A11/UGT2B10/ALDOB/CYP2E1/SRD5A2/GNMT/AKR1D1/ALDH1L1/MFSD2A/ACADL/FMO3/SDS/UGT2B15/AGXT/UGT2B7/CTH,Robust Supported
Factor2,Positive,GO_Biological_Process,GO:0006629,lipid metabolic process,48/91,145/828,1.67246856959423e-16,9.90855447394752e-14,48,CYP3A4/CYP1A2/CYP8B1/CYP2A6/ADH4/PCK1/CYP2A7/HSD11B1/THRSP/MOGAT2/UGT1A4/ADH1B/ADH1C/CYP2C8/SULT2A1/CYP4F2/SLC27A5/CYP1A1/ACSM2A/CPS1/ABCB11/APOA5/RDH16/HSD17B6/HSD17B13/CYP2C9/APOF/HAO2/CYP4A22/ACSM5/CYP7A1/NR1I2/APOC3/CYP4A11/UGT2B10/G6PC1/CYP2E1/SRD5A2/ESR1/AKR1D1/MFSD2A/ACADL/SDS/UGT2B15/ABCA8/UGT2B7/CTH/GBA3,Robust Supported
Factor2,Positive,GO_Biological_Process,GO:0019752,carboxylic acid metabolic process,45/91,129/828,2.67034483482516e-16,9.90855447394752e-14,45,CYP3A4/CYP1A2/CYP8B1/GLYAT/CYP2A6/TAT/HPD/ADH4/PCK1/CYP2A7/UGT1A4/ADH1B/ADH1C/CYP2C8/SULT2A1/CYP4F2/SLC27A5/CYP1A1/ACSM2A/CPS1/ABCB11/APOA5/BHMT/GLYATL1/CYP2C9/HAO2/CYP4A22/ACSM5/CYP7A1/APOC3/CYP4A11/UGT2B10/ALDOB/CYP2E1/SRD5A2/GNMT/AKR1D1/ALDH1L1/MFSD2A/ACADL/SDS/UGT2B15/AGXT/UGT2B7/CTH,Robust Supported
Factor2,Positive,GO_Biological_Process,GO:0044281,small molecule metabolic process,54/91,185/828,3.30183816686888e-16,9.90855447394752e-14,54,CYP3A4/CYP1A2/CYP8B1/GLYAT/CYP2A6/TAT/HPD/ADH4/PCK1/CYP2A7/MOGAT2/UGT1A4/ADH1B/ADH1C/ASPDH/CYP2C8/SULT2A1/CYP4F2/SLC27A5/CYP1A1/ACSM2A/CPS1/ABCB11/APOA5/RDH16/BHMT/HSD17B6/GLYATL1/CYP2C9/APOF/HAO2/CYP4A22/ACSM5/CYP7A1/APOC3/CYP4A11/UGT2B10/G6PC1/ALDOB/CYP2E1/SRD5A2/GNMT/AKR1D1/ALDH1L1/MFSD2A/ACADL/DPYS/FMO3/SDS/UGT2B15/AGXT/CA5A/UGT2B7/CTH,Robust Supported
Factor2,Positive,GO_Biological_Process,GO:0043436,oxoacid metabolic process,45/91,130/828,3.82274478161556e-16,9.90855447394752e-14,45,CYP3A4/CYP1A2/CYP8B1/GLYAT/CYP2A6/TAT/HPD/ADH4/PCK1/CYP2A7/UGT1A4/ADH1B/ADH1C/CYP2C8/SULT2A1/CYP4F2/SLC27A5/CYP1A1/ACSM2A/CPS1/ABCB11/APOA5/BHMT/GLYATL1/CYP2C9/HAO2/CYP4A22/ACSM5/CYP7A1/APOC3/CYP4A11/UGT2B10/ALDOB/CYP2E1/SRD5A2/GNMT/AKR1D1/ALDH1L1/MFSD2A/ACADL/SDS/UGT2B15/AGXT/UGT2B7/CTH,Robust Supported
Factor2,Positive,GO_Biological_Process,GO:0032787,monocarboxylic acid metabolic process,36/91,103/828,1.1360597241275e-12,2.4538890041154e-10,36,CYP3A4/CYP1A2/CYP8B1/GLYAT/CYP2A6/ADH4/PCK1/CYP2A7/UGT1A4/ADH1B/ADH1C/CYP2C8/SULT2A1/CYP4F2/SLC27A5/CYP1A1/ACSM2A/ABCB11/APOA5/CYP2C9/HAO2/CYP4A22/ACSM5/CYP7A1/APOC3/CYP4A11/UGT2B10/ALDOB/CYP2E1/AKR1D1/MFSD2A/ACADL/SDS/UGT2B15/AGXT/UGT2B7,Robust Supported
Factor2,Positive,GO_Biological_Process,GO:0008202,steroid metabolic process,27/91,62/828,4.27354154583437e-12,7.91215691914477e-10,27,CYP3A4/CYP1A2/CYP8B1/CYP2A6/HSD11B1/UGT1A4/CYP2C8/SULT2A1/SLC27A5/CYP1A1/ABCB11/APOA5/RDH16/HSD17B6/CYP2C9/APOF/CYP7A1/NR1I2/UGT2B10/G6PC1/CYP2E1/SRD5A2/ESR1/AKR1D1/ACADL/UGT2B15/UGT2B7,Robust Supported
Factor2,Positive,GO_Biological_Process,GO:0044255,cellular lipid metabolic process,34/91,102/828,3.17565803135431e-11,4.62360319833391e-09,34,CYP3A4/CYP1A2/CYP2A6/ADH4/PCK1/CYP2A7/THRSP/MOGAT2/UGT1A4/ADH1B/ADH1C/CYP2C8/CYP4F2/SLC27A5/CYP1A1/ACSM2A/CPS1/ABCB11/APOA5/RDH16/HSD17B6/CYP2C9/HAO2/CYP4A22/ACSM5/CYP7A1/APOC3/CYP4A11/G6PC1/CYP2E1/MFSD2A/ACADL/ABCA8/GBA3,Robust Supported
Factor2,Positive,GO_Biological_Process,GO:0044283,small molecule biosynthetic process,29/91,76/828,3.21083555439855e-11,4.62360319833391e-09,29,CYP3A4/CYP1A2/CYP8B1/PCK1/CYP2C8/SLC27A5/CYP1A1/ACSM2A/CPS1/ABCB11/APOA5/BHMT/CYP2C9/CYP4A22/ACSM5/CYP7A1/APOC3/CYP4A11/G6PC1/ALDOB/CYP2E1/SRD5A2/GNMT/AKR1D1/ACADL/FMO3/SDS/AGXT/CTH,Robust Supported
Factor2,Positive,GO_Biological_Process,GO:0016053,organic acid biosynthetic process,24/91,54/828,5.31601491718075e-11,6.88955533266625e-09,24,CYP3A4/CYP1A2/CYP8B1/CYP2C8/SLC27A5/CYP1A1/ACSM2A/CPS1/ABCB11/APOA5/BHMT/CYP2C9/CYP4A22/ACSM5/CYP7A1/APOC3/CYP4A11/CYP2E1/AKR1D1/ACADL/FMO3/SDS/AGXT/CTH,Robust Supported
Factor2,Positive,GO_Biological_Process,GO:0046394,carboxylic acid biosynthetic process,23/91,53/828,2.71209118625613e-10,3.18648979869027e-08,23,CYP3A4/CYP1A2/CYP8B1/CYP2C8/SLC27A5/CYP1A1/ACSM2A/CPS1/ABCB11/APOA5/BHMT/CYP2C9/CYP4A22/ACSM5/CYP7A1/APOC3/CYP4A11/CYP2E1/AKR1D1/ACADL/SDS/AGXT/CTH,Robust Supported
Factor2,Positive,GO_Biological_Process,GO:1901615,organic hydroxy compound metabolic process,26/91,67/828,2.95045351730581e-10,3.18648979869027e-08,26,CYP3A4/CYP1A2/CYP8B1/ADH4/PCK1/MOGAT2/UGT1A4/ADH1B/ADH1C/CYP2C8/SULT2A1/CYP4F2/SLC27A5/CYP1A1/ABCB11/APOA5/RDH16/HSD17B6/CYP2C9/APOF/CYP7A1/CYP4A11/CYP2E1/SRD5A2/AKR1D1/ACADL,Robust Supported
Factor2,Positive,GO_Biological_Process,GO:0006631,fatty acid metabolic process,24/91,58/828,3.44357027081146e-10,3.4329746699782e-08,24,CYP3A4/CYP1A2/CYP2A6/ADH4/PCK1/CYP2A7/UGT1A4/CYP2C8/CYP4F2/SLC27A5/CYP1A1/ACSM2A/ABCB11/APOA5/CYP2C9/HAO2/CYP4A22/ACSM5/CYP7A1/APOC3/CYP4A11/CYP2E1/MFSD2A/ACADL,Robust Supported
Factor2,Positive,GO_Biological_Process,GO:0016042,lipid catabolic process,19/91,42/828,5.62316140275263e-09,5.20544084140529e-07,19,CYP3A4/CYP1A2/PCK1/HSD11B1/SULT2A1/CYP4F2/CPS1/ABCB11/APOA5/HSD17B6/HAO2/CYP7A1/APOC3/CYP4A11/SRD5A2/AKR1D1/MFSD2A/ACADL/GBA3,Robust Supported
Factor2,Positive,GO_Biological_Process,GO:0044282,small molecule catabolic process,20/91,48/828,1.22333678605988e-08,1.05696298315574e-06,20,CYP3A4/TAT/HPD/ADH4/PCK1/SULT2A1/CYP4F2/CYP1A1/ABCB11/HSD17B6/HAO2/CYP7A1/CYP4A11/ALDOB/AKR1D1/ALDH1L1/MFSD2A/ACADL/SDS/AGXT,Robust Supported
Factor2,Positive,GO_Biological_Process,GO:0044248,cellular catabolic process,29/91,96/828,2.26187889838911e-08,1.81132798253535e-06,29,CYP3A4/CYP1A2/CYP2A6/TAT/HPD/ADH4/PCK1/CYP2C8/SULT2A1/CYP4F2/CYP1A1/CPS1/ABCB11/APOA5/HSD17B6/CYP2C9/HAO2/NR1I2/APOC3/CYP4A11/HP/AKR1D1/ALDH1L1/MFSD2A/ACADL/ADRA1A/SDS/AGXT/GBA3,Robust Supported
Factor2,Positive,GO_Biological_Process,GO:0008610,lipid biosynthetic process,24/91,69/828,2.37597034746149e-08,1.81132798253535e-06,24,CYP3A4/CYP1A2/CYP8B1/PCK1/THRSP/MOGAT2/CYP2C8/SLC27A5/CYP1A1/ACSM2A/ABCB11/APOA5/HSD17B6/HSD17B13/CYP2C9/ACSM5/CYP7A1/APOC3/CYP2E1/SRD5A2/AKR1D1/MFSD2A/ACADL/ABCA8,Robust Supported
Factor2,Positive,GO_Biological_Process,GO:0006805,xenobiotic metabolic process,17/91,37/828,3.08204740750699e-08,2.21907413340503e-06,17,CYP3A4/CYP1A2/GLYAT/CYP2A6/SLC22A1/CYP2A7/CYP2C8/SULT2A1/CYP4F2/CYP1A1/ABCB11/NAT2/CYP2C9/NR1I2/CYP2E1/UGT2B15/UGT2B7,Robust Supported
Factor2,Positive,GO_Biological_Process,GO:0072330,monocarboxylic acid biosynthetic process,17/91,38/828,5.0882759060903e-08,3.4707397759437e-06,17,CYP3A4/CYP1A2/CYP8B1/CYP2C8/SLC27A5/CYP1A1/ACSM2A/ABCB11/APOA5/CYP2C9/ACSM5/CYP7A1/APOC3/CYP2E1/AKR1D1/ACADL/SDS,Robust Supported
Factor2,Positive,GO_Biological_Process,GO:0009410,response to xenobiotic stimulus,22/91,62/828,6.97852500929832e-08,4.52208420602531e-06,22,CYP3A4/CYP1A2/GLYAT/CYP2A6/SLC10A1/SLC22A1/CYP2A7/CYP2C8/SULT2A1/SLC1A2/CYP4F2/CYP1A1/CPS1/ABCB11/NAT2/CYP2C9/NR1I2/CYP2E1/SRD5A2/ADRA1A/UGT2B15/UGT2B7,Robust Supported
Factor2,Positive,GO_Biological_Process,GO:0019373,epoxygenase P450 pathway,9/91,11/828,7.39539204824846e-08,4.56401337834762e-06,9,CYP1A2/CYP2A6/CYP2A7/CYP2C8/CYP4F2/CYP1A1/CYP2C9/CYP4A11/CYP2E1,Robust Supported
Factor2,Positive,GO_Biological_Process,GO:0120254,olefinic compound metabolic process,17/91,39/828,8.22898160168609e-08,4.75508842080493e-06,17,CYP3A4/CYP1A2/CYP2A6/ADH4/CYP2A7/ADH1B/ADH1C/CYP2C8/CYP4F2/CYP1A1/RDH16/HSD17B6/CYP2C9/CYP4A22/CYP4A11/CYP2E1/SRD5A2,Robust Supported
Factor2,Positive,GO_Biological_Process,GO:0006066,alcohol metabolic process,19/91,48/828,8.43881432704579e-08,4.75508842080493e-06,19,CYP3A4/CYP1A2/ADH4/PCK1/MOGAT2/UGT1A4/ADH1B/ADH1C/CYP2C8/SULT2A1/CYP1A1/APOA5/RDH16/HSD17B6/CYP2C9/APOF/CYP7A1/AKR1D1/ACADL,Robust Supported
Factor2,Positive,GO_Biological_Process,GO:0071466,cellular response to xenobiotic stimulus,18/91,44/828,1.07156737086906e-07,5.7864638026929e-06,18,CYP3A4/CYP1A2/GLYAT/CYP2A6/SLC10A1/SLC22A1/CYP2A7/CYP2C8/SULT2A1/CYP4F2/CYP1A1/ABCB11/NAT2/CYP2C9/NR1I2/CYP2E1/UGT2B15/UGT2B7,Robust Supported
Factor2,Positive,GO_Biological_Process,GO:0001676,long-chain fatty acid metabolic process,13/91,25/828,2.58801751444373e-07,1.34162827948763e-05,13,CYP3A4/CYP1A2/CYP2A6/CYP2A7/CYP2C8/CYP4F2/SLC27A5/CYP1A1/CYP2C9/CYP4A22/CYP4A11/CYP2E1/ACADL,Robust Supported
Factor2,Positive,GO_Biological_Process,GO:0019369,arachidonate metabolic process,10/91,16/828,7.39090592850157e-07,3.54763484568075e-05,10,CYP1A2/CYP2A6/CYP2A7/CYP2C8/CYP4F2/CYP1A1/CYP2C9/CYP4A22/CYP4A11/CYP2E1,Robust Supported
Factor2,Positive,GO_Biological_Process,GO:0072329,monocarboxylic acid catabolic process,10/91,16/828,7.39090592850157e-07,3.54763484568075e-05,10,PCK1/SULT2A1/CYP4F2/ABCB11/HAO2/CYP4A11/AKR1D1/MFSD2A/ACADL/AGXT,Robust Supported
Factor2,Positive,GO_Biological_Process,GO:0009056,catabolic process,37/91,165/828,1.03530778597227e-06,4.79199603792879e-05,37,CYP3A4/CYP1A2/CYP2A6/TAT/HPD/ADH4/PCK1/HSD11B1/UGT1A4/CYP2C8/SULT2A1/CYP4F2/CYP1A1/CPS1/ABCB11/APOA5/BHMT/HSD17B6/CYP2C9/HAO2/CYP7A1/NR1I2/APOC3/CYP4A11/HP/G6PC1/ALDOB/SRD5A2/AKR1D1/ALDH1L1/MFSD2A/ACADL/DPYS/ADRA1A/SDS/AGXT/GBA3,Robust Supported
Factor2,Positive,GO_Biological_Process,GO:0044237,cellular metabolic process,70/91,444/828,1.08721872891236e-06,4.85874300920832e-05,70,CYP3A4/CYP1A2/CYP8B1/GLYAT/CYP2A6/TAT/HPD/ADH4/SLC22A1/PCK1/CYP2A7/THRSP/MOGAT2/UGT1A4/ADH1B/ADH1C/ASPDH/CYP2C8/SULT2A1/SLC1A2/CYP4F2/SLC27A5/F9/CYP1A1/ACSM2A/CPS1/ABCB11/APOA5/NAT2/RDH16/HRG/BHMT/HSD17B6/GLYATL1/CYP2C9/HAO2/CYP4A22/ACSM5/CYP7A1/NR1I2/APOC3/CYP4A11/GCGR/UGT2B10/HP/G6PC1/ALDOB/CYP2E1/SRD5A2/GNMT/AR/ESR1/AKR1D1/ALDH1L1/MFSD2A/ACADL/DPYS/FMO3/ADRA1A/AKR7A3/GFRA1/NR1I3/SDS/UGT2B15/AGXT/ABCA8/CA5A/UGT2B7/CTH/GBA3,Robust Supported
Factor2,Positive,GO_Biological_Process,GO:0006641,triglyceride metabolic process,9/91,14/828,2.0276792430187e-06,8.75957432984078e-05,9,PCK1/THRSP/MOGAT2/SLC27A5/CPS1/APOA5/APOC3/G6PC1/MFSD2A,Robust Supported
Factor2,Positive,GO_Biological_Process,GO:0006633,fatty acid biosynthetic process,12/91,25/828,2.41848370079519e-06,0.000101108221813889,12,CYP3A4/CYP1A2/CYP2C8/CYP1A1/ACSM2A/APOA5/CYP2C9/ACSM5/CYP7A1/APOC3/CYP2E1/ACADL,Robust Supported
Factor2,Positive,GO_Biological_Process,GO:0016054,organic acid catabolic process,14/91,34/828,3.1621065274187e-06,0.000124184547258625,14,TAT/HPD/PCK1/SULT2A1/CYP4F2/ABCB11/HAO2/CYP4A11/AKR1D1/ALDH1L1/MFSD2A/ACADL/SDS/AGXT,Robust Supported
Factor2,Positive,GO_Biological_Process,GO:0046395,carboxylic acid catabolic process,14/91,34/828,3.1621065274187e-06,0.000124184547258625,14,TAT/HPD/PCK1/SULT2A1/CYP4F2/ABCB11/HAO2/CYP4A11/AKR1D1/ALDH1L1/MFSD2A/ACADL/SDS/AGXT,Robust Supported
Factor2,Positive,GO_Biological_Process,GO:0042445,hormone metabolic process,17/91,49/828,4.16856729822392e-06,0.000158895977014653,17,CYP3A4/CYP1A2/ADH4/ADH1B/ADH1C/CYP2C8/SULT2A1/CYP1A1/RDH16/HSD17B6/CYP2C9/UGT2B10/SRD5A2/ESR1/AKR1D1/UGT2B15/UGT2B7,Robust Supported
Factor2,Positive,GO_Biological_Process,GO:0006638,neutral lipid metabolic process,9/91,15/828,4.61227440565116e-06,0.000166041878603442,9,PCK1/THRSP/MOGAT2/SLC27A5/CPS1/APOA5/APOC3/G6PC1/MFSD2A,Robust Supported
Factor2,Positive,GO_Biological_Process,GO:0006639,acylglycerol metabolic process,9/91,15/828,4.61227440565116e-06,0.000166041878603442,9,PCK1/THRSP/MOGAT2/SLC27A5/CPS1/APOA5/APOC3/G6PC1/MFSD2A,Robust Supported
Factor2,Positive,GO_Biological_Process,GO:1901616,organic hydroxy compound catabolic process,8/91,12/828,5.44786292060362e-06,0.000190822441759522,8,CYP3A4/ADH4/SULT2A1/CYP4F2/HSD17B6/CYP7A1/CYP4A11/AKR1D1,Robust Supported
Factor2,Positive,GO_Biological_Process,GO:0042572,retinol metabolic process,9/91,16/828,9.59208216496674e-06,0.000321520490172955,9,CYP3A4/CYP1A2/ADH4/ADH1B/ADH1C/CYP2C8/CYP1A1/RDH16/HSD17B6,Robust Supported
Factor2,Positive,GO_Biological_Process,GO:0097267,omega-hydroxylase P450 pathway,6/91,7/828,9.67538512094539e-06,0.000321520490172955,6,CYP1A2/CYP2C8/CYP4F2/CYP1A1/CYP2C9/CYP4A11,Robust Supported
Factor2,Positive,GO_Biological_Process,GO:0006720,isoprenoid metabolic process,11/91,24/828,1.18001420887751e-05,0.000372999613342746,11,CYP3A4/CYP1A2/ADH4/ADH1B/ADH1C/CYP2C8/CYP1A1/RDH16/HSD17B6/CYP2C9/CYP2E1,Robust Supported
Factor2,Positive,GO_Biological_Process,GO:0006721,terpenoid metabolic process,11/91,24/828,1.18001420887751e-05,0.000372999613342746,11,CYP3A4/CYP1A2/ADH4/ADH1B/ADH1C/CYP2C8/CYP1A1/RDH16/HSD17B6/CYP2C9/CYP2E1,Robust Supported
Factor2,Positive,GO_Biological_Process,GO:0006706,steroid catabolic process,7/91,10/828,1.42060818138869e-05,0.000428164698390638,7,CYP3A4/CYP1A2/HSD11B1/HSD17B6/CYP7A1/SRD5A2/AKR1D1,Robust Supported
Factor2,Positive,GO_Biological_Process,GO:0009062,fatty acid catabolic process,7/91,10/828,1.42060818138869e-05,0.000428164698390638,7,PCK1/CYP4F2/ABCB11/HAO2/CYP4A11/MFSD2A/ACADL,Robust Supported
Factor2,Positive,GO_Biological_Process,GO:0030258,lipid modification,11/91,25/828,1.91714451079024e-05,0.000564686201360033,11,CYP3A4/ADH4/CYP2C8/CYP4F2/CYP1A1/ABCB11/HAO2/CYP4A22/CYP2E1/MFSD2A/ACADL,Robust Supported
Factor2,Positive,GO_Biological_Process,GO:0044242,cellular lipid catabolic process,11/91,26/828,3.02329894890333e-05,0.000870710097284159,11,PCK1/CYP4F2/CPS1/ABCB11/APOA5/HAO2/APOC3/CYP4A11/MFSD2A/ACADL/GBA3,Robust Supported
Factor2,Positive,GO_Biological_Process,GO:0042759,long-chain fatty acid biosynthetic process,6/91,8/828,3.52746219125128e-05,0.000993824130404707,6,CYP3A4/CYP1A2/CYP2C8/CYP1A1/CYP2C9/CYP2E1,Robust Supported
Factor2,Positive,GO_Biological_Process,GO:0008210,estrogen metabolic process,8/91,15/828,5.33903913734049e-05,0.00141214484005164,8,CYP3A4/CYP1A2/CYP2C8/CYP1A1/CYP2C9/UGT2B10/UGT2B15/UGT2B7,Robust Supported
Factor2,Positive,GO_Biological_Process,GO:0016125,sterol metabolic process,10/91,23/828,5.44808966069307e-05,0.00141214484005164,10,CYP3A4/CYP1A2/CYP8B1/SULT2A1/APOA5/CYP2C9/APOF/CYP7A1/AKR1D1/ACADL,Robust Supported
Factor2,Positive,GO_Biological_Process,GO:0034308,primary alcohol metabolic process,10/91,23/828,5.44808966069307e-05,0.00141214484005164,10,CYP3A4/CYP1A2/ADH4/ADH1B/ADH1C/CYP2C8/SULT2A1/CYP1A1/RDH16/HSD17B6,Robust Supported
Factor2,Positive,GO_Biological_Process,GO:1902652,secondary alcohol metabolic process,10/91,23/828,5.44808966069307e-05,0.00141214484005164,10,CYP3A4/CYP1A2/UGT1A4/SULT2A1/APOA5/CYP2C9/APOF/CYP7A1/AKR1D1/ACADL,Robust Supported
Factor2,Positive,GO_Biological_Process,GO:0042178,xenobiotic catabolic process,7/91,12/828,7.77524898180885e-05,0.00197582797655378,7,CYP3A4/CYP1A2/CYP2A6/CYP2C8/CYP1A1/CYP2C9/NR1I2,Robust Supported
Factor2,Positive,GO_Biological_Process,GO:0000096,sulfur amino acid metabolic process,5/91,6/828,7.94992170341571e-05,0.00198136510146669,5,CPS1/BHMT/GNMT/AGXT/CTH,Robust Supported
Factor2,Positive,GO_Biological_Process,GO:0033559,unsaturated fatty acid metabolic process,10/91,24/828,8.49671498341849e-05,0.00207768728651139,10,CYP1A2/CYP2A6/CYP2A7/CYP2C8/CYP4F2/CYP1A1/CYP2C9/CYP4A22/CYP4A11/CYP2E1,Robust Supported
Factor2,Positive,GO_Biological_Process,GO:0008209,androgen metabolic process,6/91,9/828,9.64630415606492e-05,0.00231511299745558,6,CYP3A4/HSD17B6/SRD5A2/ESR1/AKR1D1/UGT2B7,Robust Supported
Factor2,Positive,GO_Biological_Process,GO:0006690,icosanoid metabolic process,10/91,25/828,0.00012883095298504,0.00303572572852022,10,CYP1A2/CYP2A6/CYP2A7/CYP2C8/CYP4F2/CYP1A1/CYP2C9/CYP4A22/CYP4A11/CYP2E1,Robust Supported
Factor2,Positive,GO_Biological_Process,GO:0044238,primary metabolic process,67/91,461/828,0.000149920225219937,0.00343414044569106,67,CYP3A4/CYP1A2/CYP8B1/GLYAT/CYP2A6/TAT/HPD/ADH4/PCK1/CYP2A7/HSD11B1/THRSP/MOGAT2/UGT1A4/ADH1B/SERPINC1/ADH1C/ASPDH/CYP2C8/SULT2A1/CYP4F2/SLC27A5/F9/CYP1A1/ACSM2A/CPS1/ABCB11/APOA5/RDH16/HRG/BHMT/HSD17B6/GLYATL1/HSD17B13/CYP2C9/APOF/HAO2/CYP4A22/ACSM5/CYP7A1/NR1I2/APOC3/FETUB/CYP4A11/GCGR/UGT2B10/G6PC1/ALDOB/CYP2E1/SRD5A2/GNMT/AR/ESR1/AKR1D1/ALDH1L1/MFSD2A/ACADL/DPYS/GFRA1/NR1I3/SDS/UGT2B15/AGXT/ABCA8/UGT2B7/CTH/GBA3,Robust Supported
Factor2,Positive,GO_Biological_Process,GO:0001523,retinoid metabolic process,9/91,21/828,0.000153688384143581,0.00343414044569106,9,CYP3A4/CYP1A2/ADH4/ADH1B/ADH1C/CYP2C8/CYP1A1/RDH16/HSD17B6,Robust Supported
Factor2,Positive,GO_Biological_Process,GO:0016101,diterpenoid metabolic process,9/91,21/828,0.000153688384143581,0.00343414044569106,9,CYP3A4/CYP1A2/ADH4/ADH1B/ADH1C/CYP2C8/CYP1A1/RDH16/HSD17B6,Robust Supported
Factor2,Positive,GO_Biological_Process,GO:0042180,cellular ketone metabolic process,12/91,36/828,0.000206012592990096,0.00452529356805364,12,ADH4/UGT1A4/CYP4F2/ABCB11/APOA5/BHMT/HSD17B6/CYP7A1/APOC3/SRD5A2/MFSD2A/ACADL,Robust Supported
Factor2,Positive,GO_Biological_Process,GO:0008206,bile acid metabolic process,6/91,10/828,0.000219848481180793,0.00474872719350512,6,CYP8B1/SULT2A1/SLC27A5/ABCB11/CYP7A1/AKR1D1,Robust Supported
Factor2,Positive,GO_Biological_Process,GO:0006869,lipid transport,14/91,47/828,0.000228584399110638,0.00485648165979322,14,SLC10A1/SLC22A1/AQP9/CYP4F2/SLC27A5/ABCB11/APOA5/APOF/CFHR4/CYP7A1/APOC3/CYP4A11/MFSD2A/ABCA8,Robust Supported
Factor2,Positive,GO_Biological_Process,GO:0008203,cholesterol metabolic process,9/91,22/828,0.000236654848818571,0.00494684974304626,9,CYP3A4/CYP1A2/SULT2A1/APOA5/CYP2C9/APOF/CYP7A1/AKR1D1/ACADL,Robust Supported
Factor2,Positive,GO_Biological_Process,GO:0002933,lipid hydroxylation,5/91,7/828,0.000254058796817187,0.00522635239166785,5,CYP3A4/CYP2C8/CYP1A1/CYP4A22/CYP2E1,Robust Supported
Factor2,Positive,GO_Biological_Process,GO:0046890,regulation of lipid biosynthetic process,8/91,18/828,0.000273769155674004,0.00554382540239857,8,PCK1/THRSP/APOA5/HSD17B13/CYP7A1/APOC3/MFSD2A/ACADL,Robust Supported
Factor2,Positive,GO_Biological_Process,GO:0010876,lipid localization,14/91,49/828,0.000374060511759008,0.00745819112676421,14,SLC10A1/SLC22A1/AQP9/CYP4F2/SLC27A5/ABCB11/APOA5/APOF/CFHR4/CYP7A1/APOC3/CYP4A11/MFSD2A/ABCA8,Robust Supported
Factor2,Positive,GO_Biological_Process,GO:0010565,regulation of cellular ketone metabolic process,8/91,19/828,0.000430442450250577,0.0084523244776477,8,UGT1A4/ABCB11/APOA5/BHMT/CYP7A1/APOC3/MFSD2A/ACADL,Robust Supported
Factor2,Positive,GO_Biological_Process,GO:0170033,L-amino acid metabolic process,10/91,29/828,0.000540735659440153,0.01030578550933,10,GLYAT/TAT/HPD/CPS1/BHMT/GLYATL1/GNMT/SDS/AGXT/CTH,Robust Supported
Factor2,Positive,GO_Biological_Process,GO:0170039,proteinogenic amino acid metabolic process,10/91,29/828,0.000540735659440153,0.01030578550933,10,GLYAT/TAT/HPD/CPS1/BHMT/GLYATL1/GNMT/SDS/AGXT/CTH,Robust Supported
Factor2,Positive,GO_Biological_Process,GO:0019432,triglyceride biosynthetic process,4/91,5/828,0.000629261571753123,0.01181917386945,4,PCK1/THRSP/MOGAT2/MFSD2A,Exploratory
Factor2,Positive,GO_Biological_Process,GO:0006694,steroid biosynthetic process,9/91,25/828,0.000732292574077219,0.0134691502229856,9,CYP3A4/CYP8B1/SLC27A5/CYP1A1/ABCB11/HSD17B6/CYP7A1/SRD5A2/AKR1D1,Robust Supported
Factor2,Positive,GO_Biological_Process,GO:1901605,alpha-amino acid metabolic process,10/91,30/828,0.000737893260672823,0.0134691502229856,10,GLYAT/TAT/HPD/CPS1/BHMT/GLYATL1/GNMT/SDS/AGXT/CTH,Robust Supported
Factor2,Positive,GO_Biological_Process,GO:0015711,organic anion transport,14/91,53/828,0.000912418546496393,0.0164235338369351,14,SLC10A1/SLC22A1/AQP9/SLC1A2/CYP4F2/SLC27A5/ABCB11/CYP7A1/SLC13A5/CYP4A11/G6PC1/MFSD2A/AGXT/SLC25A47,Robust Supported
Factor2,Positive,GO_Biological_Process,GO:0010817,regulation of hormone levels,17/91,72/828,0.00101548362701028,0.0180283120630866,17,CYP3A4/CYP1A2/ADH4/ADH1B/ADH1C/CYP2C8/SULT2A1/CYP1A1/RDH16/HSD17B6/CYP2C9/UGT2B10/SRD5A2/ESR1/AKR1D1/UGT2B15/UGT2B7,Robust Supported
Factor2,Positive,GO_Biological_Process,GO:0006790,sulfur compound metabolic process,11/91,37/828,0.00118113391690533,0.020684548777787,11,GLYAT/SULT2A1/SLC1A2/ACSM2A/CPS1/BHMT/ACSM5/GNMT/FMO3/AGXT/CTH,Robust Supported
Factor2,Positive,GO_Biological_Process,GO:0019217,regulation of fatty acid metabolic process,7/91,17/828,0.00119702249871452,0.020684548777787,7,UGT1A4/ABCB11/APOA5/CYP7A1/APOC3/MFSD2A/ACADL,Robust Supported
Factor2,Positive,GO_Biological_Process,GO:0006699,bile acid biosynthetic process,5/91,9/828,0.00127149414678039,0.0208589419522453,5,CYP8B1/SLC27A5/ABCB11/CYP7A1/AKR1D1,Robust Supported
Factor2,Positive,GO_Biological_Process,GO:0015721,bile acid and bile salt transport,5/91,9/828,0.00127149414678039,0.0208589419522453,5,SLC10A1/AQP9/SLC27A5/ABCB11/CYP7A1,Robust Supported
Factor2,Positive,GO_Biological_Process,GO:0015748,organophosphate ester transport,5/91,9/828,0.00127149414678039,0.0208589419522453,5,APOA5/APOC3/G6PC1/MFSD2A/SLC25A47,Robust Supported
Factor2,Positive,GO_Biological_Process,GO:0046889,positive regulation of lipid biosynthetic process,5/91,9/828,0.00127149414678039,0.0208589419522453,5,PCK1/APOA5/HSD17B13/CYP7A1/MFSD2A,Robust Supported
Factor2,Positive,GO_Biological_Process,GO:0006520,amino acid metabolic process,10/91,32/828,0.00131130860819306,0.020980937731089,10,GLYAT/TAT/HPD/CPS1/BHMT/GLYATL1/GNMT/SDS/AGXT/CTH,Robust Supported
Factor2,Positive,GO_Biological_Process,GO:0019216,regulation of lipid metabolic process,10/91,32/828,0.00131130860819306,0.020980937731089,10,PCK1/THRSP/UGT1A4/ABCB11/APOA5/HSD17B13/CYP7A1/APOC3/MFSD2A/ACADL,Robust Supported
Factor2,Positive,GO_Biological_Process,GO:0046942,carboxylic acid transport,12/91,44/828,0.00162713537905167,0.0257166762347679,12,SLC10A1/SLC22A1/AQP9/SLC1A2/CYP4F2/SLC27A5/ABCB11/CYP7A1/SLC13A5/CYP4A11/MFSD2A/AGXT,Robust Supported
Factor2,Positive,GO_Biological_Process,GO:0016098,monoterpenoid metabolic process,4/91,6/828,0.00172878628119106,0.0263589061226307,4,CYP3A4/CYP1A2/CYP2C9/CYP2E1,Exploratory
Factor2,Positive,GO_Biological_Process,GO:0046460,neutral lipid biosynthetic process,4/91,6/828,0.00172878628119106,0.0263589061226307,4,PCK1/THRSP/MOGAT2/MFSD2A,Exploratory
Factor2,Positive,GO_Biological_Process,GO:0046463,acylglycerol biosynthetic process,4/91,6/828,0.00172878628119106,0.0263589061226307,4,PCK1/THRSP/MOGAT2/MFSD2A,Exploratory
Factor2,Positive,GO_Biological_Process,GO:0046486,glycerolipid metabolic process,9/91,28/828,0.00186562147428376,0.0281144817519971,9,PCK1/THRSP/MOGAT2/SLC27A5/CPS1/APOA5/APOC3/G6PC1/MFSD2A,Robust Supported
Factor2,Positive,GO_Biological_Process,GO:0015849,organic acid transport,12/91,45/828,0.00201813096876458,0.0300631923622862,12,SLC10A1/SLC22A1/AQP9/SLC1A2/CYP4F2/SLC27A5/ABCB11/CYP7A1/SLC13A5/CYP4A11/MFSD2A/AGXT,Robust Supported
Factor2,Positive,GO_Biological_Process,GO:0019395,fatty acid oxidation,6/91,14/828,0.00217391313567633,0.0320158116345059,6,ADH4/CYP4F2/ABCB11/HAO2/MFSD2A/ACADL,Robust Supported
Factor2,Positive,GO_Biological_Process,GO:0045922,negative regulation of fatty acid metabolic process,5/91,10/828,0.00232313981237998,0.0338290920993759,5,UGT1A4/CYP7A1/APOC3/MFSD2A/ACADL,Robust Supported
Factor2,Positive,GO_Biological_Process,GO:0015850,organic hydroxy compound transport,9/91,30/828,0.00320064587537361,0.0460893006053799,9,SLC10A1/SLC22A1/AQP9/SLC27A5/ABCB11/APOA5/CYP7A1/APOC3/ABCA8,Robust Supported
Factor2,Positive,GO_Biological_Process,GO:0034440,lipid oxidation,6/91,15/828,0.00330499158912859,0.0470688912034138,6,ADH4/CYP4F2/ABCB11/HAO2/MFSD2A/ACADL,Robust Supported
Factor2,Positive,GO_Biological_Process,GO:1901617,organic hydroxy compound biosynthetic process,8/91,25/828,0.0035075317372715,0.0488656746267516,8,CYP3A4/CYP8B1/PCK1/SLC27A5/ABCB11/CYP7A1/SRD5A2/AKR1D1,Robust Supported
Factor2,Positive,GO_Biological_Process,GO:0009069,serine family amino acid metabolic process,4/91,7/828,0.00369508959368955,0.0488656746267516,4,GLYAT/SDS/AGXT/CTH,Exploratory
Factor2,Positive,GO_Biological_Process,GO:0042908,xenobiotic transport,4/91,7/828,0.00369508959368955,0.0488656746267516,4,SLC22A1/ABCB11/NR1I2/ABCA8,Exploratory
Factor2,Positive,GO_Biological_Process,GO:0046164,alcohol catabolic process,4/91,7/828,0.00369508959368955,0.0488656746267516,4,ADH4/SULT2A1/CYP7A1/AKR1D1,Exploratory
Factor2,Positive,GO_Biological_Process,GO:0070988,demethylation,4/91,7/828,0.00369508959368955,0.0488656746267516,4,CYP3A4/CYP1A2/CYP2C8/CYP2C9,Exploratory
Factor2,Positive,GO_Biological_Process,GO:0070989,oxidative demethylation,4/91,7/828,0.00369508959368955,0.0488656746267516,4,CYP3A4/CYP1A2/CYP2C8/CYP2C9,Exploratory
Factor2,Positive,GO_Biological_Process,GO:0090207,regulation of triglyceride metabolic process,4/91,7/828,0.00369508959368955,0.0488656746267516,4,THRSP/APOA5/APOC3/MFSD2A,Exploratory
Factor2,Positive,GO_Biological_Process,GO:0006081,cellular aldehyde metabolic process,5/91,11/828,0.00389160889799307,0.0499358923940497,5,ADH4/PCK1/ALDOB/AKR7A3/AGXT,Robust Supported
Factor2,Positive,GO_Biological_Process,GO:0019748,secondary metabolic process,5/91,11/828,0.00389160889799307,0.0499358923940497,5,CYP3A4/CYP1A2/CYP2A6/CYP2A7/CYP1A1,Robust Supported
Factor2,Positive,GO_Biological_Process,GO:1901607,alpha-amino acid biosynthetic process,5/91,11/828,0.00389160889799307,0.0499358923940497,5,CPS1/BHMT/SDS/AGXT/CTH,Robust Supported
Factor2,Positive,GO_Biological_Process,GO:0015718,monocarboxylic acid transport,9/91,31/828,0.00410460907024328,0.0521526799513263,9,SLC10A1/SLC22A1/AQP9/CYP4F2/SLC27A5/ABCB11/CYP7A1/CYP4A11/MFSD2A,Exploratory
Factor2,Positive,GO_Biological_Process,GO:0062014,negative regulation of small molecule metabolic process,6/91,16/828,0.00482422611701281,0.0607009422101807,6,UGT1A4/CYP7A1/APOC3/ALDOB/MFSD2A/ACADL,Exploratory
Factor2,Positive,GO_Biological_Process,GO:0006094,gluconeogenesis,5/91,12/828,0.00609690001836635,0.0738465647084373,5,PCK1/G6PC1/ALDOB/GNMT/SDS,Exploratory
Factor2,Positive,GO_Biological_Process,GO:0008652,amino acid biosynthetic process,5/91,12/828,0.00609690001836635,0.0738465647084373,5,CPS1/BHMT/SDS/AGXT/CTH,Exploratory
Factor2,Positive,GO_Biological_Process,GO:0019319,hexose biosynthetic process,5/91,12/828,0.00609690001836635,0.0738465647084373,5,PCK1/G6PC1/ALDOB/GNMT/SDS,Exploratory
Factor2,Positive,GO_Biological_Process,GO:0046364,monosaccharide biosynthetic process,5/91,12/828,0.00609690001836635,0.0738465647084373,5,PCK1/G6PC1/ALDOB/GNMT/SDS,Exploratory
Factor2,Positive,GO_Biological_Process,GO:0042304,regulation of fatty acid biosynthetic process,4/91,8/828,0.00677148009905412,0.0812577611886495,4,APOA5/CYP7A1/APOC3/ACADL,Exploratory
Factor2,Positive,GO_Biological_Process,GO:0062012,regulation of small molecule metabolic process,10/91,40/828,0.00808894919133269,0.0961768637795153,10,UGT1A4/ABCB11/APOA5/BHMT/CYP7A1/APOC3/ALDOB/GNMT/MFSD2A/ACADL,Exploratory
Factor2,Positive,GO_Biological_Process,GO:0042573,retinoic acid metabolic process,5/91,13/828,0.00905620611739668,0.105737325478794,5,CYP3A4/ADH1B/ADH1C/CYP2C8/CYP1A1,Exploratory
Factor2,Positive,GO_Biological_Process,GO:0045833,negative regulation of lipid metabolic process,5/91,13/828,0.00905620611739668,0.105737325478794,5,UGT1A4/CYP7A1/APOC3/MFSD2A/ACADL,Exploratory
Factor2,Positive,GO_Biological_Process,GO:0009058,biosynthetic process,46/91,320/828,0.00976564491848196,0.113002462628148,46,CYP3A4/CYP1A2/CYP8B1/TAT/PCK1/THRSP/MOGAT2/ASPDH/CYP2C8/SLC1A2/SLC27A5/F9/CYP1A1/ACSM2A/CPS1/ABCB11/APOA5/HRG/BHMT/HSD17B6/HSD17B13/CYP2C9/CYP4A22/ACSM5/CYP7A1/NR1I2/APOC3/CYP4A11/GCGR/G6PC1/ALDOB/CYP2E1/SRD5A2/GNMT/AR/ESR1/AKR1D1/ALDH1L1/MFSD2A/ACADL/FMO3/NR1I3/SDS/AGXT/ABCA8/CTH,Exploratory
Factor2,Positive,GO_Biological_Process,GO:0006730,one-carbon metabolic process,3/91,5/828,0.010912316524792,0.117709135314565,3,GNMT/ALDH1L1/CA5A,Exploratory
Factor2,Positive,GO_Biological_Process,GO:0032259,methylation,3/91,5/828,0.010912316524792,0.117709135314565,3,CYP1A2/BHMT/GNMT,Exploratory
Factor2,Positive,GO_Biological_Process,GO:0033762,response to glucagon,3/91,5/828,0.010912316524792,0.117709135314565,3,PCK1/CPS1/GCGR,Exploratory
Factor2,Positive,GO_Biological_Process,GO:0042359,vitamin D metabolic process,3/91,5/828,0.010912316524792,0.117709135314565,3,CYP3A4/UGT1A4/CYP1A1,Exploratory
Factor2,Positive,GO_Biological_Process,GO:0042743,hydrogen peroxide metabolic process,3/91,5/828,0.010912316524792,0.117709135314565,3,CYP1A2/CYP1A1/HP,Exploratory
Factor2,Positive,GO_Biological_Process,GO:0071320,cellular response to cAMP,3/91,5/828,0.010912316524792,0.117709135314565,3,PCK1/AQP9/CPS1,Exploratory
Factor2,Positive,GO_Biological_Process,GO:0008584,male gonad development,4/91,9/828,0.0111714688608731,0.117709135314565,4,SRD5A2/AR/ESR1/GFRA1,Exploratory
Factor2,Positive,GO_Biological_Process,GO:0031330,negative regulation of cellular catabolic process,4/91,9/828,0.0111714688608731,0.117709135314565,4,APOC3/HP/MFSD2A/ADRA1A,Exploratory
Factor2,Positive,GO_Biological_Process,GO:0046456,icosanoid biosynthetic process,4/91,9/828,0.0111714688608731,0.117709135314565,4,CYP2C8/CYP2C9/CYP4A22/CYP4A11,Exploratory
Factor2,Positive,GO_Biological_Process,GO:0046546,development of primary male sexual characteristics,4/91,9/828,0.0111714688608731,0.117709135314565,4,SRD5A2/AR/ESR1/GFRA1,Exploratory
Factor2,Positive,GO_Biological_Process,GO:0052695,cellular glucuronidation,4/91,9/828,0.0111714688608731,0.117709135314565,4,UGT1A4/UGT2B10/UGT2B15/UGT2B7,Exploratory
Factor2,Positive,GO_Biological_Process,GO:0014070,response to organic cyclic compound,14/91,69/828,0.0128606209409565,0.134414231769997,14,CYP8B1/SLC10A1/TAT/PCK1/AQP9/SLC1A2/CYP1A1/CPS1/ABCB11/CYP7A1/SRD5A2/AR/ESR1/DSG1,Exploratory
Factor2,Positive,GO_Biological_Process,GO:0070887,cellular response to chemical stimulus,31/91,198/828,0.0133295791646982,0.138201076779591,31,CYP3A4/CYP1A2/GLYAT/CYP2A6/SLC10A1/ADH4/SLC22A1/PCK1/AQP9/CYP2A7/CYP2C8/SULT2A1/SLC1A2/CYP4F2/CYP1A1/CPS1/ABCB11/NAT2/CCL16/HRG/CYP2C9/CYP7A1/NR1I2/SLC13A5/GCGR/HP/CYP2E1/AR/ESR1/UGT2B15/UGT2B7,Exploratory
Factor2,Positive,GO_Biological_Process,GO:0042221,response to chemical,40/91,275/828,0.0154868778002968,0.159293600231624,40,CYP3A4/CYP1A2/CYP8B1/GLYAT/CYP2A6/SLC10A1/TAT/ADH4/SLC22A1/PCK1/AQP9/CYP2A7/RTP3/CYP2C8/SULT2A1/SLC1A2/CYP4F2/CYP1A1/CPS1/ABCB11/NAT2/CCL16/HRG/GREM2/LECT2/CYP2C9/CYP7A1/NR1I2/SLC13A5/GCGR/HP/CYP2E1/SRD5A2/AR/ESR1/DSG1/ADRA1A/UGT2B15/UGT2B7/CTH,Exploratory
Factor2,Positive,GO_Biological_Process,GO:0006063,uronic acid metabolic process,4/91,10/828,0.0170703548932019,0.167599848042346,4,UGT1A4/UGT2B10/UGT2B15/UGT2B7,Exploratory
Factor2,Positive,GO_Biological_Process,GO:0006775,fat-soluble vitamin metabolic process,4/91,10/828,0.0170703548932019,0.167599848042346,4,CYP3A4/UGT1A4/CYP4F2/CYP1A1,Exploratory
Factor2,Positive,GO_Biological_Process,GO:0019585,glucuronate metabolic process,4/91,10/828,0.0170703548932019,0.167599848042346,4,UGT1A4/UGT2B10/UGT2B15/UGT2B7,Exploratory
Factor2,Positive,GO_Biological_Process,GO:0043627,response to estrogen,4/91,10/828,0.0170703548932019,0.167599848042346,4,SLC10A1/ABCB11/AR/ESR1,Exploratory
Factor2,Positive,GO_Biological_Process,GO:0046661,male sex differentiation,4/91,10/828,0.0170703548932019,0.167599848042346,4,SRD5A2/AR/ESR1/GFRA1,Exploratory
Factor2,Positive,GO_Biological_Process,GO:0050994,regulation of lipid catabolic process,4/91,10/828,0.0170703548932019,0.167599848042346,4,ABCB11/APOA5/APOC3/MFSD2A,Exploratory
Factor2,Positive,GO_Biological_Process,GO:0006575,cellular modified amino acid metabolic process,7/91,26/828,0.0175674892577757,0.17086945196061,7,SULT2A1/SLC1A2/BHMT/GNMT/ALDH1L1/MFSD2A/ACADL,Exploratory
Factor2,Positive,GO_Biological_Process,GO:0045834,positive regulation of lipid metabolic process,5/91,15/828,0.0176670575329643,0.17086945196061,5,PCK1/APOA5/HSD17B13/CYP7A1/MFSD2A,Exploratory
Factor2,Positive,GO_Biological_Process,GO:0006635,fatty acid beta-oxidation,3/91,6/828,0.0200958467683929,0.183409981773501,3,ABCB11/MFSD2A/ACADL,Exploratory
Factor2,Positive,GO_Biological_Process,GO:0006778,porphyrin-containing compound metabolic process,3/91,6/828,0.0200958467683929,0.183409981773501,3,CYP1A2/UGT1A4/CYP1A1,Exploratory
Factor2,Positive,GO_Biological_Process,GO:0015914,phospholipid transport,3/91,6/828,0.0200958467683929,0.183409981773501,3,APOA5/APOC3/MFSD2A,Exploratory
Factor2,Positive,GO_Biological_Process,GO:0019433,triglyceride catabolic process,3/91,6/828,0.0200958467683929,0.183409981773501,3,CPS1/APOA5/APOC3,Exploratory
Factor2,Positive,GO_Biological_Process,GO:0032892,positive regulation of organic acid transport,3/91,6/828,0.0200958467683929,0.183409981773501,3,CYP4F2/ABCB11/CYP4A11,Exploratory
Factor2,Positive,GO_Biological_Process,GO:0051055,negative regulation of lipid biosynthetic process,3/91,6/828,0.0200958467683929,0.183409981773501,3,CYP7A1/APOC3/ACADL,Exploratory
Factor2,Positive,GO_Biological_Process,GO:0070328,triglyceride homeostasis,3/91,6/828,0.0200958467683929,0.183409981773501,3,ACSM2A/APOA5/APOC3,Exploratory
Factor2,Positive,GO_Biological_Process,GO:1901264,carbohydrate derivative transport,3/91,6/828,0.0200958467683929,0.183409981773501,3,G6PC1/MFSD2A/SLC28A1,Exploratory
Factor2,Positive,GO_Biological_Process,GO:0048545,response to steroid hormone,7/91,27/828,0.0216265198092758,0.195999787921828,7,TAT/PCK1/CPS1/SRD5A2/AR/ESR1/DSG1,Exploratory
Factor2,Positive,GO_Biological_Process,GO:0015908,fatty acid transport,5/91,16/828,0.0235047081765787,0.211542373589208,5,SLC22A1/CYP4F2/SLC27A5/CYP4A11/MFSD2A,Exploratory
Factor2,Positive,GO_Biological_Process,GO:0003073,regulation of systemic arterial blood pressure,4/91,11/828,0.024601066890464,0.215425558716496,4,CYP4F2/CYP4A11/AR/ADRA1A,Exploratory
Factor2,Positive,GO_Biological_Process,GO:0008643,carbohydrate transport,4/91,11/828,0.024601066890464,0.215425558716496,4,AQP9/SLC1A2/ABCB11/MFSD2A,Exploratory
Factor2,Positive,GO_Biological_Process,GO:0045017,glycerolipid biosynthetic process,4/91,11/828,0.024601066890464,0.215425558716496,4,PCK1/THRSP/MOGAT2/MFSD2A,Exploratory
Factor2,Positive,GO_Biological_Process,GO:1901568,fatty acid derivative metabolic process,4/91,11/828,0.024601066890464,0.215425558716496,4,CYP4F2/SLC27A5/ACSM2A/CYP4A11,Exploratory
Factor2,Positive,GO_Biological_Process,GO:0055086,nucleobase-containing small molecule metabolic process,10/91,48/828,0.0293569763916397,0.255346586601108,10,GLYAT/ASPDH/SULT2A1/ACSM2A/CPS1/ACSM5/ALDOB/GNMT/ALDH1L1/DPYS,Exploratory
Factor2,Positive,GO_Biological_Process,GO:0019637,organophosphate metabolic process,13/91,69/828,0.0299593162442162,0.25758130911441,13,GLYAT/PCK1/ASPDH/SULT2A1/ACSM2A/CPS1/ACSM5/G6PC1/ALDOB/ALDH1L1/MFSD2A/DPYS/ABCA8,Exploratory
Factor2,Positive,GO_Biological_Process,GO:0016051,carbohydrate biosynthetic process,5/91,17/828,0.0304638779093603,0.25758130911441,5,PCK1/G6PC1/ALDOB/GNMT/SDS,Exploratory
Factor2,Positive,GO_Biological_Process,GO:1901654,response to ketone,7/91,29/828,0.031619215712481,0.25758130911441,7,TAT/PCK1/CYP1A1/CPS1/SRD5A2/AR/DSG1,Exploratory
Factor2,Positive,GO_Biological_Process,GO:0009066,aspartate family amino acid metabolic process,3/91,7/828,0.0323964146494204,0.25758130911441,3,BHMT/GNMT/SDS,Exploratory
Factor2,Positive,GO_Biological_Process,GO:0019751,polyol metabolic process,3/91,7/828,0.0323964146494204,0.25758130911441,3,CYP3A4/PCK1/MOGAT2,Exploratory
Factor2,Positive,GO_Biological_Process,GO:0033013,tetrapyrrole metabolic process,3/91,7/828,0.0323964146494204,0.25758130911441,3,CYP1A2/UGT1A4/CYP1A1,Exploratory
Factor2,Positive,GO_Biological_Process,GO:0046209,nitric oxide metabolic process,3/91,7/828,0.0323964146494204,0.25758130911441,3,CYP1A1/CPS1/ESR1,Exploratory
Factor2,Positive,GO_Biological_Process,GO:0046320,regulation of fatty acid oxidation,3/91,7/828,0.0323964146494204,0.25758130911441,3,ABCB11/MFSD2A/ACADL,Exploratory
Factor2,Positive,GO_Biological_Process,GO:0046461,neutral lipid catabolic process,3/91,7/828,0.0323964146494204,0.25758130911441,3,CPS1/APOA5/APOC3,Exploratory
Factor2,Positive,GO_Biological_Process,GO:0046464,acylglycerol catabolic process,3/91,7/828,0.0323964146494204,0.25758130911441,3,CPS1/APOA5/APOC3,Exploratory
Factor2,Positive,GO_Biological_Process,GO:0048806,genitalia development,3/91,7/828,0.0323964146494204,0.25758130911441,3,SRD5A2/AR/ESR1,Exploratory
Factor2,Positive,GO_Biological_Process,GO:0055090,acylglycerol homeostasis,3/91,7/828,0.0323964146494204,0.25758130911441,3,ACSM2A/APOA5/APOC3,Exploratory
Factor2,Positive,GO_Biological_Process,GO:0060135,maternal process involved in female pregnancy,3/91,7/828,0.0323964146494204,0.25758130911441,3,AR/ESR1/DSG1,Exploratory
Factor2,Positive,GO_Biological_Process,GO:2001057,reactive nitrogen species metabolic process,3/91,7/828,0.0323964146494204,0.25758130911441,3,CYP1A1/CPS1/ESR1,Exploratory
Factor2,Positive,GO_Biological_Process,GO:0032368,regulation of lipid transport,4/91,12/828,0.0338531503265129,0.267522456238785,4,CYP4F2/APOC3/CYP4A11/ABCA8,Exploratory
Factor2,Positive,GO_Biological_Process,GO:0006091,generation of precursor metabolites and energy,7/91,30/828,0.0376232233965132,0.295513318314431,7,CYP1A2/SLC27A5/GCGR/G6PC1/ALDOB/GNMT/ALDH1L1,Exploratory
Factor2,Positive,GO_Biological_Process,GO:0042632,cholesterol homeostasis,5/91,18/828,0.0385993011244351,0.29954906740879,5,ABCB11/APOA5/CYP7A1/APOC3/G6PC1,Exploratory
Factor2,Positive,GO_Biological_Process,GO:0055092,sterol homeostasis,5/91,18/828,0.0385993011244351,0.29954906740879,5,ABCB11/APOA5/CYP7A1/APOC3/G6PC1,Exploratory
Factor2,Positive,GO_Biological_Process,GO:1905952,regulation of lipid localization,4/91,13/828,0.0448740144194534,0.336476643978335,4,CYP4F2/APOC3/CYP4A11/ABCA8,Exploratory
Factor2,Positive,GO_Biological_Process,GO:0055088,lipid homeostasis,6/91,25/828,0.0470276024007906,0.336476643978335,6,ACSM2A/ABCB11/APOA5/CYP7A1/APOC3/G6PC1,Exploratory
Factor2,Positive,GO_Biological_Process,GO:0071407,cellular response to organic cyclic compound,8/91,38/828,0.0472267350668354,0.336476643978335,8,PCK1/AQP9/SLC1A2/CYP1A1/CPS1/CYP7A1/AR/ESR1,Exploratory
Factor2,Positive,GO_Biological_Process,GO:0005976,polysaccharide metabolic process,3/91,8/828,0.0477713753796401,0.336476643978335,3,GCGR/G6PC1/GNMT,Exploratory
Factor2,Positive,GO_Biological_Process,GO:0005977,glycogen metabolic process,3/91,8/828,0.0477713753796401,0.336476643978335,3,GCGR/G6PC1/GNMT,Exploratory
Factor2,Positive,GO_Biological_Process,GO:0006112,energy reserve metabolic process,3/91,8/828,0.0477713753796401,0.336476643978335,3,GCGR/G6PC1/GNMT,Exploratory
Factor2,Positive,GO_Biological_Process,GO:0009267,cellular response to starvation,3/91,8/828,0.0477713753796401,0.336476643978335,3,PCK1/GCGR/MFSD2A,Exploratory
Factor2,Positive,GO_Biological_Process,GO:0032370,positive regulation of lipid transport,3/91,8/828,0.0477713753796401,0.336476643978335,3,CYP4F2/CYP4A11/ABCA8,Exploratory
Factor2,Positive,GO_Biological_Process,GO:0033344,cholesterol efflux,3/91,8/828,0.0477713753796401,0.336476643978335,3,APOA5/APOC3/ABCA8,Exploratory
Factor2,Positive,GO_Biological_Process,GO:0044042,glucan metabolic process,3/91,8/828,0.0477713753796401,0.336476643978335,3,GCGR/G6PC1/GNMT,Exploratory
Factor2,Positive,GO_Biological_Process,GO:0046503,glycerolipid catabolic process,3/91,8/828,0.0477713753796401,0.336476643978335,3,CPS1/APOA5/APOC3,Exploratory
Factor2,Positive,GO_Biological_Process,GO:0051591,response to cAMP,3/91,8/828,0.0477713753796401,0.336476643978335,3,PCK1/AQP9/CPS1,Exploratory
Factor2,Positive,GO_Biological_Process,GO:0071383,cellular response to steroid hormone stimulus,3/91,8/828,0.0477713753796401,0.336476643978335,3,PCK1/AR/ESR1,Exploratory
Factor2,Positive,GO_Biological_Process,GO:0071825,protein-lipid complex organization,3/91,8/828,0.0477713753796401,0.336476643978335,3,APOA5/APOC3/MFSD2A,Exploratory
Factor2,Positive,GO_Biological_Process,GO:0071827,plasma lipoprotein particle organization,3/91,8/828,0.0477713753796401,0.336476643978335,3,APOA5/APOC3/MFSD2A,Exploratory
Factor2,Positive,GO_Biological_Process,GO:0072348,sulfur compound transport,3/91,8/828,0.0477713753796401,0.336476643978335,3,SLC22A1/SLC1A2/SLC25A47,Exploratory
Factor2,Positive,GO_Biological_Process,GO:1905954,positive regulation of lipid localization,3/91,8/828,0.0477713753796401,0.336476643978335,3,CYP4F2/CYP4A11/ABCA8,Exploratory
Factor2,Positive,GO_Biological_Process,GO:0005975,carbohydrate metabolic process,9/91,45/828,0.0485333850780893,0.339996038168669,9,PCK1/MOGAT2/UGT1A4/GCGR/G6PC1/ALDOB/GNMT/SDS/GBA3,Exploratory
Factor2,Positive,KEGG_Pathway,hsa01100,Metabolic pathways,48/72,153/493,1.32813635348856e-11,1.15547862753505e-09,48,CYP3A4/CYP1A2/CYP8B1/CYP2A6/TAT/HPD/ADH4/PCK1/CYP2A7/HSD11B1/MOGAT2/UGT1A4/ADH1B/ADH1C/ASPDH/CYP2C8/CYP4F2/SLC27A5/CYP1A1/ACSM2A/CPS1/NAT2/RDH16/BHMT/HSD17B6/CYP2C9/HAO2/ACSM5/ETNPPL/CYP7A1/UGT2B10/G6PC1/ALDOB/CYP2E1/SRD5A2/GNMT/AKR1D1/ALDH1L1/ACADL/DPYS/FMO3/SDS/UGT2B15/AGXT/CA5A/UGT2B7/CTH/GBA3,Robust Supported
Factor2,Positive,KEGG_Pathway,hsa00980,Metabolism of xenobiotics by cytochrome P450,17/72,31/493,5.48687068822599e-08,1.93348002660091e-06,17,CYP3A4/CYP1A2/CYP2A6/ADH4/CYP2A7/HSD11B1/UGT1A4/ADH1B/ADH1C/SULT2A1/CYP1A1/CYP2C9/UGT2B10/CYP2E1/AKR7A3/UGT2B15/UGT2B7,Robust Supported
Factor2,Positive,KEGG_Pathway,hsa00830,Retinol metabolism,16/72,28/493,6.6671725055204e-08,1.93348002660091e-06,16,CYP3A4/CYP1A2/CYP2A6/ADH4/CYP2A7/UGT1A4/ADH1B/ADH1C/CYP2C8/CYP1A1/RDH16/HSD17B6/CYP2C9/UGT2B10/UGT2B15/UGT2B7,Robust Supported
Factor2,Positive,KEGG_Pathway,hsa05204,Chemical carcinogenesis - DNA adducts,15/72,27/493,3.14094168860431e-07,6.83154817271438e-06,15,CYP3A4/CYP1A2/CYP2A6/CYP2A7/HSD11B1/UGT1A4/CYP2C8/SULT2A1/CYP1A1/NAT2/CYP2C9/UGT2B10/CYP2E1/UGT2B15/UGT2B7,Robust Supported
Factor2,Positive,KEGG_Pathway,hsa00982,Drug metabolism - cytochrome P450,15/72,31/493,3.34701464666759e-06,5.82380548520161e-05,15,CYP3A4/CYP1A2/CYP2A6/ADH4/CYP2A7/UGT1A4/ADH1B/ADH1C/CYP2C8/CYP2C9/UGT2B10/CYP2E1/FMO3/UGT2B15/UGT2B7,Robust Supported
Factor2,Positive,KEGG_Pathway,hsa00140,Steroid hormone biosynthesis,13/72,25/493,6.12548794280958e-06,8.88195751707389e-05,13,CYP3A4/CYP1A2/HSD11B1/UGT1A4/CYP1A1/HSD17B6/CYP7A1/UGT2B10/CYP2E1/SRD5A2/AKR1D1/UGT2B15/UGT2B7,Robust Supported
Factor2,Positive,KEGG_Pathway,hsa04976,Bile secretion,12/72,25/493,4.28400768246011e-05,0.000532440954820042,12,CYP3A4/SLC10A1/SLC22A1/AQP9/UGT1A4/SULT2A1/SLC27A5/ABCB11/CYP7A1/UGT2B10/UGT2B15/UGT2B7,Robust Supported
Factor2,Positive,KEGG_Pathway,hsa00983,Drug metabolism - other enzymes,10/72,20/493,0.000133788196404927,0.00145494663590358,10,CYP3A4/CYP2A6/CYP2A7/UGT1A4/NAT2/UGT2B10/CYP2E1/DPYS/UGT2B15/UGT2B7,Robust Supported
Factor2,Positive,KEGG_Pathway,hsa00591,Linoleic acid metabolism,5/72,7/493,0.000969262728777645,0.00936953971151723,5,CYP3A4/CYP1A2/CYP2C8/CYP2C9/CYP2E1,Robust Supported
Factor2,Positive,KEGG_Pathway,hsa00232,Caffeine metabolism,4/72,5/493,0.0018801792217824,0.0163575592295069,4,CYP1A2/CYP2A6/CYP2A7/NAT2,Exploratory
Factor2,Positive,KEGG_Pathway,hsa00270,Cysteine and methionine metabolism,5/72,8/493,0.00229018370356891,0.018113271110045,5,TAT/BHMT/GNMT/SDS/CTH,Robust Supported
Factor2,Positive,KEGG_Pathway,hsa05207,Chemical carcinogenesis - receptor activation,10/72,28/493,0.00349231975832105,0.0253193182478276,10,CYP3A4/CYP1A2/UGT1A4/CYP1A1/UGT2B10/AR/ESR1/NR1I3/UGT2B15/UGT2B7,Robust Supported
Factor2,Positive,KEGG_Pathway,hsa01240,Biosynthesis of cofactors,7/72,16/493,0.00409472103031917,0.0274031330490591,7,HPD/UGT1A4/ASPDH/HSD17B6/UGT2B10/UGT2B15/UGT2B7,Robust Supported
Factor2,Positive,KEGG_Pathway,hsa00260,"Glycine, serine and threonine metabolism",5/72,9/493,0.00456707016733282,0.0283810788969968,5,BHMT/GNMT/SDS/AGXT/CTH,Robust Supported
Factor2,Positive,KEGG_Pathway,hsa00670,One carbon pool by folate,4/72,6/493,0.00501527697509207,0.029088606455534,4,BHMT/GNMT/ALDH1L1/CTH,Exploratory
Factor2,Positive,KEGG_Pathway,hsa00350,Tyrosine metabolism,5/72,10/493,0.0080981259105171,0.0438462234143479,5,TAT/HPD/ADH4/ADH1B/ADH1C,Robust Supported
Factor2,Positive,KEGG_Pathway,hsa03320,PPAR signaling pathway,7/72,18/493,0.00889406381151175,0.0438462234143479,7,CYP8B1/PCK1/SLC27A5/APOA5/CYP7A1/APOC3/ACADL,Robust Supported
Factor2,Positive,KEGG_Pathway,hsa00010,Glycolysis / Gluconeogenesis,6/72,14/493,0.00907163243055474,0.0438462234143479,6,ADH4/PCK1/ADH1B/ADH1C/G6PC1/ALDOB,Robust Supported
Factor2,Positive,KEGG_Pathway,hsa00120,Primary bile acid biosynthesis,4/72,7/493,0.0104099626368446,0.0476666710213411,4,CYP8B1/SLC27A5/CYP7A1/AKR1D1,Exploratory
Factor2,Positive,KEGG_Pathway,hsa00071,Fatty acid degradation,4/72,8/493,0.0185297415701203,0.07676607221907,4,ADH4/ADH1B/ADH1C/ACADL,Exploratory
Factor2,Positive,KEGG_Pathway,hsa00620,Pyruvate metabolism,4/72,8/493,0.0185297415701203,0.07676607221907,4,ADH4/PCK1/ADH1B/ADH1C,Exploratory
Factor2,Positive,KEGG_Pathway,hsa00860,Porphyrin metabolism,4/72,9/493,0.0296998786923504,0.117449520283386,4,UGT1A4/UGT2B10/UGT2B15/UGT2B7,Exploratory
Factor2,Positive,KEGG_Pathway,hsa00053,Ascorbate and aldarate metabolism,4/72,10/493,0.0441010472135725,0.166817004677426,4,UGT1A4/UGT2B10/UGT2B15/UGT2B7,Exploratory
Factor2,Negative,GO_Biological_Process,GO:0000280,nuclear division,32/97,39/828,7.7385478074365e-26,1.20411803883712e-22,32,MYBL2/SPHK1/CDC20/UBE2C/KIF2C/SKA1/ANLN/PLK1/KIF18B/BUB1B/TRIP13/TOP2A/BIRC5/KIF4A/DLGAP5/CENPF/KIF23/AURKB/NUF2/CCNB2/MKI67/KIFC1/CDK1/NCAPG/PTTG1/LIF/TTK/CDT1/CCNE1/CDC25C/SKA3/UHRF1,Robust Supported
Factor2,Negative,GO_Biological_Process,GO:0007059,chromosome segregation,30/97,35/828,2.74250788889332e-25,2.133671137559e-22,30,MYBL2/CDC20/UBE2C/KIF2C/SKA1/PLK1/KIF18B/BUB1B/TRIP13/TOP2A/BIRC5/KIF4A/DLGAP5/CENPF/KIF23/AURKB/NUF2/CCNB2/HJURP/MKI67/KIFC1/CDK1/NCAPG/CENPM/PTTG1/TTK/CDT1/CCNE1/SKA3/UHRF1,Robust Supported
Factor2,Negative,GO_Biological_Process,GO:0048285,organelle fission,32/97,41/828,1.49236494501216e-24,7.74039951479641e-22,32,MYBL2/SPHK1/CDC20/UBE2C/KIF2C/SKA1/ANLN/PLK1/KIF18B/BUB1B/TRIP13/TOP2A/BIRC5/KIF4A/DLGAP5/CENPF/KIF23/AURKB/NUF2/CCNB2/MKI67/KIFC1/CDK1/NCAPG/PTTG1/LIF/TTK/CDT1/CCNE1/CDC25C/SKA3/UHRF1,Robust Supported
Factor2,Negative,GO_Biological_Process,GO:0098813,nuclear chromosome segregation,27/97,31/828,4.45302479381188e-23,1.38578131583426e-20,27,MYBL2/CDC20/UBE2C/KIF2C/SKA1/PLK1/KIF18B/BUB1B/TRIP13/TOP2A/BIRC5/KIF4A/DLGAP5/CENPF/KIF23/AURKB/NUF2/CCNB2/KIFC1/CDK1/NCAPG/PTTG1/TTK/CDT1/CCNE1/SKA3/UHRF1,Robust Supported
Factor2,Negative,GO_Biological_Process,GO:0140014,mitotic nuclear division,27/97,31/828,4.45302479381188e-23,1.38578131583426e-20,27,MYBL2/SPHK1/CDC20/UBE2C/KIF2C/SKA1/ANLN/PLK1/KIF18B/BUB1B/TRIP13/BIRC5/KIF4A/DLGAP5/CENPF/KIF23/AURKB/NUF2/MKI67/KIFC1/CDK1/NCAPG/TTK/CDT1/CDC25C/SKA3/UHRF1,Robust Supported
Factor2,Negative,GO_Biological_Process,GO:1903047,mitotic cell cycle process,36/97,57/828,1.4911048411883e-22,3.86693188814833e-20,36,MYBL2/SPHK1/CDC20/UBE2C/CEP55/KIF2C/SKA1/GTSE1/ANLN/PLK1/KIF18B/BUB1B/TRIP13/KIF20A/BIRC5/KIF4A/DLGAP5/CENPF/KIF23/AURKB/NUF2/CCNB2/MKI67/KIFC1/CDK1/NCAPG/MELK/FOXM1/TTK/CDT1/CCNE1/CDC25C/SKA3/UHRF1/CDKN3/CCNA2,Robust Supported
Factor2,Negative,GO_Biological_Process,GO:0022402,cell cycle process,41/97,76/828,3.53243099235113e-22,7.85208946299765e-20,41,MYBL2/SPHK1/CDC20/UBE2C/CEP55/KIF2C/SKA1/GTSE1/ANLN/PLK1/KIF18B/BUB1B/TRIP13/TOP2A/KIF20A/BIRC5/KIF4A/DLGAP5/CENPF/KIF23/AURKB/NUF2/CCNB2/HJURP/MKI67/KIFC1/CDK1/NCAPG/CENPM/PTTG1/MELK/FOXM1/LIF/TTK/CDT1/CCNE1/CDC25C/SKA3/UHRF1/CDKN3/CCNA2,Robust Supported
Factor2,Negative,GO_Biological_Process,GO:0000070,mitotic sister chromatid segregation,23/97,24/828,6.65234235654361e-22,1.29388058834773e-19,23,MYBL2/CDC20/UBE2C/KIF2C/SKA1/PLK1/KIF18B/BUB1B/TRIP13/BIRC5/KIF4A/DLGAP5/CENPF/KIF23/AURKB/NUF2/KIFC1/CDK1/NCAPG/TTK/CDT1/SKA3/UHRF1,Robust Supported
Factor2,Negative,GO_Biological_Process,GO:0000819,sister chromatid segregation,24/97,26/828,7.56615613377745e-22,1.30810432712864e-19,24,MYBL2/CDC20/UBE2C/KIF2C/SKA1/PLK1/KIF18B/BUB1B/TRIP13/TOP2A/BIRC5/KIF4A/DLGAP5/CENPF/KIF23/AURKB/NUF2/KIFC1/CDK1/NCAPG/TTK/CDT1/SKA3/UHRF1,Robust Supported
Factor2,Negative,GO_Biological_Process,GO:0000278,mitotic cell cycle,36/97,61/828,4.46544005328934e-21,6.94822472291822e-19,36,MYBL2/SPHK1/CDC20/UBE2C/CEP55/KIF2C/SKA1/GTSE1/ANLN/PLK1/KIF18B/BUB1B/TRIP13/KIF20A/BIRC5/KIF4A/DLGAP5/CENPF/KIF23/AURKB/NUF2/CCNB2/MKI67/KIFC1/CDK1/NCAPG/MELK/FOXM1/TTK/CDT1/CCNE1/CDC25C/SKA3/UHRF1/CDKN3/CCNA2,Robust Supported
Factor2,Negative,GO_Biological_Process,GO:0051276,chromosome organization,28/97,37/828,9.97469275002682e-21,1.41096562900379e-18,28,MYBL2/CDC20/UBE2C/KIF2C/SKA1/PLK1/KIF18B/BUB1B/TRIP13/TOP2A/BIRC5/KIF4A/DLGAP5/CENPF/KIF23/AURKB/NUF2/HJURP/KIFC1/CDK1/NCAPG/PTTG1/EXO1/TTK/CDT1/CCNE1/SKA3/UHRF1,Robust Supported
Factor2,Negative,GO_Biological_Process,GO:0007049,cell cycle,43/97,91/828,2.44027290192761e-20,3.16422052949947e-18,43,MYBL2/SPHK1/CDC20/UBE2C/CEP55/KIF2C/TRNP1/SKA1/GTSE1/ANLN/PLK1/KIF18B/BUB1B/TRIP13/TOP2A/KIF20A/BIRC5/KIF4A/DLGAP5/CENPF/KIF23/AURKB/NUF2/CCNB2/HJURP/MKI67/KIFC1/CDK1/NCAPG/CENPM/PTTG1/MELK/FOXM1/EXO1/LIF/TTK/CDT1/CCNE1/CDC25C/SKA3/UHRF1/CDKN3/CCNA2,Robust Supported
Factor2,Negative,GO_Biological_Process,GO:0051301,cell division,26/97,44/828,4.63812781986492e-15,5.55148222131525e-13,26,CDC20/UBE2C/CEP55/KIF2C/ANLN/PLK1/KIF18B/BUB1B/TOP2A/KIF20A/BIRC5/KIF4A/CENPF/KIF23/AURKB/NUF2/CCNB2/KIFC1/CDK1/NCAPG/PTTG1/CDT1/CCNE1/CDC25C/SKA3/CCNA2,Robust Supported
Factor2,Negative,GO_Biological_Process,GO:0051983,regulation of chromosome segregation,17/97,19/828,5.51731021202927e-15,6.13209620708396e-13,17,CDC20/UBE2C/KIF2C/SKA1/PLK1/BUB1B/TRIP13/BIRC5/DLGAP5/CENPF/AURKB/NUF2/MKI67/CDK1/NCAPG/TTK/SKA3,Robust Supported
Factor2,Negative,GO_Biological_Process,GO:0044772,mitotic cell cycle phase transition,23/97,36/828,2.10170104456626e-14,2.18016455023007e-12,23,CDC20/UBE2C/SKA1/GTSE1/ANLN/PLK1/BUB1B/TRIP13/BIRC5/DLGAP5/CENPF/AURKB/NUF2/CCNB2/CDK1/MELK/FOXM1/TTK/CCNE1/CDC25C/SKA3/CDKN3/CCNA2,Robust Supported
Factor2,Negative,GO_Biological_Process,GO:0044770,cell cycle phase transition,24/97,40/828,4.03331302709033e-14,3.92239691884535e-12,24,CDC20/UBE2C/SKA1/GTSE1/ANLN/PLK1/BUB1B/TRIP13/BIRC5/DLGAP5/CENPF/AURKB/NUF2/CCNB2/CDK1/MELK/FOXM1/TTK/CDT1/CCNE1/CDC25C/SKA3/CDKN3/CCNA2,Robust Supported
Factor2,Negative,GO_Biological_Process,GO:0010564,regulation of cell cycle process,26/97,47/828,4.30347566698953e-14,3.93894596343277e-12,26,SPHK1/CDC20/UBE2C/KIF2C/SKA1/GTSE1/ANLN/PLK1/BUB1B/TRIP13/KIF20A/BIRC5/DLGAP5/CENPF/KIF23/AURKB/NUF2/MKI67/CDK1/NCAPG/LIF/TTK/CDT1/CCNE1/CDC25C/SKA3,Robust Supported
Factor2,Negative,GO_Biological_Process,GO:0007051,spindle organization,15/97,17/828,4.34796421989814e-13,3.75857351453417e-11,15,MYBL2/CDC20/SKA1/PLK1/BIRC5/KIF4A/DLGAP5/KIF23/AURKB/NUF2/CCNB2/KIFC1/TTK/SKA3/UHRF1,Robust Supported
Factor2,Negative,GO_Biological_Process,GO:0051304,chromosome separation,14/97,15/828,5.19115759268292e-13,4.03872060710731e-11,14,CDC20/UBE2C/SKA1/PLK1/BUB1B/TRIP13/BIRC5/DLGAP5/CENPF/AURKB/NUF2/NCAPG/TTK/SKA3,Robust Supported
Factor2,Negative,GO_Biological_Process,GO:1905818,regulation of chromosome separation,14/97,15/828,5.19115759268292e-13,4.03872060710731e-11,14,CDC20/UBE2C/SKA1/PLK1/BUB1B/TRIP13/BIRC5/DLGAP5/CENPF/AURKB/NUF2/NCAPG/TTK/SKA3,Robust Supported
Factor2,Negative,GO_Biological_Process,GO:0051726,regulation of cell cycle,29/97,63/828,5.88125245036411e-13,4.35772800607931e-11,29,SPHK1/CDC20/UBE2C/KIF2C/TRNP1/SKA1/GTSE1/ANLN/PLK1/BUB1B/TRIP13/KIF20A/BIRC5/DLGAP5/CENPF/KIF23/AURKB/NUF2/MKI67/CDK1/NCAPG/FOXM1/LIF/TTK/CDT1/CCNE1/CDC25C/SKA3/CDKN3,Robust Supported
Factor2,Negative,GO_Biological_Process,GO:0051783,regulation of nuclear division,17/97,22/828,6.33136311862457e-13,4.47800046026356e-11,17,SPHK1/CDC20/UBE2C/SKA1/PLK1/BUB1B/TRIP13/BIRC5/DLGAP5/CENPF/AURKB/NUF2/MKI67/LIF/TTK/CDC25C/SKA3,Robust Supported
Factor2,Negative,GO_Biological_Process,GO:0007088,regulation of mitotic nuclear division,16/97,20/828,1.28408208581596e-12,8.68709445882448e-11,16,SPHK1/CDC20/UBE2C/SKA1/PLK1/BUB1B/TRIP13/BIRC5/DLGAP5/CENPF/AURKB/NUF2/MKI67/TTK/CDC25C/SKA3,Robust Supported
Factor2,Negative,GO_Biological_Process,GO:0033045,regulation of sister chromatid segregation,14/97,16/828,3.75743409096343e-12,2.43606976897462e-10,14,CDC20/UBE2C/SKA1/PLK1/BUB1B/TRIP13/BIRC5/DLGAP5/CENPF/AURKB/NUF2/CDK1/TTK/SKA3,Robust Supported
Factor2,Negative,GO_Biological_Process,GO:0010965,regulation of mitotic sister chromatid separation,13/97,14/828,4.6980884635034e-12,2.81162524969665e-10,13,CDC20/UBE2C/SKA1/PLK1/BUB1B/TRIP13/BIRC5/DLGAP5/CENPF/AURKB/NUF2/TTK/SKA3,Robust Supported
Factor2,Negative,GO_Biological_Process,GO:0051306,mitotic sister chromatid separation,13/97,14/828,4.6980884635034e-12,2.81162524969665e-10,13,CDC20/UBE2C/SKA1/PLK1/BUB1B/TRIP13/BIRC5/DLGAP5/CENPF/AURKB/NUF2/TTK/SKA3,Robust Supported
Factor2,Negative,GO_Biological_Process,GO:0007346,regulation of mitotic cell cycle,20/97,34/828,1.32577493249441e-11,7.64039183318999e-10,20,SPHK1/CDC20/UBE2C/SKA1/GTSE1/ANLN/PLK1/BUB1B/TRIP13/BIRC5/DLGAP5/CENPF/AURKB/NUF2/MKI67/CDK1/TTK/CCNE1/CDC25C/SKA3,Robust Supported
Factor2,Negative,GO_Biological_Process,GO:0033044,regulation of chromosome organization,16/97,22/828,1.62240406201523e-11,9.01593114462752e-10,16,CDC20/UBE2C/SKA1/PLK1/BUB1B/TRIP13/TOP2A/BIRC5/DLGAP5/CENPF/AURKB/NUF2/CDK1/NCAPG/TTK/SKA3,Robust Supported
Factor2,Negative,GO_Biological_Process,GO:1901990,regulation of mitotic cell cycle phase transition,18/97,28/828,1.91876832610023e-11,1.02951845359033e-09,18,CDC20/UBE2C/SKA1/GTSE1/ANLN/PLK1/BUB1B/TRIP13/BIRC5/DLGAP5/CENPF/AURKB/NUF2/CDK1/TTK/CCNE1/CDC25C/SKA3,Robust Supported
Factor2,Negative,GO_Biological_Process,GO:0007091,metaphase/anaphase transition of mitotic cell cycle,13/97,15/828,3.18614110410321e-11,1.50231380544988e-09,13,CDC20/UBE2C/SKA1/PLK1/BUB1B/TRIP13/BIRC5/DLGAP5/CENPF/AURKB/NUF2/TTK/SKA3,Robust Supported
Factor2,Negative,GO_Biological_Process,GO:0030071,regulation of mitotic metaphase/anaphase transition,13/97,15/828,3.18614110410321e-11,1.50231380544988e-09,13,CDC20/UBE2C/SKA1/PLK1/BUB1B/TRIP13/BIRC5/DLGAP5/CENPF/AURKB/NUF2/TTK/SKA3,Robust Supported
Factor2,Negative,GO_Biological_Process,GO:0044784,metaphase/anaphase transition of cell cycle,13/97,15/828,3.18614110410321e-11,1.50231380544988e-09,13,CDC20/UBE2C/SKA1/PLK1/BUB1B/TRIP13/BIRC5/DLGAP5/CENPF/AURKB/NUF2/TTK/SKA3,Robust Supported
Factor2,Negative,GO_Biological_Process,GO:1902099,regulation of metaphase/anaphase transition of cell cycle,13/97,15/828,3.18614110410321e-11,1.50231380544988e-09,13,CDC20/UBE2C/SKA1/PLK1/BUB1B/TRIP13/BIRC5/DLGAP5/CENPF/AURKB/NUF2/TTK/SKA3,Robust Supported
Factor2,Negative,GO_Biological_Process,GO:1901987,regulation of cell cycle phase transition,19/97,32/828,3.734482283438e-11,1.70907483324398e-09,19,CDC20/UBE2C/SKA1/GTSE1/ANLN/PLK1/BUB1B/TRIP13/BIRC5/DLGAP5/CENPF/AURKB/NUF2/CDK1/TTK/CDT1/CCNE1/CDC25C/SKA3,Robust Supported
Factor2,Negative,GO_Biological_Process,GO:0007052,mitotic spindle organization,12/97,13/828,4.18593398552818e-11,1.71402981091627e-09,12,MYBL2/CDC20/PLK1/BIRC5/KIF4A/DLGAP5/KIF23/AURKB/NUF2/KIFC1/TTK/UHRF1,Robust Supported
Factor2,Negative,GO_Biological_Process,GO:0033047,regulation of mitotic sister chromatid segregation,12/97,13/828,4.18593398552818e-11,1.71402981091627e-09,12,CDC20/SKA1/PLK1/BUB1B/TRIP13/BIRC5/CENPF/AURKB/NUF2/CDK1/TTK/SKA3,Robust Supported
Factor2,Negative,GO_Biological_Process,GO:0051225,spindle assembly,12/97,13/828,4.18593398552818e-11,1.71402981091627e-09,12,MYBL2/CDC20/SKA1/PLK1/BIRC5/KIF4A/KIF23/AURKB/CCNB2/KIFC1/SKA3/UHRF1,Robust Supported
Factor2,Negative,GO_Biological_Process,GO:0051784,negative regulation of nuclear division,12/97,13/828,4.18593398552818e-11,1.71402981091627e-09,12,CDC20/SKA1/PLK1/BUB1B/TRIP13/BIRC5/CENPF/AURKB/NUF2/LIF/TTK/SKA3,Robust Supported
Factor2,Negative,GO_Biological_Process,GO:0051321,meiotic cell cycle,14/97,18/828,7.84177716835597e-11,3.12866801896459e-09,14,CDC20/SKA1/PLK1/TRIP13/TOP2A/NUF2/CCNB2/PTTG1/EXO1/LIF/TTK/CCNE1/CDC25C/SKA3,Robust Supported
Factor2,Negative,GO_Biological_Process,GO:1902850,microtubule cytoskeleton organization involved in mitosis,13/97,16/828,1.53645311157995e-10,5.976802604046e-09,13,MYBL2/CDC20/PLK1/BIRC5/KIF4A/DLGAP5/KIF23/AURKB/NUF2/KIFC1/CDK1/TTK/UHRF1,Robust Supported
Factor2,Negative,GO_Biological_Process,GO:0050000,chromosome localization,12/97,14/828,2.64826848205951e-10,9.81120418591572e-09,12,KIF2C/SKA1/BIRC5/DLGAP5/CENPF/AURKB/NUF2/KIFC1/CDK1/TTK/CDT1/SKA3,Robust Supported
Factor2,Negative,GO_Biological_Process,GO:2001251,negative regulation of chromosome organization,12/97,14/828,2.64826848205951e-10,9.81120418591572e-09,12,CDC20/SKA1/PLK1/BUB1B/TRIP13/TOP2A/BIRC5/CENPF/AURKB/NUF2/TTK/SKA3,Robust Supported
Factor2,Negative,GO_Biological_Process,GO:0007080,mitotic metaphase chromosome alignment,10/97,10/828,3.18208784558958e-10,1.03809867387641e-08,10,KIF2C/SKA1/BIRC5/AURKB/NUF2/KIFC1/CDK1/TTK/CDT1/SKA3,Robust Supported
Factor2,Negative,GO_Biological_Process,GO:0007094,mitotic spindle assembly checkpoint signaling,11/97,12/828,3.66937191922894e-10,1.03809867387641e-08,11,CDC20/SKA1/PLK1/BUB1B/TRIP13/BIRC5/CENPF/AURKB/NUF2/TTK/SKA3,Robust Supported
Factor2,Negative,GO_Biological_Process,GO:0031577,spindle checkpoint signaling,11/97,12/828,3.66937191922894e-10,1.03809867387641e-08,11,CDC20/SKA1/PLK1/BUB1B/TRIP13/BIRC5/CENPF/AURKB/NUF2/TTK/SKA3,Robust Supported
Factor2,Negative,GO_Biological_Process,GO:0033046,negative regulation of sister chromatid segregation,11/97,12/828,3.66937191922894e-10,1.03809867387641e-08,11,CDC20/SKA1/PLK1/BUB1B/TRIP13/BIRC5/CENPF/AURKB/NUF2/TTK/SKA3,Robust Supported
Factor2,Negative,GO_Biological_Process,GO:0033048,negative regulation of mitotic sister chromatid segregation,11/97,12/828,3.66937191922894e-10,1.03809867387641e-08,11,CDC20/SKA1/PLK1/BUB1B/TRIP13/BIRC5/CENPF/AURKB/NUF2/TTK/SKA3,Robust Supported
Factor2,Negative,GO_Biological_Process,GO:0045839,negative regulation of mitotic nuclear division,11/97,12/828,3.66937191922894e-10,1.03809867387641e-08,11,CDC20/SKA1/PLK1/BUB1B/TRIP13/BIRC5/CENPF/AURKB/NUF2/TTK/SKA3,Robust Supported
Factor2,Negative,GO_Biological_Process,GO:0045841,negative regulation of mitotic metaphase/anaphase transition,11/97,12/828,3.66937191922894e-10,1.03809867387641e-08,11,CDC20/SKA1/PLK1/BUB1B/TRIP13/BIRC5/CENPF/AURKB/NUF2/TTK/SKA3,Robust Supported
Factor2,Negative,GO_Biological_Process,GO:0051985,negative regulation of chromosome segregation,11/97,12/828,3.66937191922894e-10,1.03809867387641e-08,11,CDC20/SKA1/PLK1/BUB1B/TRIP13/BIRC5/CENPF/AURKB/NUF2/TTK/SKA3,Robust Supported
Factor2,Negative,GO_Biological_Process,GO:0071173,spindle assembly checkpoint signaling,11/97,12/828,3.66937191922894e-10,1.03809867387641e-08,11,CDC20/SKA1/PLK1/BUB1B/TRIP13/BIRC5/CENPF/AURKB/NUF2/TTK/SKA3,Robust Supported
Factor2,Negative,GO_Biological_Process,GO:0071174,mitotic spindle checkpoint signaling,11/97,12/828,3.66937191922894e-10,1.03809867387641e-08,11,CDC20/SKA1/PLK1/BUB1B/TRIP13/BIRC5/CENPF/AURKB/NUF2/TTK/SKA3,Robust Supported
Factor2,Negative,GO_Biological_Process,GO:1902100,negative regulation of metaphase/anaphase transition of cell cycle,11/97,12/828,3.66937191922894e-10,1.03809867387641e-08,11,CDC20/SKA1/PLK1/BUB1B/TRIP13/BIRC5/CENPF/AURKB/NUF2/TTK/SKA3,Robust Supported
Factor2,Negative,GO_Biological_Process,GO:1905819,negative regulation of chromosome separation,11/97,12/828,3.66937191922894e-10,1.03809867387641e-08,11,CDC20/SKA1/PLK1/BUB1B/TRIP13/BIRC5/CENPF/AURKB/NUF2/TTK/SKA3,Robust Supported
Factor2,Negative,GO_Biological_Process,GO:2000816,negative regulation of mitotic sister chromatid separation,11/97,12/828,3.66937191922894e-10,1.03809867387641e-08,11,CDC20/SKA1/PLK1/BUB1B/TRIP13/BIRC5/CENPF/AURKB/NUF2/TTK/SKA3,Robust Supported
Factor2,Negative,GO_Biological_Process,GO:0007093,mitotic cell cycle checkpoint signaling,13/97,17/828,5.90387573646413e-10,1.6116544992874e-08,13,CDC20/SKA1/GTSE1/PLK1/BUB1B/TRIP13/BIRC5/CENPF/AURKB/NUF2/CDK1/TTK/SKA3,Robust Supported
Factor2,Negative,GO_Biological_Process,GO:1903046,meiotic cell cycle process,13/97,17/828,5.90387573646413e-10,1.6116544992874e-08,13,CDC20/SKA1/PLK1/TRIP13/TOP2A/NUF2/CCNB2/PTTG1/LIF/TTK/CCNE1/CDC25C/SKA3,Robust Supported
Factor2,Negative,GO_Biological_Process,GO:0000075,cell cycle checkpoint signaling,14/97,20/828,8.1271789605135e-10,2.18032594182052e-08,14,CDC20/SKA1/GTSE1/PLK1/BUB1B/TRIP13/BIRC5/CENPF/AURKB/NUF2/CDK1/TTK/CDT1/SKA3,Robust Supported
Factor2,Negative,GO_Biological_Process,GO:0000226,microtubule cytoskeleton organization,19/97,37/828,1.16720301739527e-09,3.07825066960516e-08,19,MYBL2/CDC20/KIF2C/SKA1/PLK1/KIF18B/KIF20A/BIRC5/KIF4A/DLGAP5/KIF23/AURKB/NUF2/CCNB2/KIFC1/CDK1/TTK/SKA3/UHRF1,Robust Supported
Factor2,Negative,GO_Biological_Process,GO:0140013,meiotic nuclear division,12/97,15/828,1.19668859686563e-09,3.10341242787154e-08,12,CDC20/SKA1/PLK1/TRIP13/TOP2A/NUF2/CCNB2/PTTG1/LIF/TTK/CCNE1/SKA3,Robust Supported
Factor2,Negative,GO_Biological_Process,GO:0051303,establishment of chromosome localization,11/97,13/828,2.15486537829478e-09,5.40801698165594e-08,11,KIF2C/SKA1/BIRC5/CENPF/AURKB/NUF2/KIFC1/CDK1/TTK/CDT1/SKA3,Robust Supported
Factor2,Negative,GO_Biological_Process,GO:0051310,metaphase chromosome alignment,11/97,13/828,2.15486537829478e-09,5.40801698165594e-08,11,KIF2C/SKA1/BIRC5/CENPF/AURKB/NUF2/KIFC1/CDK1/TTK/CDT1/SKA3,Robust Supported
Factor2,Negative,GO_Biological_Process,GO:0007017,microtubule-based process,20/97,42/828,2.25599512381299e-09,5.52801224692071e-08,20,MYBL2/CDC20/KIF2C/SKA1/GTSE1/PLK1/KIF18B/KIF20A/BIRC5/KIF4A/DLGAP5/KIF23/AURKB/NUF2/CCNB2/KIFC1/CDK1/TTK/SKA3/UHRF1,Robust Supported
Factor2,Negative,GO_Biological_Process,GO:0006996,organelle organization,40/97,144/828,2.2737325437206e-09,5.52801224692071e-08,40,MYBL2/SPHK1/CDC20/UBE2C/KIF2C/MMP9/SKA1/ANLN/PLK1/KIF18B/BUB1B/TRIP13/TOP2A/KIF20A/BIRC5/KIF4A/DLGAP5/TMED3/CENPF/KIF23/AURKB/NUF2/CCNB2/HJURP/MKI67/HK2/KIFC1/CDK1/NCAPG/PTTG1/EXO1/LIF/TTK/KRT23/CDT1/CCNE1/BACE2/CDC25C/SKA3/UHRF1,Robust Supported
Factor2,Negative,GO_Biological_Process,GO:0090307,mitotic spindle assembly,9/97,9/828,2.96151130174757e-09,7.08940243926034e-08,9,MYBL2/CDC20/PLK1/BIRC5/KIF4A/KIF23/AURKB/KIFC1/UHRF1,Robust Supported
Factor2,Negative,GO_Biological_Process,GO:0010948,negative regulation of cell cycle process,15/97,25/828,4.70505486940244e-09,1.1092523298167e-07,15,CDC20/SKA1/GTSE1/PLK1/BUB1B/TRIP13/BIRC5/CENPF/AURKB/NUF2/CDK1/LIF/TTK/CDT1/SKA3,Robust Supported
Factor2,Negative,GO_Biological_Process,GO:1901991,negative regulation of mitotic cell cycle phase transition,13/97,19/828,5.5007468298057e-09,1.27748687569816e-07,13,CDC20/SKA1/GTSE1/PLK1/BUB1B/TRIP13/BIRC5/CENPF/AURKB/NUF2/CDK1/TTK/SKA3,Robust Supported
Factor2,Negative,GO_Biological_Process,GO:0045930,negative regulation of mitotic cell cycle,13/97,20/828,1.42070862782066e-08,3.25091562483669e-07,13,CDC20/SKA1/GTSE1/PLK1/BUB1B/TRIP13/BIRC5/CENPF/AURKB/NUF2/CDK1/TTK/SKA3,Robust Supported
Factor2,Negative,GO_Biological_Process,GO:0045132,meiotic chromosome segregation,9/97,10/828,2.67512339564452e-08,5.94488161521524e-07,9,SKA1/PLK1/TRIP13/NUF2/CCNB2/PTTG1/TTK/CCNE1/SKA3,Robust Supported
Factor2,Negative,GO_Biological_Process,GO:0051315,attachment of mitotic spindle microtubules to kinetochore,8/97,8/828,2.72858344655394e-08,5.94488161521524e-07,8,KIF2C/SKA1/BIRC5/AURKB/NUF2/CDK1/CDT1/SKA3,Robust Supported
Factor2,Negative,GO_Biological_Process,GO:1905820,positive regulation of chromosome separation,8/97,8/828,2.72858344655394e-08,5.94488161521524e-07,8,CDC20/UBE2C/SKA1/BIRC5/DLGAP5/AURKB/NCAPG/SKA3,Robust Supported
Factor2,Negative,GO_Biological_Process,GO:1901988,negative regulation of cell cycle phase transition,14/97,24/828,2.75084496333867e-08,5.94488161521524e-07,14,CDC20/SKA1/GTSE1/PLK1/BUB1B/TRIP13/BIRC5/CENPF/AURKB/NUF2/CDK1/TTK/CDT1/SKA3,Robust Supported
Factor2,Negative,GO_Biological_Process,GO:0090068,positive regulation of cell cycle process,13/97,21/828,3.37101486564316e-08,7.18534127526131e-07,13,SPHK1/CDC20/UBE2C/SKA1/BIRC5/DLGAP5/KIF23/AURKB/CDK1/NCAPG/CCNE1/CDC25C/SKA3,Robust Supported
Factor2,Negative,GO_Biological_Process,GO:0140694,non-membrane-bounded organelle assembly,15/97,29/828,7.47765047531955e-08,1.57232758643206e-06,15,MYBL2/CDC20/SKA1/ANLN/PLK1/BIRC5/KIF4A/DLGAP5/CENPF/KIF23/AURKB/CCNB2/KIFC1/SKA3/UHRF1,Robust Supported
Factor2,Negative,GO_Biological_Process,GO:0019953,sexual reproduction,20/97,50/828,9.4839632692126e-08,1.96760624625264e-06,20,GAL3ST1/CDC20/TYRO3/SPINK1/SKA1/AFP/PLK1/TRIP13/TOP2A/NUF2/CCNB2/CDK1/PAQR5/PTTG1/EXO1/LIF/TTK/CCNE1/CDC25C/SKA3,Robust Supported
Factor2,Negative,GO_Biological_Process,GO:0045786,negative regulation of cell cycle,15/97,30/828,1.35271571551251e-07,2.76950743860193e-06,15,CDC20/SKA1/GTSE1/PLK1/BUB1B/TRIP13/BIRC5/CENPF/AURKB/NUF2/CDK1/LIF/TTK/CDT1/SKA3,Robust Supported
Factor2,Negative,GO_Biological_Process,GO:0008608,attachment of spindle microtubules to kinetochore,8/97,9/828,2.21880419775874e-07,4.42622991245206e-06,8,KIF2C/SKA1/BIRC5/AURKB/NUF2/CDK1/CDT1/SKA3,Robust Supported
Factor2,Negative,GO_Biological_Process,GO:0061982,meiosis I cell cycle process,8/97,9/828,2.21880419775874e-07,4.42622991245206e-06,8,CDC20/PLK1/TRIP13/TOP2A/CCNB2/PTTG1/CCNE1/CDC25C,Robust Supported
Factor2,Negative,GO_Biological_Process,GO:1901970,positive regulation of mitotic sister chromatid separation,7/97,7/828,2.48907445513421e-07,4.90253145846687e-06,7,CDC20/UBE2C/SKA1/BIRC5/DLGAP5/AURKB/SKA3,Robust Supported
Factor2,Negative,GO_Biological_Process,GO:0045931,positive regulation of mitotic cell cycle,10/97,15/828,5.74595808153848e-07,1.09069892889729e-05,10,SPHK1/CDC20/UBE2C/SKA1/BIRC5/DLGAP5/CDK1/CCNE1/CDC25C/SKA3,Robust Supported
Factor2,Negative,GO_Biological_Process,GO:0010639,negative regulation of organelle organization,13/97,25/828,5.74789923969008e-07,1.09069892889729e-05,13,CDC20/SKA1/PLK1/BUB1B/TRIP13/TOP2A/BIRC5/CENPF/AURKB/NUF2/LIF/TTK/SKA3,Robust Supported
Factor2,Negative,GO_Biological_Process,GO:0045787,positive regulation of cell cycle,13/97,25/828,5.74789923969008e-07,1.09069892889729e-05,13,SPHK1/CDC20/UBE2C/SKA1/BIRC5/DLGAP5/KIF23/AURKB/CDK1/NCAPG/CCNE1/CDC25C/SKA3,Robust Supported
Factor2,Negative,GO_Biological_Process,GO:0000281,mitotic cytokinesis,8/97,10/828,1.00239716305359e-06,1.87919275386914e-05,8,CEP55/ANLN/PLK1/KIF20A/BIRC5/KIF4A/KIF23/AURKB,Robust Supported
Factor2,Negative,GO_Biological_Process,GO:1901989,positive regulation of cell cycle phase transition,9/97,13/828,1.40974476722634e-06,2.58066218565198e-05,9,CDC20/UBE2C/SKA1/BIRC5/DLGAP5/CDK1/CCNE1/CDC25C/SKA3,Robust Supported
Factor2,Negative,GO_Biological_Process,GO:1901992,positive regulation of mitotic cell cycle phase transition,9/97,13/828,1.40974476722634e-06,2.58066218565198e-05,9,CDC20/UBE2C/SKA1/BIRC5/DLGAP5/CDK1/CCNE1/CDC25C/SKA3,Robust Supported
Factor2,Negative,GO_Biological_Process,GO:0051656,establishment of organelle localization,12/97,23/828,1.57984649960943e-06,2.85841994580497e-05,12,KIF2C/SKA1/PLK1/BIRC5/CENPF/AURKB/NUF2/KIFC1/CDK1/TTK/CDT1/SKA3,Robust Supported
Factor2,Negative,GO_Biological_Process,GO:0007143,female meiotic nuclear division,7/97,8/828,1.80025872284859e-06,3.21977307212921e-05,7,SKA1/PLK1/TRIP13/TOP2A/CCNB2/TTK/SKA3,Robust Supported
Factor2,Negative,GO_Biological_Process,GO:0007127,meiosis I,6/97,6/828,2.24837274958277e-06,3.97553181630771e-05,6,PLK1/TRIP13/TOP2A/CCNB2/PTTG1/CCNE1,Robust Supported
Factor2,Negative,GO_Biological_Process,GO:0044839,cell cycle G2/M phase transition,10/97,17/828,3.03574835552451e-06,5.30744319235521e-05,10,PLK1/BIRC5/CENPF/AURKB/CCNB2/CDK1/MELK/FOXM1/CDC25C/CCNA2,Robust Supported
Factor2,Negative,GO_Biological_Process,GO:0061640,cytoskeleton-dependent cytokinesis,8/97,11/828,3.32104714614021e-06,5.74172151043796e-05,8,CEP55/ANLN/PLK1/KIF20A/BIRC5/KIF4A/KIF23/AURKB,Robust Supported
Factor2,Negative,GO_Biological_Process,GO:0006259,DNA metabolic process,15/97,37/828,4.03710396385056e-06,6.90300414038624e-05,15,SPHK1/PLK1/TRIP13/TOP2A/CENPF/AURKB/CDK1/MCM10/PTTG1/FOXM1/EXO1/CDT1/CCNE1/UHRF1/CCNA2,Robust Supported
Factor2,Negative,GO_Biological_Process,GO:0051640,organelle localization,13/97,29/828,5.00053872836978e-06,8.45743289276454e-05,13,KIF2C/SKA1/PLK1/BIRC5/DLGAP5/CENPF/AURKB/NUF2/KIFC1/CDK1/TTK/CDT1/SKA3,Robust Supported
Factor2,Negative,GO_Biological_Process,GO:0033043,regulation of organelle organization,21/97,67/828,5.3517591996532e-06,8.9541261447961e-05,21,SPHK1/CDC20/UBE2C/MMP9/SKA1/PLK1/BUB1B/TRIP13/TOP2A/BIRC5/DLGAP5/CENPF/AURKB/NUF2/MKI67/CDK1/NCAPG/LIF/TTK/CDC25C/SKA3,Robust Supported
Factor2,Negative,GO_Biological_Process,GO:0000086,G2/M transition of mitotic cell cycle,9/97,15/828,8.05209230217499e-06,0.000133287825767918,9,PLK1/BIRC5/CENPF/AURKB/CDK1/MELK/FOXM1/CDC25C/CCNA2,Robust Supported
Factor2,Negative,GO_Biological_Process,GO:0000910,cytokinesis,8/97,12/828,9.00273290640875e-06,0.000147455288446021,8,CEP55/ANLN/PLK1/KIF20A/BIRC5/KIF4A/KIF23/AURKB,Robust Supported
Factor2,Negative,GO_Biological_Process,GO:0070925,organelle assembly,15/97,40/828,1.28101727788709e-05,0.000207631550457532,15,MYBL2/CDC20/SKA1/ANLN/PLK1/BIRC5/KIF4A/DLGAP5/CENPF/KIF23/AURKB/CCNB2/KIFC1/SKA3/UHRF1,Robust Supported
Factor2,Negative,GO_Biological_Process,GO:0051984,positive regulation of chromosome segregation,6/97,7/828,1.42451645739989e-05,0.000228510062650951,6,SKA1/BIRC5/AURKB/CDK1/NCAPG/SKA3,Robust Supported
Factor2,Negative,GO_Biological_Process,GO:0022414,reproductive process,24/97,89/828,1.95064156109137e-05,0.000309714109087568,24,SPP1/GAL3ST1/CDC20/TYRO3/SPINK1/MMP9/SKA1/AFP/PLK1/TRIP13/TOP2A/NUF2/CCNB2/CA12/CDK1/PAQR5/PTTG1/EXO1/LIF/TTK/CCNE1/CDC25C/SKA3/DDR1,Robust Supported
Factor2,Negative,GO_Biological_Process,GO:0045842,positive regulation of mitotic metaphase/anaphase transition,5/97,5/828,2.01131605750719e-05,0.000312960778548119,5,CDC20/UBE2C/SKA1/DLGAP5/SKA3,Robust Supported
Factor2,Negative,GO_Biological_Process,GO:1902101,positive regulation of metaphase/anaphase transition of cell cycle,5/97,5/828,2.01131605750719e-05,0.000312960778548119,5,CDC20/UBE2C/SKA1/DLGAP5/SKA3,Robust Supported
Factor2,Negative,GO_Biological_Process,GO:0007276,gamete generation,14/97,38/828,3.29436239565942e-05,0.000507527513628322,14,GAL3ST1/TYRO3/SPINK1/SKA1/AFP/PLK1/TRIP13/TOP2A/CCNB2/PAQR5/PTTG1/TTK/CDC25C/SKA3,Robust Supported
Factor2,Negative,GO_Biological_Process,GO:0048609,multicellular organismal reproductive process,17/97,53/828,3.55972824814102e-05,0.000543033054324258,17,SPP1/GAL3ST1/TYRO3/SPINK1/SKA1/AFP/PLK1/TRIP13/TOP2A/CCNB2/CA12/PAQR5/PTTG1/LIF/TTK/CDC25C/SKA3,Robust Supported
Factor2,Negative,GO_Biological_Process,GO:0045840,positive regulation of mitotic nuclear division,6/97,8/828,5.15798821274497e-05,0.000779206763012735,6,SPHK1/CDC20/UBE2C/SKA1/DLGAP5/SKA3,Robust Supported
Factor2,Negative,GO_Biological_Process,GO:0035556,intracellular signal transduction,35/97,165/828,5.47770428900483e-05,0.000819548834008799,35,SPHK1/CD24/EPS8L3/DEPDC1B/CDC20/CCL20/TYRO3/CEP55/SPINK1/MMP9/SKA1/GTSE1/PLK1/BUB1B/TRIP13/BIRC5/CENPF/AURKB/NUF2/PYCR1/ARFGEF3/MAPK13/CDK1/DUSP9/MELK/FOXM1/SOX4/LIF/TTK/CDT1/SKA3/DEPDC1/ITPR3/DDR1/CCNA2,Robust Supported
Factor2,Negative,GO_Biological_Process,GO:0007292,female gamete generation,9/97,18/828,5.76582515114429e-05,0.000854440374779097,9,SKA1/AFP/PLK1/TRIP13/TOP2A/CCNB2/PAQR5/TTK/SKA3,Robust Supported
Factor2,Negative,GO_Biological_Process,GO:0006974,DNA damage response,12/97,32/828,0.000105580403270389,0.00154984063668609,12,EGLN3/GTSE1/PLK1/TRIP13/TOP2A/CDK1/MCM10/PTTG1/FOXM1/EXO1/SOX4/UHRF1,Robust Supported
Factor2,Negative,GO_Biological_Process,GO:0032465,regulation of cytokinesis,5/97,6/828,0.000109437099702518,0.00157670488089924,5,PLK1/KIF20A/BIRC5/KIF23/AURKB,Robust Supported
Factor2,Negative,GO_Biological_Process,GO:2001252,positive regulation of chromosome organization,5/97,6/828,0.000109437099702518,0.00157670488089924,5,SKA1/AURKB/CDK1/NCAPG/SKA3,Robust Supported
Factor2,Negative,GO_Biological_Process,GO:0051785,positive regulation of nuclear division,6/97,9/828,0.000140090480815142,0.00199982374448038,6,SPHK1/CDC20/UBE2C/SKA1/DLGAP5/SKA3,Robust Supported
Factor2,Negative,GO_Biological_Process,GO:0016043,cellular component organization,54/97,316/828,0.000150080881669396,0.00212296228979619,54,MYBL2/SPP1/SPHK1/PEG10/CD24/EPS8L3/SPINT1/CDC20/CTHRC1/UBE2C/CEP55/KIF2C/MMP9/SKA1/ANLN/PLK1/KIF18B/BUB1B/TRIP13/MMP11/TOP2A/MELTF/KIF20A/BIRC5/KIF4A/DLGAP5/TMED3/CENPF/KIF23/AURKB/NUF2/CCNB2/HJURP/MKI67/HK2/KIFC1/CDK1/NCAPG/PTTG1/MELK/EXO1/LIF/SUSD4/TTK/KRT23/CDT1/CCNE1/BACE2/CDC25C/SKA3/UHRF1/PAPLN/ITPR3/DDR1,Robust Supported
Factor2,Negative,GO_Biological_Process,GO:0071840,cellular component organization or biogenesis,54/97,317/828,0.00016639259348699,0.00233249437356538,54,MYBL2/SPP1/SPHK1/PEG10/CD24/EPS8L3/SPINT1/CDC20/CTHRC1/UBE2C/CEP55/KIF2C/MMP9/SKA1/ANLN/PLK1/KIF18B/BUB1B/TRIP13/MMP11/TOP2A/MELTF/KIF20A/BIRC5/KIF4A/DLGAP5/TMED3/CENPF/KIF23/AURKB/NUF2/CCNB2/HJURP/MKI67/HK2/KIFC1/CDK1/NCAPG/PTTG1/MELK/EXO1/LIF/SUSD4/TTK/KRT23/CDT1/CCNE1/BACE2/CDC25C/SKA3/UHRF1/PAPLN/ITPR3/DDR1,Robust Supported
Factor2,Negative,GO_Biological_Process,GO:0051649,establishment of localization in cell,18/97,66/828,0.000229295870023469,0.00318557476568319,18,CD24/TYRO3/KIF2C/SKA1/PLK1/BIRC5/KIF4A/TMED3/CENPF/AURKB/NUF2/KIFC1/CDK1/SUSD4/TTK/CDT1/SLC29A4/SKA3,Robust Supported
Factor2,Negative,GO_Biological_Process,GO:0007018,microtubule-based movement,7/97,13/828,0.000233485208914593,0.00321507066434608,7,KIF2C/KIF18B/KIF20A/KIF4A/DLGAP5/KIF23/KIFC1,Robust Supported
Factor2,Negative,GO_Biological_Process,GO:0036211,protein modification process,26/97,115/828,0.000241220187720818,0.00326381401820515,26,SPHK1/CD24/GAL3ST1/CDC20/TYRO3/UBE2C/EGLN3/MMP9/PLK1/B3GNT3/BIRC5/AURKB/NEURL3/MAPK13/CDK1/DUSP9/MELK/SOX4/LIF/TTK/CCNE1/CDC25C/UHRF1/CDKN3/DDR1/CCNA2,Robust Supported
Factor2,Negative,GO_Biological_Process,GO:0043412,macromolecule modification,26/97,115/828,0.000241220187720818,0.00326381401820515,26,SPHK1/CD24/GAL3ST1/CDC20/TYRO3/UBE2C/EGLN3/MMP9/PLK1/B3GNT3/BIRC5/AURKB/NEURL3/MAPK13/CDK1/DUSP9/MELK/SOX4/LIF/TTK/CCNE1/CDC25C/UHRF1/CDKN3/DDR1/CCNA2,Robust Supported
Factor2,Negative,GO_Biological_Process,GO:0034502,protein localization to chromosome,5/97,7/828,0.000347416937523815,0.00466017892057807,5,PLK1/BUB1B/AURKB/CDK1/TTK,Robust Supported
Factor2,Negative,GO_Biological_Process,GO:0007010,cytoskeleton organization,21/97,87/828,0.000428535405119358,0.00569915461851044,21,MYBL2/CDC20/KIF2C/SKA1/ANLN/PLK1/KIF18B/KIF20A/BIRC5/KIF4A/DLGAP5/KIF23/AURKB/NUF2/CCNB2/KIFC1/CDK1/TTK/KRT23/SKA3/UHRF1,Robust Supported
Factor2,Negative,GO_Biological_Process,GO:0022411,cellular component disassembly,10/97,28/828,0.000668291666669816,0.00873833473393474,10,KIF2C/MMP9/PLK1/KIF18B/MMP11/TOP2A/MELTF/AURKB/CDK1/DDR1,Robust Supported
Factor2,Negative,GO_Biological_Process,GO:0043687,post-translational protein modification,10/97,28/828,0.000668291666669816,0.00873833473393474,10,SPHK1/CDC20/UBE2C/PLK1/AURKB/NEURL3/CDK1/SOX4/UHRF1/CCNA2,Robust Supported
Factor2,Negative,GO_Biological_Process,GO:0006281,DNA repair,7/97,15/828,0.000716373850881079,0.00928898093309133,7,PLK1/TRIP13/CDK1/PTTG1/FOXM1/EXO1/UHRF1,Robust Supported
Factor2,Negative,GO_Biological_Process,GO:0031398,positive regulation of protein ubiquitination,4/97,5/828,0.000810581998229781,0.0103382425347995,4,SPHK1/CDC20/UBE2C/PLK1,Exploratory
Factor2,Negative,GO_Biological_Process,GO:0044771,meiotic cell cycle phase transition,4/97,5/828,0.000810581998229781,0.0103382425347995,4,CDC20/CCNB2/TTK/CDC25C,Exploratory
Factor2,Negative,GO_Biological_Process,GO:0051445,regulation of meiotic cell cycle,5/97,8/828,0.000840478696517756,0.0106323971689563,5,CDC20/TRIP13/LIF/TTK/CDC25C,Robust Supported
Factor2,Negative,GO_Biological_Process,GO:0051129,negative regulation of cellular component organization,14/97,50/828,0.000942350893709997,0.0118249837952642,14,SPP1/CDC20/SKA1/PLK1/BUB1B/TRIP13/TOP2A/BIRC5/CENPF/AURKB/NUF2/LIF/TTK/SKA3,Robust Supported
Factor2,Negative,GO_Biological_Process,GO:0051641,cellular localization,29/97,147/828,0.00122974146833785,0.0153078217978696,29,CD24/TYRO3/CEP55/KIF2C/SKA1/PLK1/BUB1B/KIF20A/BIRC5/KIF4A/TMED3/CENPF/AURKB/NUF2/NEURL3/HK2/KIFC1/CDK1/TESC/GNAZ/ANXA13/SOX4/SUSD4/TTK/CDT1/SLC29A4/CCNE1/SKA3/ITPR3,Robust Supported
Factor2,Negative,GO_Biological_Process,GO:0010638,positive regulation of organelle organization,10/97,30/828,0.00124821192390232,0.0154144266158097,10,SPHK1/CDC20/UBE2C/MMP9/SKA1/DLGAP5/AURKB/CDK1/NCAPG/SKA3,Robust Supported
Factor2,Negative,GO_Biological_Process,GO:0031396,regulation of protein ubiquitination,5/97,9/828,0.00171596396614602,0.0210239364671119,5,SPHK1/CDC20/UBE2C/PLK1/SOX4,Robust Supported
Factor2,Negative,GO_Biological_Process,GO:0006468,protein phosphorylation,16/97,65/828,0.00186333895189544,0.0226512141339789,16,SPHK1/CD24/TYRO3/MMP9/PLK1/BIRC5/AURKB/MAPK13/CDK1/MELK/LIF/TTK/CCNE1/CDC25C/CDKN3/DDR1,Robust Supported
Factor2,Negative,GO_Biological_Process,GO:0000082,G1/S transition of mitotic cell cycle,6/97,13/828,0.00192515475687594,0.0232212465247981,6,GTSE1/CCNB2/CDK1/CCNE1/CDKN3/CCNA2,Robust Supported
Factor2,Negative,GO_Biological_Process,GO:0033365,protein localization to organelle,8/97,22/828,0.00211590233848962,0.0253257233745373,8,KIF2C/PLK1/BUB1B/AURKB/NEURL3/HK2/CDK1/TTK,Robust Supported
Factor2,Negative,GO_Biological_Process,GO:0022617,extracellular matrix disassembly,4/97,6/828,0.0022128717952843,0.0258889361914464,4,MMP9/MMP11/MELTF/DDR1,Exploratory
Factor2,Negative,GO_Biological_Process,GO:0032506,cytokinetic process,4/97,6/828,0.0022128717952843,0.0258889361914464,4,CEP55/ANLN/KIF20A/AURKB,Exploratory
Factor2,Negative,GO_Biological_Process,GO:1903322,positive regulation of protein modification by small protein conjugation or removal,4/97,6/828,0.0022128717952843,0.0258889361914464,4,SPHK1/CDC20/UBE2C/PLK1,Exploratory
Factor2,Negative,GO_Biological_Process,GO:0044843,cell cycle G1/S phase transition,6/97,14/828,0.00305224256613116,0.0346189577955855,6,GTSE1/CCNB2/CDK1/CCNE1/CDKN3/CCNA2,Robust Supported
Factor2,Negative,GO_Biological_Process,GO:0051302,regulation of cell division,6/97,14/828,0.00305224256613116,0.0346189577955855,6,PLK1/KIF18B/KIF20A/BIRC5/KIF23/AURKB,Robust Supported
Factor2,Negative,GO_Biological_Process,GO:0006310,DNA recombination,5/97,10/828,0.00311481625410152,0.0346189577955855,5,PLK1/TRIP13/TOP2A/EXO1/UHRF1,Robust Supported
Factor2,Negative,GO_Biological_Process,GO:0010389,regulation of G2/M transition of mitotic cell cycle,5/97,10/828,0.00311481625410152,0.0346189577955855,5,PLK1/CENPF/AURKB/CDK1/CDC25C,Robust Supported
Factor2,Negative,GO_Biological_Process,GO:0051054,positive regulation of DNA metabolic process,5/97,10/828,0.00311481625410152,0.0346189577955855,5,AURKB/CDK1/FOXM1/CDT1/CCNA2,Robust Supported
Factor2,Negative,GO_Biological_Process,GO:1901873,regulation of post-translational protein modification,5/97,10/828,0.00311481625410152,0.0346189577955855,5,SPHK1/CDC20/UBE2C/PLK1/SOX4,Robust Supported
Factor2,Negative,GO_Biological_Process,GO:1903320,regulation of protein modification by small protein conjugation or removal,5/97,10/828,0.00311481625410152,0.0346189577955855,5,SPHK1/CDC20/UBE2C/PLK1/SOX4,Robust Supported
Factor2,Negative,GO_Biological_Process,GO:0016310,phosphorylation,17/97,76/828,0.00409070314600254,0.0451427950012762,17,SPHK1/CD24/TYRO3/MMP9/PLK1/BUB1B/BIRC5/AURKB/MAPK13/CDK1/MELK/LIF/TTK/CCNE1/CDC25C/CDKN3/DDR1,Robust Supported
Factor2,Negative,GO_Biological_Process,GO:0006302,double-strand break repair,4/97,7/828,0.00470014493896496,0.0507876772571492,4,PLK1/TRIP13/FOXM1/UHRF1,Exploratory
Factor2,Negative,GO_Biological_Process,GO:0007566,embryo implantation,4/97,7/828,0.00470014493896496,0.0507876772571492,4,SPP1/MMP9/LIF/DDR1,Exploratory
Factor2,Negative,GO_Biological_Process,GO:1901875,positive regulation of post-translational protein modification,4/97,7/828,0.00470014493896496,0.0507876772571492,4,SPHK1/CDC20/UBE2C/PLK1,Exploratory
Factor2,Negative,GO_Biological_Process,GO:0048523,negative regulation of cellular process,45/97,282/828,0.0050469008917049,0.0541584674999505,45,SPP1/SPHK1/PEG10/CD24/IGF2BP2/SPINT1/EPCAM/CDC20/TYRO3/CTHRC1/SPINK1/MMP9/BICC1/SKA1/GTSE1/PLK1/BUB1B/TRIP13/MMP11/TOP2A/MELTF/BIRC5/CENPF/AURKB/NUF2/PYCR1/HK2/CDK1/TESC/DUSP9/FOXM1/GNAZ/ANXA13/SOX4/LIF/TTK/CDT1/CCNE1/BACE2/SKA3/UHRF1/CDKN3/DEPDC1/ITPR3/DDR1,Exploratory
Factor2,Negative,GO_Biological_Process,GO:0031109,microtubule polymerization or depolymerization,5/97,11/828,0.00518402318371785,0.0548730617269726,5,KIF2C/SKA1/KIF18B/AURKB/SKA3,Exploratory
Factor2,Negative,GO_Biological_Process,GO:1902749,regulation of cell cycle G2/M phase transition,5/97,11/828,0.00518402318371785,0.0548730617269726,5,PLK1/CENPF/AURKB/CDK1/CDC25C,Exploratory
Factor2,Negative,GO_Biological_Process,GO:0070647,protein modification by small protein conjugation or removal,8/97,25/828,0.00529078018773631,0.0556246890007953,8,SPHK1/CDC20/UBE2C/PLK1/NEURL3/CDK1/SOX4/UHRF1,Exploratory
Factor2,Negative,GO_Biological_Process,GO:0051128,regulation of cellular component organization,28/97,154/828,0.00581041244372847,0.0606778641774597,28,SPP1/SPHK1/EPS8L3/CDC20/UBE2C/MMP9/SKA1/ANLN/PLK1/BUB1B/TRIP13/TOP2A/MELTF/BIRC5/DLGAP5/CENPF/AURKB/NUF2/HJURP/MKI67/CDK1/NCAPG/LIF/SUSD4/TTK/CDC25C/SKA3/DDR1,Exploratory
Factor2,Negative,GO_Biological_Process,GO:0006260,DNA replication,6/97,16/828,0.00668390069168602,0.0693343298417563,6,CDK1/MCM10/EXO1/CDT1/CCNE1/CCNA2,Exploratory
Factor2,Negative,GO_Biological_Process,GO:1902532,negative regulation of intracellular signal transduction,9/97,32/828,0.00804163508062074,0.0828661204334163,9,SPINK1/MMP9/SKA1/AURKB/PYCR1/DUSP9/FOXM1/LIF/SKA3,Exploratory
Factor2,Negative,GO_Biological_Process,GO:0018105,peptidyl-serine phosphorylation,4/97,8/828,0.00855981118141217,0.0870527202501787,4,PLK1/MAPK13/CDK1/LIF,Exploratory
Factor2,Negative,GO_Biological_Process,GO:0018209,peptidyl-serine modification,4/97,8/828,0.00855981118141217,0.0870527202501787,4,PLK1/MAPK13/CDK1/LIF,Exploratory
Factor2,Negative,GO_Biological_Process,GO:2000241,regulation of reproductive process,6/97,17/828,0.00936307897989891,0.0946035772254721,6,CDC20/SPINK1/TRIP13/LIF/TTK/CDC25C,Exploratory
Factor2,Negative,GO_Biological_Process,GO:0090304,nucleic acid metabolic process,26/97,146/828,0.0109103858532296,0.109526196049196,26,MYBL2/SPP1/SPHK1/IGF2BP2/EPCAM/PLK1/TRIP13/TOP2A/BIRC5/CENPF/AURKB/ETV4/ZNF320/CDK1/TESC/MCM10/PTTG1/FOXM1/EXO1/SOX4/LIF/CDT1/CCNE1/UHRF1/DEPDC1/CCNA2,Exploratory
Factor2,Negative,GO_Biological_Process,GO:0019538,protein metabolic process,34/97,206/828,0.0112148596597307,0.111861036093211,34,SPHK1/CD24/IGF2BP2/GAL3ST1/SPINT1/CDC20/TYRO3/UBE2C/EGLN3/SPINK1/MMP9/PLK1/B3GNT3/MMP11/MELTF/BIRC5/AURKB/NEURL3/MAPK13/CDK1/TESC/DUSP9/MELK/SOX4/LIF/TTK/CCNE1/BACE2/CDC25C/UHRF1/CDKN3/PAPLN/DDR1/CCNA2,Exploratory
Factor2,Negative,GO_Biological_Process,GO:0042770,signal transduction in response to DNA damage,5/97,13/828,0.0119096826323434,0.118034816407174,5,GTSE1/PLK1/CDK1/FOXM1/SOX4,Exploratory
Factor2,Negative,GO_Biological_Process,GO:0016567,protein ubiquitination,7/97,23/828,0.0122820070894037,0.120954449564001,7,SPHK1/CDC20/UBE2C/PLK1/NEURL3/SOX4/UHRF1,Exploratory
Factor2,Negative,GO_Biological_Process,GO:0007019,microtubule depolymerization,3/97,5/828,0.0130880767107391,0.124177118060427,3,KIF2C/KIF18B/AURKB,Exploratory
Factor2,Negative,GO_Biological_Process,GO:0015931,nucleobase-containing compound transport,3/97,5/828,0.0130880767107391,0.124177118060427,3,PEG10/IGF2BP2/SLC29A4,Exploratory
Factor2,Negative,GO_Biological_Process,GO:0044773,mitotic DNA damage checkpoint signaling,3/97,5/828,0.0130880767107391,0.124177118060427,3,GTSE1/PLK1/CDK1,Exploratory
Factor2,Negative,GO_Biological_Process,GO:0051294,establishment of spindle orientation,3/97,5/828,0.0130880767107391,0.124177118060427,3,SKA1/PLK1/SKA3,Exploratory
Factor2,Negative,GO_Biological_Process,GO:0070301,cellular response to hydrogen peroxide,3/97,5/828,0.0130880767107391,0.124177118060427,3,SPHK1/MAPK13/CDK1,Exploratory
Factor2,Negative,GO_Biological_Process,GO:0072594,establishment of protein localization to organelle,3/97,5/828,0.0130880767107391,0.124177118060427,3,NEURL3/HK2/CDK1,Exploratory
Factor2,Negative,GO_Biological_Process,GO:0031570,DNA integrity checkpoint signaling,4/97,9/828,0.0140348889536251,0.130768186897249,4,GTSE1/PLK1/CDK1/CDT1,Exploratory
Factor2,Negative,GO_Biological_Process,GO:0065004,protein-DNA complex assembly,4/97,9/828,0.0140348889536251,0.130768186897249,4,DLGAP5/CENPF/HJURP/CDT1,Exploratory
Factor2,Negative,GO_Biological_Process,GO:0071824,protein-DNA complex organization,4/97,9/828,0.0140348889536251,0.130768186897249,4,DLGAP5/CENPF/HJURP/CDT1,Exploratory
Factor2,Negative,GO_Biological_Process,GO:0006351,DNA-templated transcription,21/97,113/828,0.0142956093328585,0.132404572154332,21,MYBL2/SPP1/SPHK1/EPCAM/PLK1/TRIP13/TOP2A/BIRC5/CENPF/AURKB/ETV4/ZNF320/CDK1/TESC/FOXM1/SOX4/LIF/CCNE1/UHRF1/DEPDC1/CCNA2,Exploratory
Factor2,Negative,GO_Biological_Process,GO:0032446,protein modification by small protein conjugation,7/97,24/828,0.0157010742602922,0.144561370112513,7,SPHK1/CDC20/UBE2C/PLK1/NEURL3/SOX4/UHRF1,Exploratory
Factor2,Negative,GO_Biological_Process,GO:0051246,regulation of protein metabolic process,19/97,100/828,0.015829296631108,0.144884620929436,19,SPHK1/CD24/IGF2BP2/SPINT1/CDC20/UBE2C/EGLN3/SPINK1/MMP9/PLK1/MELTF/BIRC5/SOX4/LIF/BACE2/CDC25C/UHRF1/CDKN3/PAPLN,Exploratory
Factor2,Negative,GO_Biological_Process,GO:0051052,regulation of DNA metabolic process,6/97,19/828,0.0168741636544828,0.153545021323832,6,PLK1/AURKB/CDK1/FOXM1/CDT1/CCNA2,Exploratory
Factor2,Negative,GO_Biological_Process,GO:0048519,negative regulation of biological process,47/97,316/828,0.0182515928428015,0.165113246880228,47,SPP1/SPHK1/PEG10/CD24/IGF2BP2/SPINT1/EPCAM/CDC20/TYRO3/CTHRC1/SPINK1/MMP9/BICC1/SKA1/GTSE1/PLK1/BUB1B/TRIP13/MMP11/TOP2A/MELTF/BIRC5/CENPF/AURKB/NUF2/PYCR1/HK2/CDK1/TESC/DUSP9/FOXM1/GNAZ/ANXA13/SOX4/LIF/SUSD4/TTK/CDT1/CCNE1/BACE2/SKA3/UHRF1/CDKN3/DEPDC1/PAPLN/ITPR3/DDR1,Exploratory
Factor2,Negative,GO_Biological_Process,GO:0008283,cell population proliferation,25/97,145/828,0.0193156465196849,0.173729167541212,25,SPHK1/CD24/SPINT1/EPCAM/CTHRC1/EGLN3/SPINK1/MMP9/TRNP1/BIRC5/SHCBP1/CDK1/TESC/MCM10/MELK/FOXM1/SOX4/LIF/TTK/CCNE1/CDC25C/UHRF1/CDKN3/DDR1/CCNA2,Exploratory
Factor2,Negative,GO_Biological_Process,GO:0042127,regulation of cell population proliferation,22/97,124/828,0.0208369531684814,0.186335052472167,22,SPHK1/CD24/SPINT1/EPCAM/CTHRC1/EGLN3/SPINK1/MMP9/TRNP1/BIRC5/SHCBP1/CDK1/TESC/FOXM1/SOX4/LIF/TTK/CCNE1/UHRF1/CDKN3/DDR1/CCNA2,Exploratory
Factor2,Negative,GO_Biological_Process,GO:0051252,regulation of RNA metabolic process,21/97,117/828,0.0211990107340387,0.188443424008407,21,MYBL2/SPP1/SPHK1/IGF2BP2/EPCAM/PLK1/TOP2A/BIRC5/CENPF/AURKB/ETV4/ZNF320/CDK1/TESC/FOXM1/SOX4/LIF/CCNE1/UHRF1/DEPDC1/CCNA2,Exploratory
Factor2,Negative,GO_Biological_Process,GO:0006261,DNA-templated DNA replication,4/97,10/828,0.0213149374199741,0.188443424008407,4,MCM10/EXO1/CDT1/CCNE1,Exploratory
Factor2,Negative,GO_Biological_Process,GO:0007283,spermatogenesis,6/97,20/828,0.0218624967393439,0.191112611946174,6,GAL3ST1/TYRO3/SPINK1/TRIP13/PTTG1/CDC25C,Exploratory
Factor2,Negative,GO_Biological_Process,GO:0048232,male gamete generation,6/97,20/828,0.0218624967393439,0.191112611946174,6,GAL3ST1/TYRO3/SPINK1/TRIP13/PTTG1/CDC25C,Exploratory
Factor2,Negative,GO_Biological_Process,GO:0016070,RNA metabolic process,22/97,125/828,0.0228305195588452,0.198334394735945,22,MYBL2/SPP1/SPHK1/IGF2BP2/EPCAM/PLK1/TRIP13/TOP2A/BIRC5/CENPF/AURKB/ETV4/ZNF320/CDK1/TESC/FOXM1/SOX4/LIF/CCNE1/UHRF1/DEPDC1/CCNA2,Exploratory
Factor2,Negative,GO_Biological_Process,GO:0006355,regulation of DNA-templated transcription,20/97,111/828,0.0236307935684621,0.198334394735945,20,MYBL2/SPP1/SPHK1/EPCAM/PLK1/TOP2A/BIRC5/CENPF/AURKB/ETV4/ZNF320/CDK1/TESC/FOXM1/SOX4/LIF/CCNE1/UHRF1/DEPDC1/CCNA2,Exploratory
Factor2,Negative,GO_Biological_Process,GO:0000077,DNA damage checkpoint signaling,3/97,6/828,0.0239632816261939,0.198334394735945,3,GTSE1/PLK1/CDK1,Exploratory
Factor2,Negative,GO_Biological_Process,GO:0000079,regulation of cyclin-dependent protein serine/threonine kinase activity,3/97,6/828,0.0239632816261939,0.198334394735945,3,PLK1/CDC25C/CDKN3,Exploratory
Factor2,Negative,GO_Biological_Process,GO:0002832,negative regulation of response to biotic stimulus,3/97,6/828,0.0239632816261939,0.198334394735945,3,TYRO3/AURKB/SUSD4,Exploratory
Factor2,Negative,GO_Biological_Process,GO:0006270,DNA replication initiation,3/97,6/828,0.0239632816261939,0.198334394735945,3,MCM10/CDT1/CCNE1,Exploratory
Factor2,Negative,GO_Biological_Process,GO:0006470,protein dephosphorylation,3/97,6/828,0.0239632816261939,0.198334394735945,3,DUSP9/CDC25C/CDKN3,Exploratory
Factor2,Negative,GO_Biological_Process,GO:0044774,mitotic DNA integrity checkpoint signaling,3/97,6/828,0.0239632816261939,0.198334394735945,3,GTSE1/PLK1/CDK1,Exploratory
Factor2,Negative,GO_Biological_Process,GO:0045824,negative regulation of innate immune response,3/97,6/828,0.0239632816261939,0.198334394735945,3,TYRO3/AURKB/SUSD4,Exploratory
Factor2,Negative,GO_Biological_Process,GO:0051293,establishment of spindle localization,3/97,6/828,0.0239632816261939,0.198334394735945,3,SKA1/PLK1/SKA3,Exploratory
Factor2,Negative,GO_Biological_Process,GO:0033554,cellular response to stress,17/97,91/828,0.0264940516391429,0.218120340478869,17,SPP1/SPHK1/EGLN3/GTSE1/PLK1/TRIP13/TOP2A/PYCR1/MAPK13/CDK1/MCM10/PTTG1/FOXM1/EXO1/SOX4/UHRF1/CCNA2,Exploratory
Factor2,Negative,GO_Biological_Process,GO:0044085,cellular component biogenesis,25/97,149/828,0.0270179196844805,0.221262542258166,25,MYBL2/SPHK1/PEG10/EPS8L3/CDC20/UBE2C/SKA1/ANLN/PLK1/TRIP13/BIRC5/KIF4A/DLGAP5/CENPF/KIF23/AURKB/CCNB2/HJURP/KIFC1/CDK1/EXO1/CDT1/SKA3/UHRF1/ITPR3,Exploratory
Factor2,Negative,GO_Biological_Process,GO:0032774,RNA biosynthetic process,21/97,120/828,0.0279186156024424,0.2274417061644,21,MYBL2/SPP1/SPHK1/EPCAM/PLK1/TRIP13/TOP2A/BIRC5/CENPF/AURKB/ETV4/ZNF320/CDK1/TESC/FOXM1/SOX4/LIF/CCNE1/UHRF1/DEPDC1/CCNA2,Exploratory
Factor2,Negative,GO_Biological_Process,GO:2001141,regulation of RNA biosynthetic process,20/97,113/828,0.0284756328237905,0.230771274342802,20,MYBL2/SPP1/SPHK1/EPCAM/PLK1/TOP2A/BIRC5/CENPF/AURKB/ETV4/ZNF320/CDK1/TESC/FOXM1/SOX4/LIF/CCNE1/UHRF1/DEPDC1/CCNA2,Exploratory
Factor2,Negative,GO_Biological_Process,GO:0016311,dephosphorylation,4/97,11/828,0.0305326026978348,0.244890359782634,4,PLPP2/DUSP9/CDC25C/CDKN3,Exploratory
Factor2,Negative,GO_Biological_Process,GO:0070507,regulation of microtubule cytoskeleton organization,4/97,11/828,0.0305326026978348,0.244890359782634,4,SKA1/PLK1/AURKB/SKA3,Exploratory
Factor2,Negative,GO_Biological_Process,GO:0008284,positive regulation of cell population proliferation,14/97,72/828,0.0316585887766217,0.252619303263709,14,SPHK1/CD24/EPCAM/CTHRC1/SPINK1/MMP9/BIRC5/CDK1/FOXM1/SOX4/LIF/TTK/CCNE1/CCNA2,Exploratory
Factor2,Negative,GO_Biological_Process,GO:0045184,establishment of protein localization,13/97,66/828,0.0345663298683248,0.274414333036293,13,CD24/CEP55/PLK1/KIF20A/TMED3/CENPF/NEURL3/HK2/CDK1/TESC/GNAZ/ANXA13/SOX4,Exploratory
Factor2,Negative,GO_Biological_Process,GO:0031401,positive regulation of protein modification process,8/97,34/828,0.0360676865471897,0.281387621442696,8,SPHK1/CD24/CDC20/UBE2C/MMP9/PLK1/SOX4/LIF,Exploratory
Factor2,Negative,GO_Biological_Process,GO:0061024,membrane organization,8/97,34/828,0.0360676865471897,0.281387621442696,8,SPHK1/CD24/CEP55/PLK1/KIF20A/AURKB/HK2/CDK1,Exploratory
Factor2,Negative,GO_Biological_Process,GO:0001822,kidney development,7/97,28/828,0.036168074735565,0.281387621442696,7,CD24/EPCAM/MMP9/BICC1/CENPF/SOX4/LIF,Exploratory
Factor2,Negative,GO_Biological_Process,GO:0072001,renal system development,7/97,28/828,0.036168074735565,0.281387621442696,7,CD24/EPCAM/MMP9/BICC1/CENPF/SOX4/LIF,Exploratory
Factor2,Negative,GO_Biological_Process,GO:0010972,negative regulation of G2/M transition of mitotic cell cycle,3/97,7/828,0.0384106341416156,0.288788425891979,3,PLK1/AURKB/CDK1,Exploratory
Factor2,Negative,GO_Biological_Process,GO:0018107,peptidyl-threonine phosphorylation,3/97,7/828,0.0384106341416156,0.288788425891979,3,SPHK1/PLK1/CDK1,Exploratory
Factor2,Negative,GO_Biological_Process,GO:0018210,peptidyl-threonine modification,3/97,7/828,0.0384106341416156,0.288788425891979,3,SPHK1/PLK1/CDK1,Exploratory
Factor2,Negative,GO_Biological_Process,GO:0030330,"DNA damage response, signal transduction by p53 class mediator",3/97,7/828,0.0384106341416156,0.288788425891979,3,GTSE1/FOXM1/SOX4,Exploratory
Factor2,Negative,GO_Biological_Process,GO:0034644,cellular response to UV,3/97,7/828,0.0384106341416156,0.288788425891979,3,MMP9/AURKB/MAPK13,Exploratory
Factor2,Negative,GO_Biological_Process,GO:0051653,spindle localization,3/97,7/828,0.0384106341416156,0.288788425891979,3,SKA1/PLK1/SKA3,Exploratory
Factor2,Negative,GO_Biological_Process,GO:0022607,cellular component assembly,24/97,146/828,0.0384185116707196,0.288788425891979,24,MYBL2/PEG10/EPS8L3/CDC20/UBE2C/SKA1/ANLN/PLK1/TRIP13/BIRC5/KIF4A/DLGAP5/CENPF/KIF23/AURKB/CCNB2/HJURP/KIFC1/CDK1/EXO1/CDT1/SKA3/UHRF1/ITPR3,Exploratory
Factor2,Negative,GO_Biological_Process,GO:0141187,nucleic acid biosynthetic process,21/97,124/828,0.0393036734160602,0.294021710747066,21,MYBL2/SPP1/SPHK1/EPCAM/PLK1/TRIP13/TOP2A/BIRC5/CENPF/AURKB/ETV4/ZNF320/CDK1/TESC/FOXM1/SOX4/LIF/CCNE1/UHRF1/DEPDC1/CCNA2,Exploratory
Factor2,Negative,GO_Biological_Process,GO:0051247,positive regulation of protein metabolic process,11/97,54/828,0.0406877229473327,0.302919123952391,11,SPHK1/CD24/CDC20/UBE2C/EGLN3/MMP9/PLK1/MELTF/SOX4/LIF/UHRF1,Exploratory
Factor2,Negative,GO_Biological_Process,GO:0003006,developmental process involved in reproduction,10/97,48/828,0.0437698891182897,0.324154344038687,10,SPP1/GAL3ST1/TYRO3/SPINK1/AFP/TRIP13/PAQR5/PTTG1/LIF/CDC25C,Exploratory
Factor2,Negative,GO_Biological_Process,GO:0006139,nucleobase-containing compound metabolic process,29/97,186/828,0.043956662334295,0.324154344038687,29,MYBL2/SPP1/SPHK1/IGF2BP2/ELOVL7/EPCAM/PLK1/TRIP13/TOP2A/BIRC5/CENPF/AURKB/ETV4/ZNF320/HK2/CDK1/TESC/MCM10/HKDC1/PTTG1/FOXM1/EXO1/SOX4/LIF/CDT1/CCNE1/UHRF1/DEPDC1/CCNA2,Exploratory
Factor2,Negative,GO_Biological_Process,GO:0008104,protein localization,18/97,104/828,0.0461563635590315,0.337179820177713,18,CD24/CEP55/KIF2C/PLK1/BUB1B/KIF20A/TMED3/CENPF/AURKB/NEURL3/HK2/CDK1/TESC/GNAZ/ANXA13/SOX4/TTK/CCNE1,Exploratory
Factor2,Negative,GO_Biological_Process,GO:0070727,cellular macromolecule localization,18/97,104/828,0.0461563635590315,0.337179820177713,18,CD24/CEP55/KIF2C/PLK1/BUB1B/KIF20A/TMED3/CENPF/AURKB/NEURL3/HK2/CDK1/TESC/GNAZ/ANXA13/SOX4/TTK/CCNE1,Exploratory
Factor2,Negative,GO_Biological_Process,GO:0034654,nucleobase-containing compound biosynthetic process,22/97,134/828,0.0481858818271342,0.349941668440645,22,MYBL2/SPP1/SPHK1/ELOVL7/EPCAM/PLK1/TRIP13/TOP2A/BIRC5/CENPF/AURKB/ETV4/ZNF320/CDK1/TESC/FOXM1/SOX4/LIF/CCNE1/UHRF1/DEPDC1/CCNA2,Exploratory
Factor2,Negative,GO_Biological_Process,GO:0051130,positive regulation of cellular component organization,14/97,76/828,0.0483531225673128,0.349941668440645,14,SPHK1/EPS8L3/CDC20/UBE2C/MMP9/SKA1/ANLN/MELTF/DLGAP5/AURKB/CDK1/NCAPG/SKA3/DDR1,Exploratory
Factor2,Negative,GO_Biological_Process,GO:0046883,regulation of hormone secretion,5/97,18/828,0.0491955941574214,0.354390483837721,5,SPP1/SPINK1/GNAZ/SOX4/LIF,Exploratory
Factor2,Negative,KEGG_Pathway,hsa04110,Cell cycle,13/54,22/493,1.87453851714812e-08,2.41815468712108e-06,13,CDC20/PLK1/BUB1B/TRIP13/AURKB/CCNB2/CDK1/PTTG1/TTK/CDT1/CCNE1/CDC25C/CCNA2,Robust Supported
Factor2,Negative,KEGG_Pathway,hsa04114,Oocyte meiosis,9/54,14/493,1.55998144567673e-06,0.000100618803246149,9,CDC20/PLK1/CCNB2/MAPK13/CDK1/PTTG1/CCNE1/CDC25C/ITPR3,Robust Supported
Factor2,Negative,KEGG_Pathway,hsa04814,Motor proteins,6/54,8/493,3.13392446904243e-05,0.00134758752168825,6,KIF2C/KIF18B/KIF20A/KIF4A/KIF23/KIFC1,Robust Supported
Factor2,Negative,KEGG_Pathway,hsa04218,Cellular senescence,8/54,15/493,4.41588296050786e-05,0.00142412225476379,8,MYBL2/CCNB2/MAPK13/CDK1/FOXM1/CCNE1/ITPR3/CCNA2,Robust Supported
Factor2,Negative,KEGG_Pathway,hsa04914,Progesterone-mediated oocyte maturation,6/54,10/493,0.000197024685242404,0.00508323687925402,6,PLK1/CCNB2/MAPK13/CDK1/CDC25C/CCNA2,Robust Supported
Factor2,Negative,KEGG_Pathway,hsa05203,Viral carcinogenesis,4/54,6/493,0.00164512456906446,0.0353701782348859,4,CDC20/CDK1/CCNE1/CCNA2,Exploratory
Factor2,Negative,KEGG_Pathway,hsa05166,Human T-cell leukemia virus 1 infection,6/54,15/493,0.00302253160956082,0.0557009396619066,6,CDC20/BUB1B/CCNB2/PTTG1/CCNE1/CCNA2,Exploratory
Factor2,Negative,KEGG_Pathway,hsa05161,Hepatitis B,5/54,12/493,0.00572419255617785,0.0820467599718825,5,MMP9/BIRC5/MAPK13/CCNE1/CCNA2,Exploratory
Factor2,Negative,KEGG_Pathway,hsa05170,Human immunodeficiency virus 1 infection,5/54,12/493,0.00572419255617785,0.0820467599718825,5,CCNB2/MAPK13/CDK1/CDC25C/ITPR3,Exploratory
Factor2,Negative,KEGG_Pathway,hsa05131,Shigellosis,4/54,8/493,0.00647874056461164,0.0835757532834901,4,MAPK13/HK2/HKDC1/ITPR3,Exploratory
Factor2,Negative,KEGG_Pathway,hsa04148,Efferocytosis,4/54,9/493,0.010716162844214,0.125671364263964,4,SPHK1/CD24/TYRO3/MAPK13,Exploratory
Factor2,Negative,KEGG_Pathway,hsa05206,MicroRNAs in cancer,5/54,14/493,0.0121677385400864,0.130803189305929,5,MMP9/KIF23/SOX4/CCNE1/CDC25C,Exploratory
Factor2,Negative,KEGG_Pathway,hsa04115,p53 signaling pathway,4/54,10/493,0.0164156709103734,0.162893965187551,4,GTSE1/CCNB2/CDK1/CCNE1,Exploratory
Factor2,Negative,KEGG_Pathway,hsa00600,Sphingolipid metabolism,3/54,6/493,0.0196050595925043,0.180646620530932,3,SPHK1/GAL3ST1/PLPP2,Exploratory
Factor2,Negative,KEGG_Pathway,hsa04668,TNF signaling pathway,4/54,12/493,0.032710331971442,0.281308854954401,4,CCL20/MMP9/MAPK13/LIF,Exploratory
Factor2,Negative,KEGG_Pathway,hsa05202,Transcriptional misregulation in cancer,4/54,13/493,0.0434574108238133,0.350375374766995,4,SPINT1/MMP9/ETV4/CCNA2,Exploratory
Factor2,Negative,KEGG_Pathway,hsa04066,HIF-1 signaling pathway,3/54,9/493,0.0648056119426679,0.491760231800245,3,EGLN3/HK2/HKDC1,Not Significant
Factor2,Negative,KEGG_Pathway,hsa04371,Apelin signaling pathway,3/54,10/493,0.0855441580993655,0.556451077338894,3,SPP1/SPHK1/ITPR3,Not Significant
Factor2,Negative,KEGG_Pathway,hsa00052,Galactose metabolism,2/54,5/493,0.0948986333446175,0.556451077338894,2,HK2/HKDC1,Not Significant
Factor2,Negative,KEGG_Pathway,hsa00565,Ether lipid metabolism,2/54,5/493,0.0948986333446175,0.556451077338894,2,GAL3ST1/PLPP2,Not Significant
Factor3,Positive,GO_Biological_Process,GO:0009100,glycoprotein metabolic process,7/89,19/828,0.00225304641574878,0.969205167023855,7,FUT6/B3GNT3/NEU4/NECAB2/RAMP1/APCS/FBXO2,Exploratory
Factor3,Positive,GO_Biological_Process,GO:0051668,localization within membrane,10/89,37/828,0.00372616652464595,0.969205167023855,10,SFN/ARHGEF16/WIPF3/RELN/NRXN2/PIGR/NECAB2/KCNB1/RAMP1/TESC,Exploratory
Factor3,Positive,GO_Biological_Process,GO:0001890,placenta development,5/89,12/828,0.00552554857619079,0.969205167023855,5,PHLDA2/SPP1/TTPA/SPINT1/ST14,Exploratory
Factor3,Positive,GO_Biological_Process,GO:0001892,embryonic placenta development,4/89,8/828,0.00623816661371536,0.969205167023855,4,PHLDA2/TTPA/SPINT1/ST14,Exploratory
Factor3,Positive,GO_Biological_Process,GO:0072657,protein localization to membrane,9/89,34/828,0.00692895347215317,0.969205167023855,9,SFN/ARHGEF16/RELN/NRXN2/PIGR/NECAB2/KCNB1/RAMP1/TESC,Exploratory
Factor3,Positive,GO_Biological_Process,GO:0072175,epithelial tube formation,3/89,5/828,0.0102409455456554,0.969205167023855,3,SPINT1/SOX9/ST14,Exploratory
Factor3,Positive,GO_Biological_Process,GO:0006672,ceramide metabolic process,4/89,9/828,0.0103127774421085,0.969205167023855,4,PLPP2/FUT6/B4GALNT1/NEU4,Exploratory
Factor3,Positive,GO_Biological_Process,GO:0070085,glycosylation,4/89,9/828,0.0103127774421085,0.969205167023855,4,FUT6/B3GNT3/B4GALNT1/RAMP1,Exploratory
Factor3,Positive,GO_Biological_Process,GO:0010721,negative regulation of cell development,6/89,19/828,0.011147902322567,0.969205167023855,6,MAP2/SPP1/TTPA/CDKN2A/MDK/APCS,Exploratory
Factor3,Positive,GO_Biological_Process,GO:0006914,autophagy,6/89,20/828,0.0145688799254364,0.969205167023855,6,TMEM150B/EEF1A2/MAPT/CDKN2A/GPSM1/HSPB8,Exploratory
Factor3,Positive,GO_Biological_Process,GO:0008544,epidermis development,6/89,20/828,0.0145688799254364,0.969205167023855,6,SFN/ETV4/CLDN4/SPINT1/SOX9/ST14,Exploratory
Factor3,Positive,GO_Biological_Process,GO:0061919,process utilizing autophagic mechanism,6/89,20/828,0.0145688799254364,0.969205167023855,6,TMEM150B/EEF1A2/MAPT/CDKN2A/GPSM1/HSPB8,Exploratory
Factor3,Positive,GO_Biological_Process,GO:0033673,negative regulation of kinase activity,4/89,10/828,0.0157903678231352,0.969205167023855,4,SFN/PTK6/MAPT/CDKN2A,Exploratory
Factor3,Positive,GO_Biological_Process,GO:0051348,negative regulation of transferase activity,4/89,10/828,0.0157903678231352,0.969205167023855,4,SFN/PTK6/MAPT/CDKN2A,Exploratory
Factor3,Positive,GO_Biological_Process,GO:1903035,negative regulation of response to wounding,5/89,15/828,0.0161135228669589,0.969205167023855,5,EPPK1/SPP1/TSPAN8/MDK/APCS,Exploratory
Factor3,Positive,GO_Biological_Process,GO:0035148,tube formation,3/89,6/828,0.0188958709753605,0.969205167023855,3,SPINT1/SOX9/ST14,Exploratory
Factor3,Positive,GO_Biological_Process,GO:0006887,exocytosis,5/89,16/828,0.0214826858353517,0.969205167023855,5,WIPF3/RAB3B/SYNGR1/SYT12/KCNB1,Exploratory
Factor3,Positive,GO_Biological_Process,GO:0006605,protein targeting,4/89,11/828,0.0228023722752703,0.969205167023855,4,AP1M2/SYNGR1/CDKN2A/KCNB1,Exploratory
Factor3,Positive,GO_Biological_Process,GO:0010952,positive regulation of peptidase activity,4/89,11/828,0.0228023722752703,0.969205167023855,4,MAPT/CLDN4/MAPK12/CDKN2A,Exploratory
Factor3,Positive,GO_Biological_Process,GO:0010975,regulation of neuron projection development,7/89,28/828,0.0234797712197385,0.969205167023855,7,PTK6/RELN/NEU4/MAPT/MAP2/SPP1/MDK,Exploratory
Factor3,Positive,GO_Biological_Process,GO:0046907,intracellular transport,7/89,28/828,0.0234797712197385,0.969205167023855,7,SFN/WIPF3/AP1M2/MAPT/MAP2/CDKN2A/RAMP1,Exploratory
Factor3,Positive,GO_Biological_Process,GO:1903034,regulation of response to wounding,6/89,22/828,0.0234808892153661,0.969205167023855,6,EPPK1/CLDN4/SPP1/TSPAN8/MDK/APCS,Exploratory
Factor3,Positive,GO_Biological_Process,GO:0009894,regulation of catabolic process,10/89,48/828,0.0254281357462713,0.969205167023855,10,NQO1/RBM24/EEF1A2/FGF21/MAPT/CDKN2A/GPSM1/SOX9/HSPB8/FBXO2,Exploratory
Factor3,Positive,GO_Biological_Process,GO:0060284,regulation of cell development,10/89,48/828,0.0254281357462713,0.969205167023855,10,RELN/MAPT/MAP2/SPP1/TTPA/SPINT1/CDKN2A/MDK/APCS/TESC,Exploratory
Factor3,Positive,GO_Biological_Process,GO:0006687,glycosphingolipid metabolic process,3/89,7/828,0.0305200043991979,0.969205167023855,3,FUT6/B4GALNT1/NEU4,Exploratory
Factor3,Positive,GO_Biological_Process,GO:0007173,epidermal growth factor receptor signaling pathway,3/89,7/828,0.0305200043991979,0.969205167023855,3,PTK6/PIGR/SOX9,Exploratory
Factor3,Positive,GO_Biological_Process,GO:0010837,regulation of keratinocyte proliferation,3/89,7/828,0.0305200043991979,0.969205167023855,3,SFN/EPPK1/MDK,Exploratory
Factor3,Positive,GO_Biological_Process,GO:0016331,morphogenesis of embryonic epithelium,3/89,7/828,0.0305200043991979,0.969205167023855,3,SPINT1/SOX9/ST14,Exploratory
Factor3,Positive,GO_Biological_Process,GO:0038127,ERBB signaling pathway,3/89,7/828,0.0305200043991979,0.969205167023855,3,PTK6/PIGR/SOX9,Exploratory
Factor3,Positive,GO_Biological_Process,GO:0061387,regulation of extent of cell growth,3/89,7/828,0.0305200043991979,0.969205167023855,3,MAPT/MAP2/SPP1,Exploratory
Factor3,Positive,GO_Biological_Process,GO:1903018,regulation of glycoprotein metabolic process,3/89,7/828,0.0305200043991979,0.969205167023855,3,NECAB2/RAMP1/APCS,Exploratory
Factor3,Positive,GO_Biological_Process,GO:0006412,translation,4/89,12/828,0.0314407841248101,0.969205167023855,4,RBM24/EEF1A2/RPS4Y1/RPL39L,Exploratory
Factor3,Positive,GO_Biological_Process,GO:0042326,negative regulation of phosphorylation,4/89,12/828,0.0314407841248101,0.969205167023855,4,SFN/PTK6/MAPT/CDKN2A,Exploratory
Factor3,Positive,GO_Biological_Process,GO:0072659,protein localization to plasma membrane,5/89,18/828,0.0354248398727549,0.969205167023855,5,SFN/ARHGEF16/KCNB1/RAMP1/TESC,Exploratory
Factor3,Positive,GO_Biological_Process,GO:0030163,protein catabolic process,7/89,31/828,0.0398439075572643,0.969205167023855,7,NQO1/EEF1A2/NEU4/CDKN2A/SOX9/ST14/FBXO2,Exploratory
Factor3,Positive,GO_Biological_Process,GO:0030308,negative regulation of cell growth,4/89,13/828,0.041758887167316,0.969205167023855,4,OSGIN1/MAP2/SPP1/CDKN2A,Exploratory
Factor3,Positive,GO_Biological_Process,GO:0007276,gamete generation,8/89,38/828,0.0420473355363657,0.969205167023855,8,FUT6/WIPF3/B4GALNT1/DDX3Y/TSPAN8/SOX9/MDK/RPL39L,Exploratory
Factor3,Positive,GO_Biological_Process,GO:0007268,chemical synaptic transmission,10/89,52/828,0.0426126468249076,0.969205167023855,10,NQO1/RELN/RAB3B/MAPK8IP2/MAPT/SYNGR1/NRXN2/SYT12/KCNB1/FBXO2,Exploratory
Factor3,Positive,GO_Biological_Process,GO:0098916,anterograde trans-synaptic signaling,10/89,52/828,0.0426126468249076,0.969205167023855,10,NQO1/RELN/RAB3B/MAPK8IP2/MAPT/SYNGR1/NRXN2/SYT12/KCNB1/FBXO2,Exploratory
Factor3,Positive,GO_Biological_Process,GO:0007611,learning or memory,5/89,19/828,0.0440951747121077,0.969205167023855,5,RELN/MAPK8IP2/MAPT/NRXN2/MDK,Exploratory
Factor3,Positive,GO_Biological_Process,GO:0048167,regulation of synaptic plasticity,5/89,19/828,0.0440951747121077,0.969205167023855,5,RELN/MAPT/SYNGR1/SYT12/KCNB1,Exploratory
Factor3,Positive,GO_Biological_Process,GO:0006486,protein glycosylation,3/89,8/828,0.0450891070704873,0.969205167023855,3,FUT6/B3GNT3/RAMP1,Exploratory
Factor3,Positive,GO_Biological_Process,GO:0032386,regulation of intracellular transport,3/89,8/828,0.0450891070704873,0.969205167023855,3,SFN/MAP2/CDKN2A,Exploratory
Factor3,Positive,GO_Biological_Process,GO:0035418,protein localization to synapse,3/89,8/828,0.0450891070704873,0.969205167023855,3,RELN/MAPT/NRXN2,Exploratory
Factor3,Positive,GO_Biological_Process,GO:0043413,macromolecule glycosylation,3/89,8/828,0.0450891070704873,0.969205167023855,3,FUT6/B3GNT3/RAMP1,Exploratory
Factor3,Positive,GO_Biological_Process,GO:0043616,keratinocyte proliferation,3/89,8/828,0.0450891070704873,0.969205167023855,3,SFN/EPPK1/MDK,Exploratory
Factor3,Positive,GO_Biological_Process,GO:1902106,negative regulation of leukocyte differentiation,3/89,8/828,0.0450891070704873,0.969205167023855,3,CDKN2A/MDK/APCS,Exploratory
Factor3,Positive,GO_Biological_Process,GO:1903828,negative regulation of protein localization,3/89,8/828,0.0450891070704873,0.969205167023855,3,SFN/MAPT/KCNB1,Exploratory
Factor3,Positive,GO_Biological_Process,GO:0016049,cell growth,7/89,32/828,0.0466372890181065,0.969205167023855,7,SFN/OSGIN1/MAPT/MAP2/SPP1/CDKN2A/SOX9,Exploratory
Factor3,Positive,GO_Biological_Process,GO:0048609,multicellular organismal reproductive process,10/89,53/828,0.047925185291324,0.969205167023855,10,FUT6/WIPF3/B4GALNT1/MAPK8IP2/DDX3Y/SPP1/TSPAN8/SOX9/MDK/RPL39L,Exploratory
Factor3,Positive,GO_Biological_Process,GO:0099537,trans-synaptic signaling,10/89,53/828,0.047925185291324,0.969205167023855,10,NQO1/RELN/RAB3B/MAPK8IP2/MAPT/SYNGR1/NRXN2/SYT12/KCNB1/FBXO2,Exploratory
Factor3,Positive,KEGG_Pathway,hsa00600,Sphingolipid metabolism,3/51,6/493,0.0167046729728006,0.852513567181245,3,PLPP2/B4GALNT1/NEU4,Exploratory
Factor3,Positive,KEGG_Pathway,hsa04010,MAPK signaling pathway,4/51,16/493,0.072443098285892,0.852513567181245,4,FGF21/MAPK8IP2/MAPT/MAPK12,Not Significant
Factor3,Positive,KEGG_Pathway,hsa05130,Pathogenic Escherichia coli infection,3/51,10/493,0.0742792985841309,0.852513567181245,3,WIPF3/CLDN4/MAPK12,Not Significant
Factor3,Positive,KEGG_Pathway,hsa05022,Pathways of neurodegeneration - multiple diseases,3/51,11/493,0.0948448513315206,0.852513567181245,3,GPX2/MAPT/MAPK12,Not Significant
Factor3,Positive,KEGG_Pathway,hsa00040,Pentose and glucuronate interconversions,3/51,12/493,0.117477389094554,0.852513567181245,3,AKR1B10/UGT2B11/UGT2B15,Not Significant
Factor3,Positive,KEGG_Pathway,hsa05012,Parkinson disease,2/51,6/493,0.120121502579796,0.852513567181245,2,SLC39A4/MAPT,Not Significant
Factor3,Positive,KEGG_Pathway,hsa05140,Leishmaniasis,2/51,6/493,0.120121502579796,0.852513567181245,2,EEF1A2/MAPK12,Not Significant
Factor3,Positive,KEGG_Pathway,hsa05208,Chemical carcinogenesis - reactive oxygen species,3/51,13/493,0.141926176249797,0.852513567181245,3,NQO1/AKR1C2/MAPK12,Not Significant
Factor3,Positive,KEGG_Pathway,hsa05014,Amyotrophic lateral sclerosis,2/51,7/493,0.157326078651963,0.852513567181245,2,GPX2/MAPK12,Not Significant
Factor3,Positive,KEGG_Pathway,hsa05218,Melanoma,2/51,7/493,0.157326078651963,0.852513567181245,2,FGF21/CDKN2A,Not Significant
Factor3,Positive,KEGG_Pathway,hsa05171,Coronavirus disease,3/51,15/493,0.195229311570826,0.852513567181245,3,RPS4Y1/MAPK12/RPL39L,Not Significant
Factor3,Positive,KEGG_Pathway,hsa04670,Leukocyte transendothelial migration,2/51,8/493,0.196355158969096,0.852513567181245,2,CLDN4/MAPK12,Not Significant
Factor3,Positive,KEGG_Pathway,hsa05135,Yersinia infection,2/51,8/493,0.196355158969096,0.852513567181245,2,WIPF3/MAPK12,Not Significant
Factor3,Positive,KEGG_Pathway,hsa00980,Metabolism of xenobiotics by cytochrome P450,5/51,31/493,0.207008113106258,0.852513567181245,5,AKR7A3/ALDH3A1/UGT2B11/UGT2B15/ADH1C,Not Significant
Factor3,Positive,KEGG_Pathway,hsa01240,Biosynthesis of cofactors,3/51,16/493,0.223564591559657,0.852513567181245,3,NQO1/UGT2B11/UGT2B15,Not Significant
Factor3,Positive,KEGG_Pathway,hsa00860,Porphyrin metabolism,2/51,9/493,0.236453371677833,0.852513567181245,2,UGT2B11/UGT2B15,Not Significant
Factor3,Positive,KEGG_Pathway,hsa04750,Inflammatory mediator regulation of TRP channels,2/51,9/493,0.236453371677833,0.852513567181245,2,MAPK12/TRPM8,Not Significant
Factor3,Positive,KEGG_Pathway,hsa05010,Alzheimer disease,2/51,9/493,0.236453371677833,0.852513567181245,2,SLC39A4/MAPT,Not Significant
Factor3,Positive,KEGG_Pathway,hsa00053,Ascorbate and aldarate metabolism,2/51,10/493,0.276996889951258,0.852513567181245,2,UGT2B11/UGT2B15,Not Significant
Factor3,Positive,KEGG_Pathway,hsa00350,Tyrosine metabolism,2/51,10/493,0.276996889951258,0.852513567181245,2,ALDH3A1/ADH1C,Not Significant
Factor3,Negative,GO_Biological_Process,GO:0050853,B cell receptor signaling pathway,9/97,10/828,2.67512339564452e-08,4.47013119412198e-05,9,IGHA1/CD38/IGHM/IGHA2/IGHG2/IGKC/IGLC3/IGHG3/IGHG4,Robust Supported
Factor3,Negative,GO_Biological_Process,GO:0002443,leukocyte mediated immunity,15/97,30/828,1.35271571551251e-07,0.00011301939803107,15,IGHA1/CD8A/IGHM/IGHA2/IL7R/IGLC2/DBH/IGHG2/DNASE1L3/IGKC/IGLC3/IGHG3/IGHG4/NR4A3/SVEP1,Robust Supported
Factor3,Negative,GO_Biological_Process,GO:0002429,immune response-activating cell surface receptor signaling pathway,14/97,30/828,1.11376105560414e-06,0.000474046744044372,14,IGHA1/CD38/CD8A/IGHM/IGHA2/IGHG2/FCN3/IGKC/TLR2/IGLC3/CD3E/IGHG3/IGHG4/NR4A3,Robust Supported
Factor3,Negative,GO_Biological_Process,GO:0050851,antigen receptor-mediated signaling pathway,11/97,19/828,1.13476180501346e-06,0.000474046744044372,11,IGHA1/CD38/CD8A/IGHM/IGHA2/IGHG2/IGKC/IGLC3/CD3E/IGHG3/IGHG4,Robust Supported
Factor3,Negative,GO_Biological_Process,GO:0002768,immune response-regulating cell surface receptor signaling pathway,14/97,32/828,2.9497177391749e-06,0.000985795668432251,14,IGHA1/CD38/CD8A/IGHM/IGHA2/IGHG2/FCN3/IGKC/TLR2/IGLC3/CD3E/IGHG3/IGHG4/NR4A3,Robust Supported
Factor3,Negative,GO_Biological_Process,GO:0002449,lymphocyte mediated immunity,12/97,25/828,4.95865110987936e-06,0.0013809843341014,12,IGHA1/CD8A/IGHM/IGHA2/IL7R/IGLC2/IGHG2/IGKC/IGLC3/IGHG3/IGHG4/SVEP1,Robust Supported
Factor3,Negative,GO_Biological_Process,GO:0016064,immunoglobulin mediated immune response,10/97,19/828,1.17631102968207e-05,0.00245701966324843,10,IGHA1/IGHM/IGHA2/IGLC2/IGHG2/IGKC/IGLC3/IGHG3/IGHG4/SVEP1,Robust Supported
Factor3,Negative,GO_Biological_Process,GO:0019724,B cell mediated immunity,10/97,19/828,1.17631102968207e-05,0.00245701966324843,10,IGHA1/IGHM/IGHA2/IGLC2/IGHG2/IGKC/IGLC3/IGHG3/IGHG4/SVEP1,Robust Supported
Factor3,Negative,GO_Biological_Process,GO:0002460,adaptive immune response based on somatic recombination of immune receptors built from immunoglobulin superfamily domains,12/97,27/828,1.35249923667945e-05,0.00251114024943485,12,IGHA1/CD8A/IGHM/IGHA2/IL7R/IGLC2/IGHG2/IGKC/IGLC3/IGHG3/IGHG4/SVEP1,Robust Supported
Factor3,Negative,GO_Biological_Process,GO:0002757,immune response-activating signaling pathway,14/97,37/828,2.3028015354432e-05,0.00384798136572558,14,IGHA1/CD38/CD8A/IGHM/IGHA2/IGHG2/FCN3/IGKC/TLR2/IGLC3/CD3E/IGHG3/IGHG4/NR4A3,Robust Supported
Factor3,Negative,GO_Biological_Process,GO:0002250,adaptive immune response,15/97,42/828,2.56697044549211e-05,0.00389946146765211,15,IGHA1/JCHAIN/CD8A/IGHM/IGHA2/IGKV3-20/IL7R/IGLC2/IGHG2/IGKC/IGLC3/CD3E/IGHG3/IGHG4/SVEP1,Robust Supported
Factor3,Negative,GO_Biological_Process,GO:0019731,antibacterial humoral response,8/97,14/828,4.45994066268851e-05,0.00596828036393654,8,IGHA1/JCHAIN/IGHM/IGHA2/IGKV3-20/IGHG2/IGHG3/IGHG4,Robust Supported
Factor3,Negative,GO_Biological_Process,GO:0002764,immune response-regulating signaling pathway,14/97,39/828,4.64318639923249e-05,0.00596828036393654,14,IGHA1/CD38/CD8A/IGHM/IGHA2/IGHG2/FCN3/IGKC/TLR2/IGLC3/CD3E/IGHG3/IGHG4/NR4A3,Robust Supported
Factor3,Negative,GO_Biological_Process,GO:0007166,cell surface receptor signaling pathway,40/97,200/828,5.40512809336439e-05,0.00645140646000849,40,DAB1/GCGR/IGHA1/CXCL12/GHR/PDGFRA/CD38/CD8A/G0S2/IGHM/IGHA2/IL7R/PTK7/PTPRD/DBH/LIFR/IGHG2/SOCS2/FCN3/AGXT/AMOTL1/IGKC/TNIK/TLR2/MCC/IGLC3/CD3E/ADGRG5/IGHG3/DCN/EFEMP1/IGHG4/HAMP/ADGRA2/NR4A3/TNXB/SSTR1/SVEP1/COL3A1/XDH,Robust Supported
Factor3,Negative,GO_Biological_Process,GO:0002252,immune effector process,16/97,51/828,8.54949679034662e-05,0.00952413942444614,16,IGHA1/CD8A/IGHM/IGHA2/IL7R/IGLC2/DBH/IGHG2/DNASE1L3/FCN3/IGKC/IGLC3/IGHG3/IGHG4/NR4A3/SVEP1,Robust Supported
Factor3,Negative,GO_Biological_Process,GO:0002253,activation of immune response,15/97,48/828,0.000154828246137566,0.0161698749559921,15,IGHA1/CD38/CD8A/IGHM/IGHA2/IGHG2/FCN3/IGKC/TLR2/IGLC3/CD3E/IGHG3/IGHG4/NR4A3/SVEP1,Robust Supported
Factor3,Negative,GO_Biological_Process,GO:0050776,regulation of immune response,18/97,65/828,0.000184452269117334,0.0181305730408862,18,IGHA1/CD38/CD8A/IGHM/IGHA2/IL7R/PTPRD/IGHG2/FCN3/IGKC/TLR2/IGLC3/CD3E/IGHG3/IGHG4/NR4A3/SVEP1/COL3A1,Robust Supported
Factor3,Negative,GO_Biological_Process,GO:0006958,"complement activation, classical pathway",7/97,13/828,0.000233485208914593,0.0216752102275714,7,IGHA1/IGHM/IGHA2/IGHG2/IGHG3/IGHG4/SVEP1,Robust Supported
Factor3,Negative,GO_Biological_Process,GO:0043605,amide catabolic process,5/97,7/828,0.000347416937523815,0.0305544054001208,5,AADAT/AASS/UROC1/TDO2/XDH,Robust Supported
Factor3,Negative,GO_Biological_Process,GO:0050778,positive regulation of immune response,15/97,53/828,0.000532483472434963,0.0444889941219411,15,IGHA1/CD38/CD8A/IGHM/IGHA2/IGHG2/FCN3/IGKC/TLR2/IGLC3/CD3E/IGHG3/IGHG4/NR4A3/SVEP1,Robust Supported
Factor3,Negative,GO_Biological_Process,GO:0007259,cell surface receptor signaling pathway via JAK-STAT,6/97,11/828,0.000631767938561938,0.0502706773969999,6,DAB1/GHR/IL7R/PTPRD/SOCS2/HAMP,Exploratory
Factor3,Negative,GO_Biological_Process,GO:0002455,humoral immune response mediated by circulating immunoglobulin,7/97,15/828,0.000716373850881079,0.0544118502191947,7,IGHA1/IGHM/IGHA2/IGHG2/IGHG3/IGHG4/SVEP1,Exploratory
Factor3,Negative,GO_Biological_Process,GO:0045907,positive regulation of vasoconstriction,4/97,5/828,0.000810581998229781,0.0588905443061724,4,ADRA1A/AVPR1A/CD38/DBH,Exploratory
Factor3,Negative,GO_Biological_Process,GO:0042742,defense response to bacterium,11/97,34/828,0.000931639038440142,0.0648653680513949,11,IGHA1/JCHAIN/IGHM/IGHA2/IGKV3-20/IL7R/IGHG2/TLR2/IGHG3/IGHG4/HAMP,Exploratory
Factor3,Negative,GO_Biological_Process,GO:0048584,positive regulation of response to stimulus,30/97,153/828,0.00109194022453591,0.0729852846079804,30,ADRA1A/IGHA1/CXCL12/GHR/PDGFRA/CD38/CD8A/G0S2/IGHM/IGHA2/IL7R/PTK7/TRPV4/IGHG2/FCN3/IGKC/TNIK/TLR2/IGLC3/CD3E/IGHG3/DCN/IGHG4/ADGRA2/NR4A3/TNXB/PTGIS/SVEP1/COL3A1/XDH,Exploratory
Factor3,Negative,GO_Biological_Process,GO:0019730,antimicrobial humoral response,10/97,30/828,0.00124821192390232,0.080221620186184,10,IGHA1/CXCL12/JCHAIN/IGHM/IGHA2/IGKV3-20/IGHG2/IGHG3/IGHG4/HAMP,Exploratory
Factor3,Negative,GO_Biological_Process,GO:0002684,positive regulation of immune system process,20/97,88/828,0.00140892093313605,0.0871965510840867,20,IGHA1/CXCL12/CD38/CD8A/IGHM/IGHA2/IL7R/TRPV4/VCAM1/IGHG2/FCN3/IGKC/TLR2/IGLC3/CD3E/IGHG3/IGHG4/HAMP/NR4A3/SVEP1,Exploratory
Factor3,Negative,GO_Biological_Process,GO:0006956,complement activation,8/97,21/828,0.00148935418978747,0.0888825303976738,8,IGHA1/IGHM/IGHA2/IGHG2/FCN3/IGHG3/IGHG4/SVEP1,Exploratory
Factor3,Negative,GO_Biological_Process,GO:0019229,regulation of vasoconstriction,5/97,9/828,0.00171596396614602,0.0955791929143335,5,ADRA1A/AVPR1A/CD38/DBH/SVEP1,Exploratory
Factor3,Negative,GO_Biological_Process,GO:0046425,regulation of receptor signaling pathway via JAK-STAT,5/97,9/828,0.00171596396614602,0.0955791929143335,5,DAB1/GHR/IL7R/PTPRD/SOCS2,Exploratory
Factor3,Negative,GO_Biological_Process,GO:0097696,cell surface receptor signaling pathway via STAT,6/97,13/828,0.00192515475687594,0.103055607297235,6,DAB1/GHR/IL7R/PTPRD/SOCS2/HAMP,Exploratory
Factor3,Negative,GO_Biological_Process,GO:0007165,signal transduction,52/97,328/828,0.00211226590075684,0.103055607297235,52,ADRA1A/DAB1/AVPR1A/GCGR/IGHA1/CXCL12/GHR/PDGFRA/CD38/CD8A/PDE11A/G0S2/IGHM/IGHA2/IL7R/PTK7/RGS1/INHBE/TRPV4/IGFALS/ZNF385B/PTPRD/DBH/LIFR/IGHG2/SOCS2/FCN3/AGXT/AMOTL1/IGKC/TNIK/FBP1/TLR2/MCC/IGLC3/CD3E/KDM8/ADGRG5/IGHG3/DCN/EFEMP1/IGHG4/HAMP/ADGRA2/NR4A3/TNXB/SSTR1/PTGIS/SVEP1/COL3A1/ADCY1/XDH,Exploratory
Factor3,Negative,GO_Biological_Process,GO:0006955,immune response,25/97,124/828,0.00215344664557082,0.103055607297235,25,IGHA1/CXCL12/JCHAIN/CD38/CD8A/IGHM/IGHA2/IGKV3-20/IL7R/IGLC2/RGS1/PTPRD/IGHG2/DNASE1L3/FCN3/IGKC/TLR2/IGLC3/CD3E/IGHG3/IGHG4/HAMP/NR4A3/SVEP1/COL3A1,Exploratory
Factor3,Negative,GO_Biological_Process,GO:0003094,glomerular filtration,4/97,6/828,0.0022128717952843,0.103055607297235,4,IGHA1/JCHAIN/IGHA2/IGKV3-20,Exploratory
Factor3,Negative,GO_Biological_Process,GO:0097205,renal filtration,4/97,6/828,0.0022128717952843,0.103055607297235,4,IGHA1/JCHAIN/IGHA2/IGKV3-20,Exploratory
Factor3,Negative,GO_Biological_Process,GO:1901698,response to nitrogen compound,15/97,60/828,0.00222022852345927,0.103055607297235,15,GCGR/CXCL12/GHR/TRPV4/FOSB/VCAM1/DBH/SOCS2/GPD1/FBP1/TLR2/TDO2/BCHE/NR4A3/COL3A1,Exploratory
Factor3,Negative,GO_Biological_Process,GO:0002682,regulation of immune system process,23/97,111/828,0.00229933478516545,0.103842930432743,23,IGHA1/CXCL12/CD38/CD8A/IGHM/IGHA2/IL7R/TRPV4/PTPRD/VCAM1/IGHG2/DNASE1L3/FCN3/IGKC/TLR2/IGLC3/CD3E/IGHG3/IGHG4/HAMP/NR4A3/SVEP1/COL3A1,Exploratory
Factor3,Negative,GO_Biological_Process,GO:0035924,cellular response to vascular endothelial growth factor stimulus,6/97,14/828,0.00305224256613116,0.126947755136674,6,PDGFRA/VCAM1/DCN/ADGRA2/TNXB/XDH,Exploratory
Factor3,Negative,GO_Biological_Process,GO:0038084,vascular endothelial growth factor signaling pathway,5/97,10/828,0.00311481625410152,0.126947755136674,5,PDGFRA/DCN/ADGRA2/TNXB/XDH,Exploratory
Factor3,Negative,GO_Biological_Process,GO:0042310,vasoconstriction,5/97,10/828,0.00311481625410152,0.126947755136674,5,ADRA1A/AVPR1A/CD38/DBH/SVEP1,Exploratory
Factor3,Negative,GO_Biological_Process,GO:1904892,regulation of receptor signaling pathway via STAT,5/97,10/828,0.00311481625410152,0.126947755136674,5,DAB1/GHR/IL7R/PTPRD/SOCS2,Exploratory
Factor3,Negative,GO_Biological_Process,GO:0016358,dendrite development,6/97,15/828,0.00460948837629788,0.183391787542709,6,DAB1/PTPRD/MFSD2A/TNIK/CD3E/IGSF9,Exploratory
Factor3,Negative,GO_Biological_Process,GO:0043434,response to peptide hormone,9/97,30/828,0.00502151729657534,0.195138497734358,9,GCGR/CXCL12/GHR/TRPV4/SOCS2/FBP1/TLR2/NR4A3/COL3A1,Exploratory
Factor3,Negative,GO_Biological_Process,GO:0006959,humoral immune response,12/97,47/828,0.00528726472409889,0.200795894408392,12,IGHA1/CXCL12/JCHAIN/IGHM/IGHA2/IGKV3-20/IGHG2/FCN3/IGHG3/IGHG4/HAMP/SVEP1,Exploratory
Factor3,Negative,GO_Biological_Process,GO:0048583,regulation of response to stimulus,41/97,252/828,0.00576925965812705,0.214231841971784,41,ADRA1A/DAB1/IGHA1/CXCL12/GHR/PDGFRA/CD38/CD8A/PDE11A/G0S2/IGHM/IGHA2/IL7R/PTK7/RGS1/TRPV4/PTPRD/DBH/IGHG2/DNASE1L3/SOCS2/FCN3/IGKC/TNIK/FBP1/TLR2/MCC/IGLC3/CD3E/KDM8/IGHG3/DCN/IGHG4/HAMP/ADGRA2/NR4A3/TNXB/PTGIS/SVEP1/COL3A1/XDH,Exploratory
Factor3,Negative,GO_Biological_Process,GO:0045333,cellular respiration,4/97,8/828,0.00855981118141217,0.310944445307386,4,PPARGC1A/TRPV4/GPD1/NR4A3,Exploratory
Factor3,Negative,GO_Biological_Process,GO:0048699,generation of neurons,17/97,83/828,0.0106652504291509,0.379183690789599,17,DAB1/CXCL12/CD38/PTK7/TRPV4/PTPRD/VCAM1/MFSD2A/SOCS2/TNIK/CD3E/BCHE/ATF5/TNXB/COL3A1/IGSF9/ADCY1,Exploratory
Factor3,Negative,GO_Biological_Process,GO:0010975,regulation of neuron projection development,8/97,28/828,0.0112485676275957,0.391590760535674,8,DAB1/CXCL12/CD38/PTK7/TRPV4/PTPRD/MFSD2A/TNIK,Exploratory
Factor3,Negative,GO_Biological_Process,GO:0006084,acetyl-CoA metabolic process,3/97,5/828,0.0130880767107391,0.39635605913191,3,AADAT/AASS/TDO2,Exploratory
Factor3,Negative,GO_Biological_Process,GO:0040014,regulation of multicellular organism growth,3/97,5/828,0.0130880767107391,0.39635605913191,3,GHR/MFSD2A/SOCS2,Exploratory
Factor3,Negative,GO_Biological_Process,GO:0046426,negative regulation of receptor signaling pathway via JAK-STAT,3/97,5/828,0.0130880767107391,0.39635605913191,3,DAB1/PTPRD/SOCS2,Exploratory
Factor3,Negative,GO_Biological_Process,GO:0060263,regulation of respiratory burst,3/97,5/828,0.0130880767107391,0.39635605913191,3,IGHA1/JCHAIN/IGHA2,Exploratory
Factor3,Negative,GO_Biological_Process,GO:1904893,negative regulation of receptor signaling pathway via STAT,3/97,5/828,0.0130880767107391,0.39635605913191,3,DAB1/PTPRD/SOCS2,Exploratory
Factor3,Negative,GO_Biological_Process,GO:0023052,signaling,53/97,361/828,0.0133243692050859,0.39635605913191,53,ADRA1A/DAB1/AVPR1A/GCGR/IGHA1/CXCL12/GHR/PDGFRA/CD38/CD8A/PDE11A/G0S2/IGHM/IGHA2/IL7R/PTK7/RGS1/INHBE/TRPV4/IGFALS/ZNF385B/PTPRD/DBH/LIFR/IGHG2/SOCS2/FCN3/AGXT/AMOTL1/IGKC/TNIK/FBP1/TLR2/MCC/IGLC3/CD3E/KDM8/ADGRG5/IGHG3/DCN/EFEMP1/IGHG4/HAMP/ADGRA2/BCHE/NR4A3/TNXB/SSTR1/PTGIS/SVEP1/COL3A1/ADCY1/XDH,Exploratory
Factor3,Negative,GO_Biological_Process,GO:0042113,B cell activation,4/97,9/828,0.0140348889536251,0.39635605913191,4,CD38/IGHM/IL7R/VCAM1,Exploratory
Factor3,Negative,GO_Biological_Process,GO:1900746,regulation of vascular endothelial growth factor signaling pathway,4/97,9/828,0.0140348889536251,0.39635605913191,4,DCN/ADGRA2/TNXB/XDH,Exploratory
Factor3,Negative,GO_Biological_Process,GO:1902547,regulation of cellular response to vascular endothelial growth factor stimulus,4/97,9/828,0.0140348889536251,0.39635605913191,4,DCN/ADGRA2/TNXB/XDH,Exploratory
Factor3,Negative,GO_Biological_Process,GO:0009725,response to hormone,15/97,72/828,0.0141360898293618,0.39635605913191,15,ADRA1A/AVPR1A/GCGR/CXCL12/GHR/CD38/TRPV4/FOSB/SOCS2/FBP1/TLR2/BCHE/NR4A3/SSTR1/COL3A1,Exploratory
Factor3,Negative,GO_Biological_Process,GO:0051716,cellular response to stimulus,62/97,439/828,0.0141653191506706,0.39635605913191,62,ADRA1A/DAB1/AVPR1A/GCGR/IGHA1/CXCL12/GHR/PDGFRA/CD38/CD8A/PDE11A/G0S2/IGHM/IGHA2/IL7R/PTK7/MT1F/PPARGC1A/RGS1/INHBE/TRPV4/FOSB/IGFALS/ZNF385B/ADH4/PTPRD/VCAM1/DBH/MFSD2A/LIFR/IGHG2/SOCS2/FCN3/AGXT/AMOTL1/IGKC/GPD1/TNIK/PLIN1/FBP1/TLR2/MCC/IGLC3/CD3E/KDM8/ADGRG5/IGHG3/DCN/EFEMP1/IGHG4/HAMP/ADGRA2/BCHE/GPX7/NR4A3/TNXB/SSTR1/PTGIS/SVEP1/COL3A1/ADCY1/XDH,Exploratory
Factor3,Negative,GO_Biological_Process,GO:0007154,cell communication,53/97,362/828,0.0142318154086862,0.39635605913191,53,ADRA1A/DAB1/AVPR1A/GCGR/IGHA1/CXCL12/GHR/PDGFRA/CD38/CD8A/PDE11A/G0S2/IGHM/IGHA2/IL7R/PTK7/RGS1/INHBE/TRPV4/IGFALS/ZNF385B/PTPRD/DBH/LIFR/IGHG2/SOCS2/FCN3/AGXT/AMOTL1/IGKC/TNIK/FBP1/TLR2/MCC/IGLC3/CD3E/KDM8/ADGRG5/IGHG3/DCN/EFEMP1/IGHG4/HAMP/ADGRA2/BCHE/NR4A3/TNXB/SSTR1/PTGIS/SVEP1/COL3A1/ADCY1/XDH,Exploratory
Factor3,Negative,GO_Biological_Process,GO:0002376,immune system process,28/97,164/828,0.0146881995701877,0.402360352160388,28,IGHA1/CXCL12/JCHAIN/CD38/CD8A/IGHM/IGHA2/IGKV3-20/IL7R/IGLC2/RGS1/TRPV4/PTPRD/VCAM1/DBH/IGHG2/DNASE1L3/FCN3/IGKC/TLR2/IGLC3/CD3E/IGHG3/IGHG4/HAMP/NR4A3/SVEP1/COL3A1,Exploratory
Factor3,Negative,GO_Biological_Process,GO:0009719,response to endogenous stimulus,22/97,121/828,0.0156705015873664,0.422345292782084,22,ADRA1A/AVPR1A/GCGR/CXCL12/GHR/PDGFRA/CD38/TRPV4/FOSB/MXRA5/VCAM1/SOCS2/FBP1/TLR2/DCN/ADGRA2/BCHE/NR4A3/TNXB/SSTR1/COL3A1/XDH,Exploratory
Factor3,Negative,GO_Biological_Process,GO:0009063,amino acid catabolic process,6/97,19/828,0.0168741636544828,0.436702359605146,6,AADAT/AASS/AGXT/UROC1/TDO2/HOGA1,Exploratory
Factor3,Negative,GO_Biological_Process,GO:1901606,alpha-amino acid catabolic process,6/97,19/828,0.0168741636544828,0.436702359605146,6,AADAT/AASS/AGXT/UROC1/TDO2/HOGA1,Exploratory
Factor3,Negative,GO_Biological_Process,GO:0007169,cell surface receptor protein tyrosine kinase signaling pathway,12/97,54/828,0.0169872252389793,0.436702359605146,12,GHR/PDGFRA/CD8A/SOCS2/CD3E/DCN/EFEMP1/ADGRA2/NR4A3/TNXB/SVEP1/XDH,Exploratory
Factor3,Negative,GO_Biological_Process,GO:0009755,hormone-mediated signaling pathway,4/97,10/828,0.0213149374199741,0.53160090192204,4,GCGR/GHR/NR4A3/SSTR1,Exploratory
Factor3,Negative,GO_Biological_Process,GO:0097009,energy homeostasis,4/97,10/828,0.0213149374199741,0.53160090192204,4,PPARGC1A/TRPV4/MFSD2A/NR4A3,Exploratory
Factor3,Negative,GO_Biological_Process,GO:0035264,multicellular organism growth,5/97,15/828,0.0229409798155431,0.542915036685426,5,GHR/MFSD2A/SOCS2/ATF5/COL3A1,Exploratory
Factor3,Negative,GO_Biological_Process,GO:0030182,neuron differentiation,15/97,76/828,0.0230690351902065,0.542915036685426,15,DAB1/CXCL12/CD38/PTK7/TRPV4/PTPRD/VCAM1/MFSD2A/SOCS2/TNIK/CD3E/ATF5/TNXB/IGSF9/ADCY1,Exploratory
Factor3,Negative,GO_Biological_Process,GO:0072521,purine-containing compound metabolic process,11/97,50/828,0.0238340389064903,0.542915036685426,11,CD38/AADAT/AASS/GPD1/SLC2A9/FBP1/TDO2/ACSM3/PTGIS/ADCY1/XDH,Exploratory
Factor3,Negative,GO_Biological_Process,GO:0045730,respiratory burst,3/97,6/828,0.0239632816261939,0.542915036685426,3,IGHA1/JCHAIN/IGHA2,Exploratory
Factor3,Negative,GO_Biological_Process,GO:1900747,negative regulation of vascular endothelial growth factor signaling pathway,3/97,6/828,0.0239632816261939,0.542915036685426,3,DCN/ADGRA2/XDH,Exploratory
Factor3,Negative,GO_Biological_Process,GO:1902548,negative regulation of cellular response to vascular endothelial growth factor stimulus,3/97,6/828,0.0239632816261939,0.542915036685426,3,DCN/ADGRA2/XDH,Exploratory
Factor3,Negative,GO_Biological_Process,GO:0048666,neuron development,13/97,63/828,0.0240429160471104,0.542915036685426,13,DAB1/CXCL12/CD38/PTK7/TRPV4/PTPRD/MFSD2A/TNIK/CD3E/ATF5/TNXB/IGSF9/ADCY1,Exploratory
Factor3,Negative,GO_Biological_Process,GO:0007610,behavior,10/97,44/828,0.0248768376886382,0.554255943702859,10,DAB1/AVPR1A/CXCL12/FOSB/DBH/MFSD2A/TLR2/BCHE/NR4A3/ADCY1,Exploratory
Factor3,Negative,GO_Biological_Process,GO:0031175,neuron projection development,12/97,57/828,0.025794894590792,0.567148274489651,12,DAB1/CXCL12/CD38/PTK7/TRPV4/PTPRD/MFSD2A/TNIK/CD3E/TNXB/IGSF9/ADCY1,Exploratory
Factor3,Negative,GO_Biological_Process,GO:0006753,nucleoside phosphate metabolic process,10/97,45/828,0.0289068158452596,0.622194867171732,10,CD38/AADAT/AASS/GPD1/FBP1/TDO2/ACSM3/PTGIS/ADCY1/XDH,Exploratory
Factor3,Negative,GO_Biological_Process,GO:0022008,neurogenesis,18/97,99/828,0.0292094607662249,0.622194867171732,18,DAB1/CXCL12/CD38/PTK7/TRPV4/PTPRD/VCAM1/MFSD2A/SOCS2/TNIK/TLR2/CD3E/BCHE/ATF5/TNXB/COL3A1/IGSF9/ADCY1,Exploratory
Factor3,Negative,GO_Biological_Process,GO:0048545,response to steroid hormone,7/97,27/828,0.0299381979585727,0.622194867171732,7,AVPR1A/GHR/CD38/FOSB/TLR2/BCHE/NR4A3,Exploratory
Factor3,Negative,GO_Biological_Process,GO:0045927,positive regulation of growth,5/97,16/828,0.0303305612354781,0.622194867171732,5,AVPR1A/CXCL12/GHR/CD38/MFSD2A,Exploratory
Factor3,Negative,GO_Biological_Process,GO:0006081,cellular aldehyde metabolic process,4/97,11/828,0.0305326026978348,0.622194867171732,4,BCO2/ADH4/AGXT/HOGA1,Exploratory
Factor3,Negative,GO_Biological_Process,GO:0030534,adult behavior,4/97,11/828,0.0305326026978348,0.622194867171732,4,DAB1/CXCL12/FOSB/DBH,Exploratory
Factor3,Negative,GO_Biological_Process,GO:0007167,enzyme-linked receptor protein signaling pathway,15/97,79/828,0.0321962668728259,0.648192312584243,15,GHR/PDGFRA/CD8A/PTPRD/LIFR/SOCS2/CD3E/DCN/EFEMP1/ADGRA2/NR4A3/TNXB/SVEP1/COL3A1/XDH,Exploratory
Factor3,Negative,GO_Biological_Process,GO:0021537,telencephalon development,6/97,22/828,0.0346374462836743,0.659403811564958,6,DAB1/AVPR1A/CXCL12/MFSD2A/ATF5/COL3A1,Exploratory
Factor3,Negative,GO_Biological_Process,GO:0016054,organic acid catabolic process,8/97,34/828,0.0360676865471897,0.659403811564958,8,AADAT/AASS/MFSD2A/AGXT/UROC1/TDO2/HAO2/HOGA1,Exploratory
Factor3,Negative,GO_Biological_Process,GO:0046395,carboxylic acid catabolic process,8/97,34/828,0.0360676865471897,0.659403811564958,8,AADAT/AASS/MFSD2A/AGXT/UROC1/TDO2/HAO2/HOGA1,Exploratory
Factor3,Negative,GO_Biological_Process,GO:0048667,cell morphogenesis involved in neuron differentiation,8/97,34/828,0.0360676865471897,0.659403811564958,8,DAB1/CXCL12/PTK7/PTPRD/MFSD2A/TNIK/IGSF9/ADCY1,Exploratory
Factor3,Negative,GO_Biological_Process,GO:0030900,forebrain development,7/97,28/828,0.036168074735565,0.659403811564958,7,DAB1/AVPR1A/CXCL12/MFSD2A/ATF5/SSTR1/COL3A1,Exploratory
Factor3,Negative,GO_Biological_Process,GO:0097305,response to alcohol,7/97,28/828,0.036168074735565,0.659403811564958,7,AVPR1A/GHR/FOSB/VCAM1/DBH/FBP1/ADCY1,Exploratory
Factor3,Negative,GO_Biological_Process,GO:0048518,positive regulation of biological process,52/97,369/828,0.0363777632171467,0.659403811564958,52,ADRA1A/DAB1/AVPR1A/GCGR/IGHA1/CXCL12/GHR/JCHAIN/PDGFRA/CD38/THBS2/CD8A/G0S2/IGHM/IGHA2/IL7R/PTK7/PPARGC1A/TRPV4/FOSB/ABI3BP/PTPRD/VCAM1/DBH/MFSD2A/LIFR/IGHG2/SOCS2/FCN3/HSD17B13/IGKC/GPD1/TNIK/TLR2/IGLC3/CD3E/KDM8/IGHG3/DCN/TBX15/IGHG4/HAMP/ADGRA2/ATF5/NR4A3/TNXB/PTGIS/SVEP1/ARMCX3/COL3A1/ADCY1/XDH,Exploratory
Factor3,Negative,GO_Biological_Process,GO:0022029,telencephalon cell migration,3/97,7/828,0.0384106341416156,0.659403811564958,3,DAB1/CXCL12/COL3A1,Exploratory
Factor3,Negative,GO_Biological_Process,GO:0032570,response to progesterone,3/97,7/828,0.0384106341416156,0.659403811564958,3,CD38/FOSB/TLR2,Exploratory
Factor3,Negative,GO_Biological_Process,GO:0050773,regulation of dendrite development,3/97,7/828,0.0384106341416156,0.659403811564958,3,PTPRD/MFSD2A/TNIK,Exploratory
Factor3,Negative,GO_Biological_Process,GO:0071229,cellular response to acid chemical,3/97,7/828,0.0384106341416156,0.659403811564958,3,AVPR1A/PDGFRA/COL3A1,Exploratory
Factor3,Negative,GO_Biological_Process,GO:0015980,energy derivation by oxidation of organic compounds,5/97,17/828,0.0390670121753027,0.659403811564958,5,GCGR/PPARGC1A/TRPV4/GPD1/NR4A3,Exploratory
Factor3,Negative,GO_Biological_Process,GO:0035150,regulation of tube size,5/97,17/828,0.0390670121753027,0.659403811564958,5,ADRA1A/AVPR1A/CD38/DBH/SVEP1,Exploratory
Factor3,Negative,GO_Biological_Process,GO:0035296,regulation of tube diameter,5/97,17/828,0.0390670121753027,0.659403811564958,5,ADRA1A/AVPR1A/CD38/DBH/SVEP1,Exploratory
Factor3,Negative,GO_Biological_Process,GO:0097746,blood vessel diameter maintenance,5/97,17/828,0.0390670121753027,0.659403811564958,5,ADRA1A/AVPR1A/CD38/DBH/SVEP1,Exploratory
Factor3,Negative,GO_Biological_Process,GO:1903522,regulation of blood circulation,5/97,17/828,0.0390670121753027,0.659403811564958,5,ADRA1A/AVPR1A/CD38/DBH/SVEP1,Exploratory
Factor3,Negative,GO_Biological_Process,GO:1902679,negative regulation of RNA biosynthetic process,11/97,54/828,0.0406877229473327,0.677552606345159,11,CD38/TRPV4/FOSB/AASS/FCN3/FBP1/KDM8/TBX15/HAMP/ATF5/NR4A3,Exploratory
Factor3,Negative,GO_Biological_Process,GO:0007623,circadian rhythm,4/97,12/828,0.0417641642450936,0.677552606345159,4,PPARGC1A/KDM8/ATF5/ADCY1,Exploratory
Factor3,Negative,GO_Biological_Process,GO:0030307,positive regulation of cell growth,4/97,12/828,0.0417641642450936,0.677552606345159,4,AVPR1A/CXCL12/CD38/MFSD2A,Exploratory
Factor3,Negative,GO_Biological_Process,GO:0043467,regulation of generation of precursor metabolites and energy,4/97,12/828,0.0417641642450936,0.677552606345159,4,GCGR/TRPV4/GPD1/FBP1,Exploratory
Factor3,Negative,GO_Biological_Process,GO:0003018,vascular process in circulatory system,8/97,35/828,0.0423240108877004,0.680032905705263,8,ADRA1A/AVPR1A/SLC7A2/CD38/TRPV4/DBH/MFSD2A/SVEP1,Exploratory
Factor3,Negative,GO_Biological_Process,GO:1901654,response to ketone,7/97,29/828,0.043205003731395,0.683546586137029,7,AVPR1A/GHR/CD38/FOSB/FBP1/TLR2/ADCY1,Exploratory
Factor3,Negative,GO_Biological_Process,GO:0044282,small molecule catabolic process,10/97,48/828,0.0437698891182897,0.683546586137029,10,AADAT/AASS/ADH4/MFSD2A/AGXT/UROC1/TDO2/HAO2/XDH/HOGA1,Exploratory
Factor3,Negative,GO_Biological_Process,GO:0055086,nucleobase-containing small molecule metabolic process,10/97,48/828,0.0437698891182897,0.683546586137029,10,CD38/AADAT/AASS/GPD1/FBP1/TDO2/ACSM3/PTGIS/ADCY1/XDH,Exploratory
Factor3,Negative,GO_Biological_Process,GO:0048705,skeletal system morphogenesis,5/97,18/828,0.0491955941574214,0.747325798518647,5,GHR/PDGFRA/TRPV4/TBX15/COL3A1,Exploratory
Factor3,Negative,GO_Biological_Process,GO:0050803,regulation of synapse structure or activity,5/97,18/828,0.0491955941574214,0.747325798518647,5,DAB1/THBS2/PTPRD/TLR2/IGSF9,Exploratory
Factor3,Negative,GO_Biological_Process,GO:0050807,regulation of synapse organization,5/97,18/828,0.0491955941574214,0.747325798518647,5,DAB1/THBS2/PTPRD/TLR2/IGSF9,Exploratory
Factor3,Negative,KEGG_Pathway,hsa04630,JAK-STAT signaling pathway,5/59,9/493,0.00180276529083862,0.206554145745684,5,GHR/PDGFRA/IL7R/LIFR/SOCS2,Exploratory
Factor3,Negative,KEGG_Pathway,hsa04081,Hormone signaling,7/59,18/493,0.00273581649994284,0.206554145745684,7,ADRA1A/AVPR1A/GCGR/GHR/HAMP/SSTR1/ADCY1,Exploratory
Factor3,Negative,KEGG_Pathway,hsa04935,"Growth hormone synthesis, secretion and action",5/59,13/493,0.0125433777336753,0.413639550463462,5,GHR/IGFALS/SOCS2/SSTR1/ADCY1,Exploratory
Factor3,Negative,KEGG_Pathway,hsa00230,Purine metabolism,3/59,5/493,0.013696673856406,0.413639550463462,3,PDE11A/ADCY1/XDH,Exploratory
Factor3,Negative,KEGG_Pathway,hsa04923,Regulation of lipolysis in adipocytes,3/59,5/493,0.013696673856406,0.413639550463462,3,G0S2/PLIN1/ADCY1,Exploratory
Factor3,Negative,KEGG_Pathway,hsa04072,Phospholipase D signaling pathway,3/59,6/493,0.0250676554945878,0.598867272453902,3,AVPR1A/PDGFRA/ADCY1,Exploratory
Factor3,Negative,KEGG_Pathway,hsa04146,Peroxisome,3/59,7/493,0.0401628087370612,0.598867272453902,3,AGXT/HAO2/XDH,Exploratory
Factor3,Negative,KEGG_Pathway,hsa04020,Calcium signaling pathway,5/59,17/493,0.0412011663431374,0.598867272453902,5,ADRA1A/AVPR1A/PDGFRA/CD38/ADCY1,Exploratory
Factor3,Negative,KEGG_Pathway,hsa04080,Neuroactive ligand-receptor interaction,5/59,17/493,0.0412011663431374,0.598867272453902,5,ADRA1A/AVPR1A/GCGR/GHR/SSTR1,Exploratory
Factor3,Negative,KEGG_Pathway,hsa04640,Hematopoietic cell lineage,4/59,12/493,0.0439039420628398,0.598867272453902,4,CD38/CD8A/IL7R/CD3E,Exploratory
Factor3,Negative,KEGG_Pathway,hsa04151,PI3K-Akt signaling pathway,7/59,30/493,0.0540281612107105,0.598867272453902,7,GHR/PDGFRA/COL4A4/THBS2/IL7R/TLR2/TNXB,Not Significant
Factor3,Negative,KEGG_Pathway,hsa04350,TGF-beta signaling pathway,3/59,8/493,0.0588609203666269,0.598867272453902,3,INHBE/DCN/HAMP,Not Significant
Factor3,Negative,KEGG_Pathway,hsa04918,Thyroid hormone synthesis,3/59,8/493,0.0588609203666269,0.598867272453902,3,SERPINA7/GPX7/ADCY1,Not Significant
Factor3,Negative,KEGG_Pathway,hsa04970,Salivary secretion,3/59,8/493,0.0588609203666269,0.598867272453902,3,ADRA1A/CD38/ADCY1,Not Significant
Factor3,Negative,KEGG_Pathway,hsa04518,Integrin signaling,5/59,19/493,0.0640739042641492,0.598867272453902,5,PDGFRA/COL4A4/THBS2/VCAM1/TNXB,Not Significant
Factor3,Negative,KEGG_Pathway,hsa04910,Insulin signaling pathway,3/59,9/493,0.0809131262472695,0.598867272453902,3,PPARGC1A/SOCS2/FBP1,Not Significant
Factor3,Negative,KEGG_Pathway,hsa04922,Glucagon signaling pathway,3/59,9/493,0.0809131262472695,0.598867272453902,3,GCGR/PPARGC1A/FBP1,Not Significant
Factor3,Negative,KEGG_Pathway,hsa05144,Malaria,3/59,9/493,0.0809131262472695,0.598867272453902,3,THBS2/VCAM1/TLR2,Not Significant
Factor3,Negative,KEGG_Pathway,hsa05146,Amoebiasis,4/59,15/493,0.0919593809478638,0.598867272453902,4,COL4A4/TLR2/COL3A1/ADCY1,Not Significant
Factor3,Negative,KEGG_Pathway,hsa04060,Cytokine-cytokine receptor interaction,5/59,21/493,0.0928868255273654,0.598867272453902,5,CXCL12/GHR/IL7R/INHBE/LIFR,Not Significant
Factor8,Positive,GO_Biological_Process,GO:0010273,detoxification of copper ion,7/92,7/828,1.69743598613077e-07,5.41821566772942e-05,7,MT2A/MT1E/MT1F/MT1A/MT1G/MT1M/MT1X,Robust Supported
Factor8,Positive,GO_Biological_Process,GO:0061687,detoxification of inorganic compound,7/92,7/828,1.69743598613077e-07,5.41821566772942e-05,7,MT2A/MT1E/MT1F/MT1A/MT1G/MT1M/MT1X,Robust Supported
Factor8,Positive,GO_Biological_Process,GO:0071294,cellular response to zinc ion,7/92,7/828,1.69743598613077e-07,5.41821566772942e-05,7,MT2A/MT1E/MT1F/MT1A/MT1G/MT1M/MT1X,Robust Supported
Factor8,Positive,GO_Biological_Process,GO:0097501,stress response to metal ion,7/92,7/828,1.69743598613077e-07,5.41821566772942e-05,7,MT2A/MT1E/MT1F/MT1A/MT1G/MT1M/MT1X,Robust Supported
Factor8,Positive,GO_Biological_Process,GO:1990169,stress response to copper ion,7/92,7/828,1.69743598613077e-07,5.41821566772942e-05,7,MT2A/MT1E/MT1F/MT1A/MT1G/MT1M/MT1X,Robust Supported
Factor8,Positive,GO_Biological_Process,GO:0071276,cellular response to cadmium ion,7/92,8/828,1.23493119916676e-06,0.000281564313410021,7,MT2A/MT1E/MT1F/MT1A/MT1G/MT1M/MT1X,Robust Supported
Factor8,Positive,GO_Biological_Process,GO:0071280,cellular response to copper ion,7/92,8/828,1.23493119916676e-06,0.000281564313410021,7,MT2A/MT1E/MT1F/MT1A/MT1G/MT1M/MT1X,Robust Supported
Factor8,Positive,GO_Biological_Process,GO:0010043,response to zinc ion,7/92,9/828,5.0540184499324e-06,0.00089624593845468,7,MT2A/MT1E/MT1F/MT1A/MT1G/MT1M/MT1X,Robust Supported
Factor8,Positive,GO_Biological_Process,GO:0046686,response to cadmium ion,7/92,9/828,5.0540184499324e-06,0.00089624593845468,7,MT2A/MT1E/MT1F/MT1A/MT1G/MT1M/MT1X,Robust Supported
Factor8,Positive,GO_Biological_Process,GO:0006882,intracellular zinc ion homeostasis,7/92,10/828,1.53221871021741e-05,0.00222311005591544,7,MT2A/MT1E/MT1F/MT1A/MT1G/MT1M/MT1X,Robust Supported
Factor8,Positive,GO_Biological_Process,GO:0046688,response to copper ion,7/92,10/828,1.53221871021741e-05,0.00222311005591544,7,MT2A/MT1E/MT1F/MT1A/MT1G/MT1M/MT1X,Robust Supported
Factor8,Positive,GO_Biological_Process,GO:0045926,negative regulation of growth,10/92,24/828,9.37204586669499e-05,0.0124648210027043,10,MT2A/MT1E/MT1F/MT1A/MT1G/MT1M/MT1X/MAP2/CDKN2A/OSGIN1,Robust Supported
Factor8,Positive,GO_Biological_Process,GO:0046907,intracellular transport,9/92,28/828,0.00202156428814775,0.248185892606446,9,MAP2/ARMCX3/CDKN2A/DNAJC6/IFI27/NGFR/WLS/EXPH5/SFN,Exploratory
Factor8,Positive,GO_Biological_Process,GO:0040008,regulation of growth,12/92,47/828,0.0033407822470088,0.380849176159003,12,MT2A/MT1E/MT1F/MT1A/MT1G/MT1M/MT1X/MAP2/CDKN2A/EPPK1/OSGIN1/SFN,Exploratory
Factor8,Positive,GO_Biological_Process,GO:0006260,DNA replication,6/92,16/828,0.00510303928208097,0.509028168387577,6,NUGGC/CCNE1/ENPP7/CDT1/MCM10/CCNA2,Exploratory
Factor8,Positive,GO_Biological_Process,GO:0006886,intracellular protein transport,6/92,16/828,0.00510303928208097,0.509028168387577,6,CDKN2A/IFI27/NGFR/WLS/EXPH5/SFN,Exploratory
Factor8,Positive,GO_Biological_Process,GO:0032880,regulation of protein localization,12/92,51/828,0.00691187657986988,0.592169261859007,12,NECAB2/CCNE1/GLIS2/MAP2/CDKN2A/IFI27/NGFR/WLS/EXPH5/SFN/ARHGEF16/GNAO1,Exploratory
Factor8,Positive,GO_Biological_Process,GO:0006275,regulation of DNA replication,4/92,8/828,0.00704963406975008,0.592169261859007,4,NUGGC/ENPP7/CDT1/CCNA2,Exploratory
Factor8,Positive,GO_Biological_Process,GO:0032386,regulation of intracellular transport,4/92,8/828,0.00704963406975008,0.592169261859007,4,MAP2/CDKN2A/IFI27/SFN,Exploratory
Factor8,Positive,GO_Biological_Process,GO:0060341,regulation of cellular localization,12/92,52/828,0.00816237410588422,0.651357453649561,12,NECAB2/CCNE1/GLIS2/MAP2/CDKN2A/IFI27/NGFR/WLS/EXPH5/SFN/ARHGEF16/GNAO1,Exploratory
Factor8,Positive,GO_Biological_Process,GO:0006913,nucleocytoplasmic transport,3/92,5/828,0.0112579957309794,0.691067737947812,3,CDKN2A/IFI27/SFN,Exploratory
Factor8,Positive,GO_Biological_Process,GO:0043114,regulation of vascular permeability,3/92,5/828,0.0112579957309794,0.691067737947812,3,AKAP12/BDKRB2/AMOT,Exploratory
Factor8,Positive,GO_Biological_Process,GO:0046822,regulation of nucleocytoplasmic transport,3/92,5/828,0.0112579957309794,0.691067737947812,3,CDKN2A/IFI27/SFN,Exploratory
Factor8,Positive,GO_Biological_Process,GO:0051169,nuclear transport,3/92,5/828,0.0112579957309794,0.691067737947812,3,CDKN2A/IFI27/SFN,Exploratory
Factor8,Positive,GO_Biological_Process,GO:1900180,regulation of protein localization to nucleus,3/92,5/828,0.0112579957309794,0.691067737947812,3,GLIS2/CDKN2A/NGFR,Exploratory
Factor8,Positive,GO_Biological_Process,GO:1900182,positive regulation of protein localization to nucleus,3/92,5/828,0.0112579957309794,0.691067737947812,3,GLIS2/CDKN2A/NGFR,Exploratory
Factor8,Positive,GO_Biological_Process,GO:0006261,DNA-templated DNA replication,4/92,10/828,0.0177352256360217,0.983276049621216,4,NUGGC/CCNE1/CDT1/MCM10,Exploratory
Factor8,Positive,GO_Biological_Process,GO:0098754,detoxification,7/92,26/828,0.0186067876861588,0.983276049621216,7,MT2A/MT1E/MT1F/MT1A/MT1G/MT1M/MT1X,Exploratory
Factor8,Positive,GO_Biological_Process,GO:0040007,growth,14/92,72/828,0.020501406079303,0.983276049621216,14,MT2A/MT1E/MT1F/MT1A/MT1G/MT1M/MT1X/MAP2/CDKN2A/EPPK1/ECM1/OSGIN1/COL3A1/SFN,Exploratory
Factor8,Positive,GO_Biological_Process,GO:0006270,DNA replication initiation,3/92,6/828,0.0207124410268171,0.983276049621216,3,CCNE1/CDT1/MCM10,Exploratory
Factor8,Positive,GO_Biological_Process,GO:0021675,nerve development,3/92,6/828,0.0207124410268171,0.983276049621216,3,B4GALNT1/SULF1/NGFR,Exploratory
Factor8,Positive,GO_Biological_Process,GO:0033157,regulation of intracellular protein transport,3/92,6/828,0.0207124410268171,0.983276049621216,3,CDKN2A/IFI27/SFN,Exploratory
Factor8,Positive,GO_Biological_Process,GO:0071248,cellular response to metal ion,7/92,27/828,0.0228808700758013,0.983276049621216,7,MT2A/MT1E/MT1F/MT1A/MT1G/MT1M/MT1X,Exploratory
Factor8,Positive,GO_Biological_Process,GO:0001960,negative regulation of cytokine-mediated signaling pathway,3/92,7/828,0.0333586242418701,0.983276049621216,3,PALM3/ECM1/TNFRSF11B,Exploratory
Factor8,Positive,GO_Biological_Process,GO:0060761,negative regulation of response to cytokine stimulus,3/92,7/828,0.0333586242418701,0.983276049621216,3,PALM3/ECM1/TNFRSF11B,Exploratory
Factor8,Positive,GO_Biological_Process,GO:0089718,amino acid import across plasma membrane,3/92,7/828,0.0333586242418701,0.983276049621216,3,SLC7A2/SLC38A1/SLC6A6,Exploratory
Factor8,Positive,GO_Biological_Process,GO:1901796,regulation of signal transduction by p53 class mediator,3/92,7/828,0.0333586242418701,0.983276049621216,3,CD44/CDKN2A/BDKRB2,Exploratory
Factor8,Positive,GO_Biological_Process,GO:1903829,positive regulation of protein localization,8/92,36/828,0.0372993740975278,0.983276049621216,8,NECAB2/GLIS2/CDKN2A/NGFR/WLS/EXPH5/SFN/ARHGEF16,Exploratory
Factor8,Positive,GO_Biological_Process,GO:0006259,DNA metabolic process,8/92,37/828,0.0433267790849084,0.983276049621216,8,NUGGC/CCNE1/ENPP7/CDT1/CDKN2A/MCM10/CBS/CCNA2,Exploratory
Factor8,Positive,GO_Biological_Process,GO:0009636,response to toxic substance,8/92,37/828,0.0433267790849084,0.983276049621216,8,MT2A/MT1E/MT1F/MT1A/MT1G/MT1M/MT1X/GLYAT,Exploratory
Factor8,Positive,GO_Biological_Process,GO:0003333,amino acid transmembrane transport,3/92,8/828,0.0491440183451421,0.983276049621216,3,SLC7A2/SLC38A1/SLC6A6,Exploratory
Factor8,Positive,GO_Biological_Process,GO:0034504,protein localization to nucleus,3/92,8/828,0.0491440183451421,0.983276049621216,3,GLIS2/CDKN2A/NGFR,Exploratory
Factor8,Positive,GO_Biological_Process,GO:0051052,regulation of DNA metabolic process,5/92,19/828,0.0499515920933104,0.983276049621216,5,NUGGC/ENPP7/CDT1/CDKN2A/CCNA2,Exploratory
Factor8,Positive,GO_Biological_Process,GO:0051606,detection of stimulus,5/92,19/828,0.0499515920933104,0.983276049621216,5,LY96/CD1D/NGFR/GPR88/OR2I1P,Exploratory
Factor8,Positive,KEGG_Pathway,hsa04978,Mineral absorption,7/50,10/493,6.99400879083237e-06,0.000811305019736555,7,MT2A/MT1E/MT1F/MT1A/MT1G/MT1M/MT1X,Robust Supported
Factor8,Positive,KEGG_Pathway,hsa05203,Viral carcinogenesis,3/50,6/493,0.0157993311262255,0.653784699940523,3,CCNE1/CDKN2A/CCNA2,Exploratory
Factor8,Positive,KEGG_Pathway,hsa04110,Cell cycle,6/50,22/493,0.0169082249984618,0.653784699940523,6,CCNE1/CDT1/CDKN2A/PKMYT1/SFN/CCNA2,Exploratory
Factor8,Positive,KEGG_Pathway,hsa05206,MicroRNAs in cancer,4/50,14/493,0.0436676192448354,0.858342687746429,4,CCNE1/CD44/CDKN2A/TNXB,Exploratory
Factor8,Positive,KEGG_Pathway,hsa04115,p53 signaling pathway,3/50,10/493,0.0706973605261678,0.858342687746429,3,CCNE1/CDKN2A/SFN,Not Significant
Factor8,Positive,KEGG_Pathway,hsa05169,Epstein-Barr virus infection,3/50,12/493,0.112152086091487,0.858342687746429,3,CCNE1/CD44/CCNA2,Not Significant
Factor8,Positive,KEGG_Pathway,hsa00600,Sphingolipid metabolism,2/50,6/493,0.116065940634423,0.858342687746429,2,B4GALNT1/ENPP7,Not Significant
Factor8,Positive,KEGG_Pathway,hsa02010,ABC transporters,2/50,6/493,0.116065940634423,0.858342687746429,2,ABCA8/ABCB4,Not Significant
Factor8,Positive,KEGG_Pathway,hsa04727,GABAergic synapse,2/50,6/493,0.116065940634423,0.858342687746429,2,SLC38A1/GNAO1,Not Significant
Factor8,Positive,KEGG_Pathway,hsa05204,Chemical carcinogenesis - DNA adducts,5/50,27/493,0.126416085255999,0.858342687746429,5,NAT2/AKR1C2/UGT2B7/UGT1A6/HSD11B1,Not Significant
Factor8,Positive,KEGG_Pathway,hsa04723,Retrograde endocannabinoid signaling,2/50,7/493,0.152219568210685,0.858342687746429,2,DAGLA/GNAO1,Not Significant
Factor8,Positive,KEGG_Pathway,hsa04724,Glutamatergic synapse,2/50,7/493,0.152219568210685,0.858342687746429,2,SLC38A1/GNAO1,Not Significant
Factor8,Positive,KEGG_Pathway,hsa04218,Cellular senescence,3/50,15/493,0.187200336201442,0.858342687746429,3,CCNE1/CDKN2A/CCNA2,Not Significant
Factor8,Positive,KEGG_Pathway,hsa05166,Human T-cell leukemia virus 1 infection,3/50,15/493,0.187200336201442,0.858342687746429,3,CCNE1/CDKN2A/CCNA2,Not Significant
Factor8,Positive,KEGG_Pathway,hsa04530,Tight junction,2/50,8/493,0.190232950291899,0.858342687746429,2,CD1D/AMOT,Not Significant
Factor8,Positive,KEGG_Pathway,hsa00860,Porphyrin metabolism,2/50,9/493,0.229377216493938,0.858342687746429,2,UGT2B7/UGT1A6,Not Significant
Factor8,Positive,KEGG_Pathway,hsa05145,Toxoplasmosis,2/50,9/493,0.229377216493938,0.858342687746429,2,LY96/GNAO1,Not Significant
Factor8,Positive,KEGG_Pathway,hsa00140,Steroid hormone biosynthesis,4/50,25/493,0.240930525431393,0.858342687746429,4,AKR1C2/UGT2B7/UGT1A6/HSD11B1,Not Significant
Factor8,Positive,KEGG_Pathway,hsa00053,Ascorbate and aldarate metabolism,2/50,10/493,0.26904718048588,0.858342687746429,2,UGT2B7/UGT1A6,Not Significant
Factor8,Positive,KEGG_Pathway,hsa04064,NF-kappa B signaling pathway,2/50,10/493,0.26904718048588,0.858342687746429,2,TNFSF14/LY96,Not Significant
Factor8,Negative,GO_Biological_Process,GO:0006898,receptor-mediated endocytosis,6/92,15/828,0.00349986358293912,0.940373512419336,6,RAMP1/AMN/APOA5/CXCL8/APOC3/APLN,Exploratory
Factor8,Negative,GO_Biological_Process,GO:0033344,cholesterol efflux,4/92,8/828,0.00704963406975008,0.940373512419336,4,APOM/PON1/APOA5/APOC3,Exploratory
Factor8,Negative,GO_Biological_Process,GO:0046503,glycerolipid catabolic process,4/92,8/828,0.00704963406975008,0.940373512419336,4,ENPP2/GPLD1/APOA5/APOC3,Exploratory
Factor8,Negative,GO_Biological_Process,GO:0007389,pattern specification process,6/92,17/828,0.00718795743268908,0.940373512419336,6,BICC1/FGFR2/GPC3/ZBTB16/FST/IHH,Exploratory
Factor8,Negative,GO_Biological_Process,GO:0009880,embryonic pattern specification,3/92,5/828,0.0112579957309794,0.940373512419336,3,FGFR2/ZBTB16/IHH,Exploratory
Factor8,Negative,GO_Biological_Process,GO:0010463,mesenchymal cell proliferation,3/92,5/828,0.0112579957309794,0.940373512419336,3,FGFR2/GPC3/IHH,Exploratory
Factor8,Negative,GO_Biological_Process,GO:0010896,regulation of triglyceride catabolic process,3/92,5/828,0.0112579957309794,0.940373512419336,3,GPLD1/APOA5/APOC3,Exploratory
Factor8,Negative,GO_Biological_Process,GO:0032091,negative regulation of protein binding,3/92,5/828,0.0112579957309794,0.940373512419336,3,CFHR5/CFHR1/TTBK1,Exploratory
Factor8,Negative,GO_Biological_Process,GO:0034381,plasma lipoprotein particle clearance,3/92,5/828,0.0112579957309794,0.940373512419336,3,APOM/GPLD1/APOC3,Exploratory
Factor8,Negative,GO_Biological_Process,GO:0060191,regulation of lipase activity,3/92,5/828,0.0112579957309794,0.940373512419336,3,FGFR2/APOA5/APOC3,Exploratory
Factor8,Negative,GO_Biological_Process,GO:0008207,C21-steroid hormone metabolic process,4/92,9/828,0.0116184148020792,0.940373512419336,4,AFP/DHRS2/AKR1D1/CACNA1H,Exploratory
Factor8,Negative,GO_Biological_Process,GO:0042157,lipoprotein metabolic process,4/92,9/828,0.0116184148020792,0.940373512419336,4,APOM/ANGPTL8/APOA5/APOC3,Exploratory
Factor8,Negative,GO_Biological_Process,GO:0007224,smoothened signaling pathway,4/92,10/828,0.0177352256360217,0.940373512419336,4,FGFR2/GPC3/DCDC2/IHH,Exploratory
Factor8,Negative,GO_Biological_Process,GO:0008589,regulation of smoothened signaling pathway,4/92,10/828,0.0177352256360217,0.940373512419336,4,FGFR2/GPC3/DCDC2/IHH,Exploratory
Factor8,Negative,GO_Biological_Process,GO:0035107,appendage morphogenesis,4/92,10/828,0.0177352256360217,0.940373512419336,4,FGFR2/GPC3/ZBTB16/IHH,Exploratory
Factor8,Negative,GO_Biological_Process,GO:0035108,limb morphogenesis,4/92,10/828,0.0177352256360217,0.940373512419336,4,FGFR2/GPC3/ZBTB16/IHH,Exploratory
Factor8,Negative,GO_Biological_Process,GO:0045913,positive regulation of carbohydrate metabolic process,4/92,10/828,0.0177352256360217,0.940373512419336,4,GPLD1/GPT/PPP1R3G/PRKAA2,Exploratory
Factor8,Negative,GO_Biological_Process,GO:0097006,regulation of plasma lipoprotein particle levels,4/92,10/828,0.0177352256360217,0.940373512419336,4,APOM/GPLD1/APOA5/APOC3,Exploratory
Factor8,Negative,GO_Biological_Process,GO:0003002,regionalization,5/92,15/828,0.0184812640818164,0.940373512419336,5,BICC1/FGFR2/GPC3/ZBTB16/IHH,Exploratory
Factor8,Negative,GO_Biological_Process,GO:0001823,mesonephros development,3/92,6/828,0.0207124410268171,0.940373512419336,3,FGFR2/GPC3/ZBTB16,Exploratory
Factor8,Negative,GO_Biological_Process,GO:0008277,regulation of G protein-coupled receptor signaling pathway,3/92,6/828,0.0207124410268171,0.940373512419336,3,RAMP1/CXCL8/APLN,Exploratory
Factor8,Negative,GO_Biological_Process,GO:0010907,positive regulation of glucose metabolic process,3/92,6/828,0.0207124410268171,0.940373512419336,3,GPLD1/GPT/PPP1R3G,Exploratory
Factor8,Negative,GO_Biological_Process,GO:0019433,triglyceride catabolic process,3/92,6/828,0.0207124410268171,0.940373512419336,3,GPLD1/APOA5/APOC3,Exploratory
Factor8,Negative,GO_Biological_Process,GO:0030901,midbrain development,3/92,6/828,0.0207124410268171,0.940373512419336,3,CKB/FGFR2/TTBK1,Exploratory
Factor8,Negative,GO_Biological_Process,GO:0032024,positive regulation of insulin secretion,3/92,6/828,0.0207124410268171,0.940373512419336,3,ACSL4/GPLD1/ANO1,Exploratory
Factor8,Negative,GO_Biological_Process,GO:0045880,positive regulation of smoothened signaling pathway,3/92,6/828,0.0207124410268171,0.940373512419336,3,GPC3/DCDC2/IHH,Exploratory
Factor8,Negative,GO_Biological_Process,GO:0051873,killing by host of symbiont cells,3/92,6/828,0.0207124410268171,0.940373512419336,3,MBL2/CFHR5/CFHR1,Exploratory
Factor8,Negative,GO_Biological_Process,GO:0070328,triglyceride homeostasis,3/92,6/828,0.0207124410268171,0.940373512419336,3,ANGPTL8/APOA5/APOC3,Exploratory
Factor8,Negative,GO_Biological_Process,GO:0045927,positive regulation of growth,5/92,16/828,0.0245622753544234,0.940373512419336,5,ACSL4/VIL1/FGFR2/S100A9/IGFBP1,Exploratory
Factor8,Negative,GO_Biological_Process,GO:0062013,positive regulation of small molecule metabolic process,5/92,16/828,0.0245622753544234,0.940373512419336,5,GPLD1/GPT/APOA5/PPP1R3G/PRKAA2,Exploratory
Factor8,Negative,GO_Biological_Process,GO:0048736,appendage development,4/92,11/828,0.0255334650855117,0.940373512419336,4,FGFR2/GPC3/ZBTB16/IHH,Exploratory
Factor8,Negative,GO_Biological_Process,GO:0060173,limb development,4/92,11/828,0.0255334650855117,0.940373512419336,4,FGFR2/GPC3/ZBTB16/IHH,Exploratory
Factor8,Negative,GO_Biological_Process,GO:0044248,cellular catabolic process,17/92,96/828,0.0266402463699647,0.940373512419336,17,CYP4A11/AMDHD1/QSOX1/ENPP2/PON1/AKR1D1/AGXT/CHAC1/GPLD1/S100A9/HAL/GPT/APOA5/APOC3/CYP3A5/HBA2/PRKAA2,Exploratory
Factor8,Negative,GO_Biological_Process,GO:0001822,kidney development,7/92,28/828,0.0277929776054708,0.940373512419336,7,CYP4A11/BICC1/CYP4A22/FGFR2/GPC3/PKHD1/ZBTB16,Exploratory
Factor8,Negative,GO_Biological_Process,GO:0046486,glycerolipid metabolic process,7/92,28/828,0.0277929776054708,0.940373512419336,7,ENPP2/PON1/G6PC1/GPLD1/APOA5/APOC3/GAL3ST1,Exploratory
Factor8,Negative,GO_Biological_Process,GO:0072001,renal system development,7/92,28/828,0.0277929776054708,0.940373512419336,7,CYP4A11/BICC1/CYP4A22/FGFR2/GPC3/PKHD1/ZBTB16,Exploratory
Factor8,Negative,GO_Biological_Process,GO:0048856,anatomical structure development,48/92,351/828,0.0290996664799599,0.940373512419336,48,SGCE/CYP4A11/AFP/ADGRV1/CKB/MAMLD1/IGF2BP2/WDR72/ACSL4/BICC1/RAMP1/CSTA/DHRS2/CYP4A22/ENPP2/VIL1/FGFR2/GPC3/ANGPTL8/SSTR2/CHAC1/GPLD1/S100A9/ANO1/PKHD1/AURKB/APOA5/ZBTB16/CXCL8/ELFN1/CACNA1H/VCAM1/DCDC2/ALPK2/SPP2/PHGDH/THBS4/IGSF23/APLN/PGLYRP2/TTBK1/FST/SP5/IHH/IGFBP1/PPP1R9A/GAL3ST1/SOBP,Exploratory
Factor8,Negative,GO_Biological_Process,GO:0032502,developmental process,51/92,378/828,0.0297758959011034,0.940373512419336,51,SGCE/CYP4A11/AFP/ADGRV1/CKB/MAMLD1/IGF2BP2/WDR72/ACSL4/PEG10/BICC1/RAMP1/CSTA/DHRS2/CYP4A22/RPL39L/ENPP2/VIL1/FGFR2/GPC3/ANGPTL8/SSTR2/G6PC1/CHAC1/GPLD1/S100A9/ANO1/PKHD1/AURKB/APOA5/ZBTB16/CXCL8/ELFN1/CACNA1H/VCAM1/DCDC2/ALPK2/SPP2/PHGDH/THBS4/IGSF23/APLN/PGLYRP2/TTBK1/FST/SP5/IHH/IGFBP1/PPP1R9A/GAL3ST1/SOBP,Exploratory
Factor8,Negative,GO_Biological_Process,GO:0002933,lipid hydroxylation,3/92,7/828,0.0333586242418701,0.940373512419336,3,CYP4A22/CYP3A5/CYP3A7,Exploratory
Factor8,Negative,GO_Biological_Process,GO:0030326,embryonic limb morphogenesis,3/92,7/828,0.0333586242418701,0.940373512419336,3,GPC3/ZBTB16/IHH,Exploratory
Factor8,Negative,GO_Biological_Process,GO:0033013,tetrapyrrole metabolic process,3/92,7/828,0.0333586242418701,0.940373512419336,3,AMN/SLCO1B3/HPX,Exploratory
Factor8,Negative,GO_Biological_Process,GO:0034367,protein-containing complex remodeling,3/92,7/828,0.0333586242418701,0.940373512419336,3,APOM/APOA5/APOC3,Exploratory
Factor8,Negative,GO_Biological_Process,GO:0034368,protein-lipid complex remodeling,3/92,7/828,0.0333586242418701,0.940373512419336,3,APOM/APOA5/APOC3,Exploratory
Factor8,Negative,GO_Biological_Process,GO:0034369,plasma lipoprotein particle remodeling,3/92,7/828,0.0333586242418701,0.940373512419336,3,APOM/APOA5/APOC3,Exploratory
Factor8,Negative,GO_Biological_Process,GO:0035113,embryonic appendage morphogenesis,3/92,7/828,0.0333586242418701,0.940373512419336,3,GPC3/ZBTB16/IHH,Exploratory
Factor8,Negative,GO_Biological_Process,GO:0046461,neutral lipid catabolic process,3/92,7/828,0.0333586242418701,0.940373512419336,3,GPLD1/APOA5/APOC3,Exploratory
Factor8,Negative,GO_Biological_Process,GO:0046464,acylglycerol catabolic process,3/92,7/828,0.0333586242418701,0.940373512419336,3,GPLD1/APOA5/APOC3,Exploratory
Factor8,Negative,GO_Biological_Process,GO:0055090,acylglycerol homeostasis,3/92,7/828,0.0333586242418701,0.940373512419336,3,ANGPTL8/APOA5/APOC3,Exploratory
Factor8,Negative,GO_Biological_Process,GO:0090207,regulation of triglyceride metabolic process,3/92,7/828,0.0333586242418701,0.940373512419336,3,GPLD1/APOA5/APOC3,Exploratory
Factor8,Negative,GO_Biological_Process,GO:0006897,endocytosis,9/92,42/828,0.0344640968652658,0.940373512419336,9,WDR72/RAMP1/GPC3/MBL2/AMN/APOA5/CXCL8/APOC3/APLN,Exploratory
Factor8,Negative,GO_Biological_Process,GO:0021782,glial cell development,4/92,12/828,0.0351011031126631,0.940373512419336,4,S100A9/ANO1/PHGDH/TTBK1,Exploratory
Factor8,Negative,GO_Biological_Process,GO:0030301,cholesterol transport,4/92,12/828,0.0351011031126631,0.940373512419336,4,APOM/PON1/APOA5/APOC3,Exploratory
Factor8,Negative,GO_Biological_Process,GO:0032368,regulation of lipid transport,4/92,12/828,0.0351011031126631,0.940373512419336,4,CYP4A11/ACSL4/PON1/APOC3,Exploratory
Factor8,Negative,GO_Biological_Process,GO:0050796,regulation of insulin secretion,4/92,12/828,0.0351011031126631,0.940373512419336,4,ACSL4/GPLD1/ANO1/GNAZ,Exploratory
Factor8,Negative,GO_Biological_Process,GO:0008285,negative regulation of cell population proliferation,11/92,56/828,0.0366340139220832,0.940373512419336,11,DHRS2/FGFR2/GPC3/SSTR2/GPLD1/ZBTB16/CXCL8/APLN/CGREF1/PDE9A/IHH,Exploratory
Factor8,Negative,GO_Biological_Process,GO:0030162,regulation of proteolysis,9/92,43/828,0.0396517878275596,0.940373512419336,9,CSTA/GPC3/ANGPTL8/CHAC1/GPLD1/S100A9/SLCO1B3/SERPINC1/TTBK1,Exploratory
Factor8,Negative,GO_Biological_Process,GO:0051336,regulation of hydrolase activity,10/92,51/828,0.0462237640265076,0.940373512419336,10,CSTA/FGFR2/GPC3/GPLD1/S100A9/SLCO1B3/APOA5/SERPINC1/APOC3/TTBK1,Exploratory
Factor8,Negative,GO_Biological_Process,GO:0015918,sterol transport,4/92,13/828,0.0464822150142417,0.940373512419336,4,APOM/PON1/APOA5/APOC3,Exploratory
Factor8,Negative,GO_Biological_Process,GO:1905952,regulation of lipid localization,4/92,13/828,0.0464822150142417,0.940373512419336,4,CYP4A11/ACSL4/PON1/APOC3,Exploratory
Factor8,Negative,GO_Biological_Process,GO:0019538,protein metabolic process,30/92,206/828,0.0479631202398205,0.940373512419336,30,ADGRV1/IGF2BP2/RAMP1/QSOX1/DUSP9/CSTA/RPL39L/ENPP2/APOM/FGFR2/GPC3/ANGPTL8/MBL2/CHAC1/GPLD1/S100A9/SLCO1B3/AURKB/APOA5/HPX/ZBTB16/ALPK2/THBS4/SERPINC1/APOC3/TTBK1/IHH/PRKAA2/GAL3ST1/HGFAC,Exploratory
Factor8,Negative,GO_Biological_Process,GO:0005976,polysaccharide metabolic process,3/92,8/828,0.0491440183451421,0.940373512419336,3,G6PC1/PPP1R3G/PPP1R1A,Exploratory
Factor8,Negative,GO_Biological_Process,GO:0005977,glycogen metabolic process,3/92,8/828,0.0491440183451421,0.940373512419336,3,G6PC1/PPP1R3G/PPP1R1A,Exploratory
Factor8,Negative,GO_Biological_Process,GO:0006112,energy reserve metabolic process,3/92,8/828,0.0491440183451421,0.940373512419336,3,G6PC1/PPP1R3G/PPP1R1A,Exploratory
Factor8,Negative,GO_Biological_Process,GO:0031623,receptor internalization,3/92,8/828,0.0491440183451421,0.940373512419336,3,RAMP1/CXCL8/APLN,Exploratory
Factor8,Negative,GO_Biological_Process,GO:0043393,regulation of protein binding,3/92,8/828,0.0491440183451421,0.940373512419336,3,CFHR5/CFHR1/TTBK1,Exploratory
Factor8,Negative,GO_Biological_Process,GO:0044042,glucan metabolic process,3/92,8/828,0.0491440183451421,0.940373512419336,3,G6PC1/PPP1R3G/PPP1R1A,Exploratory
Factor8,Negative,GO_Biological_Process,GO:0051100,negative regulation of binding,3/92,8/828,0.0491440183451421,0.940373512419336,3,CFHR5/CFHR1/TTBK1,Exploratory
Factor8,Negative,GO_Biological_Process,GO:0051781,positive regulation of cell division,3/92,8/828,0.0491440183451421,0.940373512419336,3,FGFR2/AURKB/THBS4,Exploratory
Factor8,Negative,GO_Biological_Process,GO:0071825,protein-lipid complex organization,3/92,8/828,0.0491440183451421,0.940373512419336,3,APOM/APOA5/APOC3,Exploratory
Factor8,Negative,GO_Biological_Process,GO:0071827,plasma lipoprotein particle organization,3/92,8/828,0.0491440183451421,0.940373512419336,3,APOM/APOA5/APOC3,Exploratory
Factor8,Negative,GO_Biological_Process,GO:0055088,lipid homeostasis,6/92,25/828,0.0492670209284963,0.940373512419336,6,APOM/ANGPTL8/G6PC1/APOA5/APOC3/PRKAA2,Exploratory
Factor8,Negative,GO_Biological_Process,GO:0050679,positive regulation of epithelial cell proliferation,5/92,19/828,0.0499515920933104,0.940373512419336,5,FGFR2/PKHD1/THBS4/APLN/IHH,Exploratory
Factor8,Negative,KEGG_Pathway,hsa04610,Complement and coagulation cascades,6/52,17/493,0.00515126354512095,0.518148347224112,6,CFHR4/MBL2/CFHR3/CFHR5/SERPINC1/CFHR1,Exploratory
Factor8,Negative,KEGG_Pathway,hsa05144,Malaria,4/52,9/493,0.0093360062562903,0.518148347224112,4,CXCL8/VCAM1/THBS4/HBA2,Exploratory
Factor8,Negative,KEGG_Pathway,hsa04920,Adipocytokine signaling pathway,3/52,8/493,0.0423580637811321,0.873747716757344,3,ACSL4/G6PC1/PRKAA2,Exploratory
Factor8,Negative,KEGG_Pathway,hsa04371,Apelin signaling pathway,3/52,10/493,0.0779483952604592,0.873747716757344,3,APLN/PLIN1/PRKAA2,Not Significant
Factor8,Negative,KEGG_Pathway,hsa04714,Thermogenesis,3/52,10/493,0.0779483952604592,0.873747716757344,3,ACSL4/PLIN1/PRKAA2,Not Significant
Factor8,Negative,KEGG_Pathway,hsa00250,"Alanine, aspartate and glutamate metabolism",2/52,5/493,0.0886940171661948,0.873747716757344,2,AGXT/GPT,Not Significant
Factor8,Negative,KEGG_Pathway,hsa00565,Ether lipid metabolism,2/52,5/493,0.0886940171661948,0.873747716757344,2,ENPP2/GAL3ST1,Not Significant
Factor8,Negative,KEGG_Pathway,hsa01210,2-Oxocarboxylic acid metabolism,2/52,5/493,0.0886940171661948,0.873747716757344,2,AGXT/GPT,Not Significant
Factor8,Negative,KEGG_Pathway,hsa05143,African trypanosomiasis,2/52,5/493,0.0886940171661948,0.873747716757344,2,VCAM1/HBA2,Not Significant
Factor8,Negative,KEGG_Pathway,hsa05410,Hypertrophic cardiomyopathy,2/52,5/493,0.0886940171661948,0.873747716757344,2,SGCE/PRKAA2,Not Significant
Factor8,Negative,KEGG_Pathway,hsa03320,PPAR signaling pathway,4/52,18/493,0.110336144956397,0.873747716757344,4,ACSL4/APOA5/APOC3/PLIN1,Not Significant
Factor8,Negative,KEGG_Pathway,hsa04550,Signaling pathways regulating pluripotency of stem cells,3/52,13/493,0.148265837745035,0.873747716757344,3,DUSP9/FGFR2/INHBE,Not Significant
Factor8,Negative,KEGG_Pathway,hsa04146,Peroxisome,2/52,7/493,0.162475798027744,0.873747716757344,2,ACSL4/AGXT,Not Significant
Factor8,Negative,KEGG_Pathway,hsa04024,cAMP signaling pathway,2/52,8/493,0.202515042776615,0.873747716757344,2,SSTR2/CNGA1,Not Significant
Factor8,Negative,KEGG_Pathway,hsa04350,TGF-beta signaling pathway,2/52,8/493,0.202515042776615,0.873747716757344,2,INHBE/FST,Not Significant
Factor8,Negative,KEGG_Pathway,hsa04931,Insulin resistance,2/52,8/493,0.202515042776615,0.873747716757344,2,G6PC1/PRKAA2,Not Significant
Factor8,Negative,KEGG_Pathway,hsa04932,Non-alcoholic fatty liver disease,2/52,8/493,0.202515042776615,0.873747716757344,2,CXCL8/PRKAA2,Not Significant
Factor8,Negative,KEGG_Pathway,hsa01200,Carbon metabolism,3/52,15/493,0.203359121795713,0.873747716757344,3,AGXT/GPT/PHGDH,Not Significant
Factor8,Negative,KEGG_Pathway,hsa05171,Coronavirus disease,3/52,15/493,0.203359121795713,0.873747716757344,3,RPL39L/MBL2/CXCL8,Not Significant
Factor8,Negative,KEGG_Pathway,hsa04010,MAPK signaling pathway,3/52,16/493,0.232544800343633,0.873747716757344,3,DUSP9/FGFR2/CACNA1H,Not Significant
Factor14,Positive,GO_Biological_Process,GO:0010717,regulation of epithelial to mesenchymal transition,5/91,7/828,0.000254058796817187,0.401412898971155,5,LRG1/LEF1/AXIN2/EPHA3/TNXB,Exploratory
Factor14,Positive,GO_Biological_Process,GO:0035282,segmentation,4/91,5/828,0.000629261571753123,0.497116641684967,4,NKD1/LEF1/AXIN2/TBX3,Exploratory
Factor14,Positive,GO_Biological_Process,GO:0010718,positive regulation of epithelial to mesenchymal transition,4/91,6/828,0.00172878628119106,0.85869568859215,4,LRG1/LEF1/AXIN2/TNXB,Exploratory
Factor14,Positive,GO_Biological_Process,GO:0001837,epithelial to mesenchymal transition,6/91,14/828,0.00217391313567633,0.85869568859215,6,LRG1/LEF1/AXIN2/EPHA3/TBX3/TNXB,Exploratory
Factor14,Positive,GO_Biological_Process,GO:0048762,mesenchymal cell differentiation,6/91,16/828,0.00482422611701281,0.989822079928473,6,LRG1/LEF1/AXIN2/EPHA3/TBX3/TNXB,Exploratory
Factor14,Positive,GO_Biological_Process,GO:0010608,post-transcriptional regulation of gene expression,5/91,12/828,0.00609690001836635,0.989822079928473,5,TUSC8/MEG3/AXIN2/ANG/ITGA2,Exploratory
Factor14,Positive,GO_Biological_Process,GO:0001974,blood vessel remodeling,3/91,5/828,0.010912316524792,0.989822079928473,3,DBH/LIF/NPR3,Exploratory
Factor14,Positive,GO_Biological_Process,GO:0035337,fatty-acyl-CoA metabolic process,3/91,5/828,0.010912316524792,0.989822079928473,3,ACSM2A/ACSL6/ACSL4,Exploratory
Factor14,Positive,GO_Biological_Process,GO:0045806,negative regulation of endocytosis,3/91,5/828,0.010912316524792,0.989822079928473,3,NECAB2/EPHA3/LGALS3,Exploratory
Factor14,Positive,GO_Biological_Process,GO:0061053,somite development,3/91,5/828,0.010912316524792,0.989822079928473,3,NKD1/LEF1/AXIN2,Exploratory
Factor14,Positive,GO_Biological_Process,GO:0009952,anterior/posterior pattern specification,4/91,9/828,0.0111714688608731,0.989822079928473,4,NKD1/LEF1/AXIN2/TBX3,Exploratory
Factor14,Positive,GO_Biological_Process,GO:0060485,mesenchyme development,6/91,20/828,0.0161980101779146,0.989822079928473,6,LRG1/LEF1/AXIN2/EPHA3/TBX3/TNXB,Exploratory
Factor14,Positive,GO_Biological_Process,GO:0006953,acute-phase response,4/91,10/828,0.0170703548932019,0.989822079928473,4,ORM1/APCS/A2M/HP,Exploratory
Factor14,Positive,GO_Biological_Process,GO:0120161,regulation of cold-induced thermogenesis,5/91,15/828,0.0176670575329643,0.989822079928473,5,TRPM8/SCD/DBH/LCN2/NPR3,Exploratory
Factor14,Positive,GO_Biological_Process,GO:0007498,mesoderm development,3/91,6/828,0.0200958467683929,0.989822079928473,3,LEF1/TBX3/ITGA2,Exploratory
Factor14,Positive,GO_Biological_Process,GO:0048332,mesoderm morphogenesis,3/91,6/828,0.0200958467683929,0.989822079928473,3,LEF1/TBX3/ITGA2,Exploratory
Factor14,Positive,GO_Biological_Process,GO:0098810,neurotransmitter reuptake,3/91,6/828,0.0200958467683929,0.989822079928473,3,SLC6A12/SLC29A4/SLC1A2,Exploratory
Factor14,Positive,GO_Biological_Process,GO:0106106,cold-induced thermogenesis,5/91,16/828,0.0235047081765787,0.989822079928473,5,TRPM8/SCD/DBH/LCN2/NPR3,Exploratory
Factor14,Positive,GO_Biological_Process,GO:0009792,embryo development ending in birth or egg hatching,8/91,34/828,0.0254128715970679,0.989822079928473,8,NKD1/LEF1/AXIN2/ACSL4/LIF/CTHRC1/TBX3/ST14,Exploratory
Factor14,Positive,GO_Biological_Process,GO:0001659,temperature homeostasis,5/91,17/828,0.0304638779093603,0.989822079928473,5,TRPM8/SCD/DBH/LCN2/NPR3,Exploratory
Factor14,Positive,GO_Biological_Process,GO:0044272,sulfur compound biosynthetic process,5/91,17/828,0.0304638779093603,0.989822079928473,5,ACSL6/ACSL4/FMO3/B3GNT3/SLC1A2,Exploratory
Factor14,Positive,GO_Biological_Process,GO:0048568,embryonic organ development,6/91,23/828,0.0321200142964295,0.989822079928473,6,LEF1/LIF/CTHRC1/A2M/TBX3/ST14,Exploratory
Factor14,Positive,GO_Biological_Process,GO:0001504,neurotransmitter uptake,3/91,7/828,0.0323964146494204,0.989822079928473,3,SLC6A12/SLC29A4/SLC1A2,Exploratory
Factor14,Positive,GO_Biological_Process,GO:0001890,placenta development,4/91,12/828,0.0338531503265129,0.989822079928473,4,LEF1/LIF/ANG/ST14,Exploratory
Factor14,Positive,GO_Biological_Process,GO:1905477,positive regulation of protein localization to membrane,4/91,12/828,0.0338531503265129,0.989822079928473,4,NECAB2/EPHA3/CEMIP/LGALS3,Exploratory
Factor14,Positive,GO_Biological_Process,GO:0009057,macromolecule catabolic process,9/91,43/828,0.0372271061821397,0.989822079928473,9,NKD1/IER3/AXIN2/CHI3L1/CEMIP/ANG/NOTUM/ST14/UBXN10,Exploratory
Factor14,Positive,GO_Biological_Process,GO:0097237,cellular response to toxic substance,5/91,18/828,0.0385993011244351,0.989822079928473,5,ADH4/SLC29A4/HP/HBA2/APOM,Exploratory
Factor14,Positive,GO_Biological_Process,GO:1990748,cellular detoxification,5/91,18/828,0.0385993011244351,0.989822079928473,5,ADH4/SLC29A4/HP/HBA2/APOM,Exploratory
Factor14,Positive,GO_Biological_Process,GO:1990845,adaptive thermogenesis,5/91,18/828,0.0385993011244351,0.989822079928473,5,TRPM8/SCD/DBH/LCN2/NPR3,Exploratory
Factor14,Positive,GO_Biological_Process,GO:0060070,canonical Wnt signaling pathway,6/91,24/828,0.0391201469621807,0.989822079928473,6,NKD1/LEF1/AXIN2/NOTUM/CTHRC1/ADGRA2,Exploratory
Factor14,Positive,GO_Biological_Process,GO:0055088,lipid homeostasis,6/91,25/828,0.0470276024007906,0.989822079928473,6,ANGPTL8/ACSM2A/GRAMD1B/CYP39A1/RBP1/APOM,Exploratory
Factor14,Positive,GO_Biological_Process,GO:0001892,embryonic placenta development,3/91,8/828,0.0477713753796401,0.989822079928473,3,LEF1/LIF/ST14,Exploratory
Factor14,Positive,GO_Biological_Process,GO:0002761,regulation of myeloid leukocyte differentiation,3/91,8/828,0.0477713753796401,0.989822079928473,3,LEF1/LIF/APCS,Exploratory
Factor14,Positive,GO_Biological_Process,GO:0006022,aminoglycan metabolic process,3/91,8/828,0.0477713753796401,0.989822079928473,3,CHI3L1/B3GNT3/CEMIP,Exploratory
Factor14,Positive,GO_Biological_Process,GO:0006486,protein glycosylation,3/91,8/828,0.0477713753796401,0.989822079928473,3,B3GNT3/GAL3ST1/LARGE2,Exploratory
Factor14,Positive,GO_Biological_Process,GO:0007405,neuroblast proliferation,3/91,8/828,0.0477713753796401,0.989822079928473,3,ACSL6/LEF1/DAGLA,Exploratory
Factor14,Positive,GO_Biological_Process,GO:0043413,macromolecule glycosylation,3/91,8/828,0.0477713753796401,0.989822079928473,3,B3GNT3/GAL3ST1/LARGE2,Exploratory
Factor14,Positive,GO_Biological_Process,GO:0009100,glycoprotein metabolic process,5/91,19/828,0.0479485811366797,0.989822079928473,5,NECAB2/B3GNT3/GAL3ST1/APCS/LARGE2,Exploratory
Factor14,Positive,KEGG_Pathway,hsa00071,Fatty acid degradation,5/57,8/493,0.000746219432824967,0.0992471845657206,5,ADH4/ADH6/ACSL6/ACSL4/ADH1A,Exploratory
Factor14,Positive,KEGG_Pathway,hsa04936,Alcoholic liver disease,6/57,17/493,0.00827206666182152,0.432953662787261,6,ADH4/ADH6/SCD/LEF1/MAPK13/ADH1A,Exploratory
Factor14,Positive,KEGG_Pathway,hsa04310,Wnt signaling pathway,4/57,9/493,0.0130358103408612,0.432953662787261,4,NKD1/LEF1/AXIN2/NOTUM,Exploratory
Factor14,Positive,KEGG_Pathway,hsa00350,Tyrosine metabolism,4/57,10/493,0.0198661515768563,0.432953662787261,4,ADH4/ADH6/DBH/ADH1A,Exploratory
Factor14,Positive,KEGG_Pathway,hsa04714,Thermogenesis,4/57,10/493,0.0198661515768563,0.432953662787261,4,PLIN1/ACSL6/ACSL4/MAPK13,Exploratory
Factor14,Positive,KEGG_Pathway,hsa04519,Cadherin signaling,5/57,15/493,0.0209800623461772,0.432953662787261,5,LEF1/AXIN2/MAPK13/KRT23/TMC4,Exploratory
Factor14,Positive,KEGG_Pathway,hsa01212,Fatty acid metabolism,3/57,6/493,0.0227870348835401,0.432953662787261,3,ACSL6/SCD/ACSL4,Exploratory
Factor14,Positive,KEGG_Pathway,hsa04146,Peroxisome,3/57,7/493,0.0366266166781752,0.541260002021922,3,AMACR/ACSL6/ACSL4,Exploratory
Factor14,Positive,KEGG_Pathway,hsa05014,Amyotrophic lateral sclerosis,3/57,7/493,0.0366266166781752,0.541260002021922,3,MAPK13/SLC1A2/ANG,Exploratory
Factor14,Positive,KEGG_Pathway,hsa04550,Signaling pathways regulating pluripotency of stem cells,4/57,13/493,0.0517971118705224,0.651085870758222,4,AXIN2/MAPK13/LIF/TBX3,Not Significant
Factor14,Positive,KEGG_Pathway,hsa00620,Pyruvate metabolism,3/57,8/493,0.0538492073559432,0.651085870758222,3,ADH4/ADH6/ADH1A,Not Significant
Factor14,Positive,KEGG_Pathway,hsa05132,Salmonella infection,3/57,9/493,0.0742559058634843,0.823002956653618,3,LEF1/MAPK13/WASF3,Not Significant
Factor14,Positive,KEGG_Pathway,hsa04390,Hippo signaling pathway,3/57,10/493,0.0975658005577534,0.868510827787842,3,NKD1/LEF1/AXIN2,Not Significant
Factor14,Positive,KEGG_Pathway,hsa04721,Synaptic vesicle cycle,2/57,5/493,0.104482505598537,0.868510827787842,2,SLC6A12/SLC1A2,Not Significant
Factor14,Positive,KEGG_Pathway,hsa05143,African trypanosomiasis,2/57,5/493,0.104482505598537,0.868510827787842,2,HPR/HBA2,Not Significant
Factor14,Positive,KEGG_Pathway,hsa05217,Basal cell carcinoma,2/57,5/493,0.104482505598537,0.868510827787842,2,LEF1/AXIN2,Not Significant
Factor14,Positive,KEGG_Pathway,hsa03320,PPAR signaling pathway,4/57,18/493,0.142980452389448,0.87406226321264,4,PLIN1/ACSL6/SCD/ACSL4,Not Significant
Factor14,Positive,KEGG_Pathway,hsa05210,Colorectal cancer,2/57,6/493,0.145330240956036,0.87406226321264,2,LEF1/AXIN2,Not Significant
Factor14,Positive,KEGG_Pathway,hsa04082,Neuroactive ligand signaling,3/57,12/493,0.151532706763677,0.87406226321264,3,GNAL/SLC6A12/SLC1A2,Not Significant
Factor14,Positive,KEGG_Pathway,hsa04657,IL-17 signaling pathway,3/57,12/493,0.151532706763677,0.87406226321264,3,MAPK13/LCN2/CCL20,Not Significant
Factor14,Negative,GO_Biological_Process,GO:0051276,chromosome organization,12/87,37/828,0.000176431299539145,0.162171160106712,12,AURKB/GINS1/CCNE1/MCM2/KIF23/TRIP13/PTTG1/CDK1/SPC25/CDC45/KIF4A/UHRF1,Exploratory
Factor14,Negative,GO_Biological_Process,GO:0006281,DNA repair,7/87,15/828,0.000357586966768548,0.162171160106712,7,CHAF1B/MCM2/TRIP13/PTTG1/CDK1/CDC45/UHRF1,Exploratory
Factor14,Negative,GO_Biological_Process,GO:1903047,mitotic cell cycle process,15/87,57/828,0.000362420935398757,0.162171160106712,15,AURKB/E2F1/GINS1/CCNE1/MCM2/CDC25C/KIF23/IGF1/TRIP13/GPSM1/CDK1/SPC25/CDC45/KIF4A/UHRF1,Exploratory
Factor14,Negative,GO_Biological_Process,GO:0051716,cellular response to stimulus,61/87,439/828,0.00046993951441039,0.162171160106712,61,TNFRSF11B/CHAF1B/AURKB/E2F1/WNT5B/PLXNC1/CYP2A7/INSIG1/ENHO/MT1E/TYRO3/MT1M/VCAM1/TRIM16/MCC/SOCS2/CCNE1/IGFBP2/FBP1/STK39/DDR1/MCM2/ABCG2/TRPV4/MCM10/CXCL2/CYP2A6/IGF1/CD8A/TNIK/GLYAT/TRIP13/PTTG1/CD109/SLC22A7/CDK1/SPC25/GLIS2/CDC45/UGT2B15/EPHB6/NR1I3/UGT2B7/GPC4/TRAC/MFSD2A/CD3D/UHRF1/CD2/ABCB11/PTPRD/CD3E/SEMA6A/PYCARD/GPX7/RAMP1/MT1G/TRBC2/ZNF385B/PPP1R1A/DEPDC1,Exploratory
Factor14,Negative,GO_Biological_Process,GO:0006260,DNA replication,7/87,16/828,0.000581733831620822,0.162171160106712,7,CHAF1B/GINS1/CCNE1/MCM2/MCM10/CDK1/CDC45,Exploratory
Factor14,Negative,GO_Biological_Process,GO:1902850,microtubule cytoskeleton organization involved in mitosis,7/87,16/828,0.000581733831620822,0.162171160106712,7,AURKB/KIF23/GPSM1/CDK1/SPC25/KIF4A/UHRF1,Exploratory
Factor14,Negative,GO_Biological_Process,GO:0006259,DNA metabolic process,11/87,37/828,0.000793563138943524,0.162171160106712,11,CHAF1B/AURKB/GINS1/CCNE1/MCM2/MCM10/TRIP13/PTTG1/CDK1/CDC45/UHRF1,Exploratory
Factor14,Negative,GO_Biological_Process,GO:0000278,mitotic cell cycle,15/87,61/828,0.000810471400942975,0.162171160106712,15,AURKB/E2F1/GINS1/CCNE1/MCM2/CDC25C/KIF23/IGF1/TRIP13/GPSM1/CDK1/SPC25/CDC45/KIF4A/UHRF1,Exploratory
Factor14,Negative,GO_Biological_Process,GO:0006974,DNA damage response,10/87,32/828,0.000907764369013485,0.162171160106712,10,CHAF1B/E2F1/MCM2/MCM10/TRIP13/PTTG1/CDK1/CDC45/UHRF1/PYCARD,Exploratory
Factor14,Negative,GO_Biological_Process,GO:0042102,positive regulation of T cell proliferation,5/87,9/828,0.00102817450211748,0.162171160106712,5,VCAM1/IGFBP2/IGF1/CD3E/PYCARD,Exploratory
Factor14,Negative,GO_Biological_Process,GO:0050852,T cell receptor signaling pathway,5/87,9/828,0.00102817450211748,0.162171160106712,5,CD8A/TRAC/CD3D/CD3E/TRBC2,Exploratory
Factor14,Negative,GO_Biological_Process,GO:0022402,cell cycle process,17/87,76/828,0.00114489746770178,0.165533092205216,17,AURKB/E2F1/MTCL1/GINS1/CCNE1/MCM2/CDC25C/KIF23/IGF1/TRIP13/GPSM1/PTTG1/CDK1/SPC25/CDC45/KIF4A/UHRF1,Exploratory
Factor14,Negative,GO_Biological_Process,GO:0000280,nuclear division,11/87,39/828,0.00129959187596297,0.173445531138135,11,AURKB/CCNE1/CDC25C/KIF23/IGF1/TRIP13/PTTG1/CDK1/SPC25/KIF4A/UHRF1,Exploratory
Factor14,Negative,GO_Biological_Process,GO:0006270,DNA replication initiation,4/87,6/828,0.00145199170951435,0.179943258286243,4,CCNE1/MCM2/MCM10/CDC45,Exploratory
Factor14,Negative,GO_Biological_Process,GO:0006261,DNA-templated DNA replication,5/87,10/828,0.00188673944441346,0.203974117973016,5,GINS1/CCNE1/MCM2/MCM10/CDC45,Exploratory
Factor14,Negative,GO_Biological_Process,GO:0007059,chromosome segregation,10/87,35/828,0.00197302360421443,0.203974117973016,10,AURKB/MTCL1/CCNE1/KIF23/TRIP13/PTTG1/CDK1/SPC25/KIF4A/UHRF1,Exploratory
Factor14,Negative,GO_Biological_Process,GO:0048285,organelle fission,11/87,41/828,0.00204650344958475,0.203974117973016,11,AURKB/CCNE1/CDC25C/KIF23/IGF1/TRIP13/PTTG1/CDK1/SPC25/KIF4A/UHRF1,Exploratory
Factor14,Negative,GO_Biological_Process,GO:0007017,microtubule-based process,11/87,42/828,0.00253416868657434,0.203974117973016,11,AURKB/MTCL1/TRPV4/KIF23/APBA1/TTLL7/GPSM1/CDK1/SPC25/KIF4A/UHRF1,Exploratory
Factor14,Negative,GO_Biological_Process,GO:0098813,nuclear chromosome segregation,9/87,31/828,0.00298203341318953,0.203974117973016,9,AURKB/CCNE1/KIF23/TRIP13/PTTG1/CDK1/SPC25/KIF4A/UHRF1,Exploratory
Factor14,Negative,GO_Biological_Process,GO:0140014,mitotic nuclear division,9/87,31/828,0.00298203341318953,0.203974117973016,9,AURKB/CDC25C/KIF23/IGF1/TRIP13/CDK1/SPC25/KIF4A/UHRF1,Exploratory
Factor14,Negative,GO_Biological_Process,GO:0006302,double-strand break repair,4/87,7/828,0.00311644484164939,0.203974117973016,4,MCM2/TRIP13/CDC45/UHRF1,Exploratory
Factor14,Negative,GO_Biological_Process,GO:0071470,cellular response to osmotic stress,4/87,7/828,0.00311644484164939,0.203974117973016,4,FBP1/STK39/TRPV4/PYCARD,Exploratory
Factor14,Negative,GO_Biological_Process,GO:0000226,microtubule cytoskeleton organization,10/87,37/828,0.00312821533563203,0.203974117973016,10,AURKB/MTCL1/TRPV4/KIF23/TTLL7/GPSM1/CDK1/SPC25/KIF4A/UHRF1,Exploratory
Factor14,Negative,GO_Biological_Process,GO:0006970,response to osmotic stress,5/87,11/828,0.00317423699439275,0.203974117973016,5,FBP1/STK39/TRPV4/KCNMA1/PYCARD,Exploratory
Factor14,Negative,GO_Biological_Process,GO:0032946,positive regulation of mononuclear cell proliferation,5/87,11/828,0.00317423699439275,0.203974117973016,5,VCAM1/IGFBP2/IGF1/CD3E/PYCARD,Exploratory
Factor14,Negative,GO_Biological_Process,GO:0050671,positive regulation of lymphocyte proliferation,5/87,11/828,0.00317423699439275,0.203974117973016,5,VCAM1/IGFBP2/IGF1/CD3E/PYCARD,Exploratory
Factor14,Negative,GO_Biological_Process,GO:0070665,positive regulation of leukocyte proliferation,5/87,11/828,0.00317423699439275,0.203974117973016,5,VCAM1/IGFBP2/IGF1/CD3E/PYCARD,Exploratory
Factor14,Negative,GO_Biological_Process,GO:0002521,leukocyte differentiation,10/87,39/828,0.00477094290274699,0.285433997802277,10,TNFRSF11B/TYRO3/VCAM1/IGSF23/CD8A/CD109/CD3D/CD2/CD3E/MT1G,Exploratory
Factor14,Negative,GO_Biological_Process,GO:0042110,T cell activation,10/87,39/828,0.00477094290274699,0.285433997802277,10,VCAM1/IGFBP2/IGF1/CD8A/TRAC/CD3D/CD2/CD3E/PYCARD/TRBC2,Exploratory
Factor14,Negative,GO_Biological_Process,GO:0046649,lymphocyte activation,11/87,46/828,0.00551115109814967,0.318728238509656,11,TYRO3/VCAM1/IGFBP2/IGF1/CD8A/TRAC/CD3D/CD2/CD3E/PYCARD/TRBC2,Exploratory
Factor14,Negative,GO_Biological_Process,GO:0007052,mitotic spindle organization,5/87,13/828,0.00745024286808087,0.354232480616296,5,AURKB/KIF23/SPC25/KIF4A/UHRF1,Exploratory
Factor14,Negative,GO_Biological_Process,GO:0042129,regulation of T cell proliferation,5/87,13/828,0.00745024286808087,0.354232480616296,5,VCAM1/IGFBP2/IGF1/CD3E/PYCARD,Exploratory
Factor14,Negative,GO_Biological_Process,GO:0006996,organelle organization,24/87,144/828,0.00826775459373247,0.354232480616296,24,AURKB/INSIG1/MTCL1/GINS1/CCNE1/MCM2/TRPV4/CDC25C/KIF23/IGF1/TNIK/TTLL7/TRIP13/FLNC/GPSM1/PTTG1/CDK1/SPC25/CDC45/KIF4A/UHRF1/PTPRD/SEMA6A/PYCARD,Exploratory
Factor14,Negative,GO_Biological_Process,GO:0045321,leukocyte activation,13/87,62/828,0.00851913218109634,0.354232480616296,13,TYRO3/VCAM1/IGFBP2/STK39/IGF1/CD8A/TRAC/CD3D/CD2/CD3E/PYCARD/MT1G/TRBC2,Exploratory
Factor14,Negative,GO_Biological_Process,GO:0000070,mitotic sister chromatid segregation,7/87,24/828,0.00867616714484678,0.354232480616296,7,AURKB/KIF23/TRIP13/CDK1/SPC25/KIF4A/UHRF1,Exploratory
Factor14,Negative,GO_Biological_Process,GO:0007049,cell cycle,17/87,91/828,0.00897571774210779,0.354232480616296,17,AURKB/E2F1/MTCL1/GINS1/CCNE1/MCM2/CDC25C/KIF23/IGF1/TRIP13/GPSM1/PTTG1/CDK1/SPC25/CDC45/KIF4A/UHRF1,Exploratory
Factor14,Negative,GO_Biological_Process,GO:0010043,response to zinc ion,4/87,9/828,0.00950003820983317,0.354232480616296,4,MT1E/MT1M/VCAM1/MT1G,Exploratory
Factor14,Negative,GO_Biological_Process,GO:0046686,response to cadmium ion,4/87,9/828,0.00950003820983317,0.354232480616296,4,MT1E/MT1M/CDK1/MT1G,Exploratory
Factor14,Negative,GO_Biological_Process,GO:0061982,meiosis I cell cycle process,4/87,9/828,0.00950003820983317,0.354232480616296,4,CCNE1/CDC25C/TRIP13/PTTG1,Exploratory
Factor14,Negative,GO_Biological_Process,GO:0090307,mitotic spindle assembly,4/87,9/828,0.00950003820983317,0.354232480616296,4,AURKB/KIF23/KIF4A/UHRF1,Exploratory
Factor14,Negative,GO_Biological_Process,GO:0006971,hypotonic response,3/87,5/828,0.00959592310603224,0.354232480616296,3,FBP1/STK39/TRPV4,Exploratory
Factor14,Negative,GO_Biological_Process,GO:0006972,hyperosmotic response,3/87,5/828,0.00959592310603224,0.354232480616296,3,FBP1/STK39/TRPV4,Exploratory
Factor14,Negative,GO_Biological_Process,GO:0032729,positive regulation of type II interferon production,3/87,5/828,0.00959592310603224,0.354232480616296,3,CD2/CD3E/PYCARD,Exploratory
Factor14,Negative,GO_Biological_Process,GO:0033260,nuclear DNA replication,3/87,5/828,0.00959592310603224,0.354232480616296,3,GINS1/MCM2/CDC45,Exploratory
Factor14,Negative,GO_Biological_Process,GO:0044786,cell cycle DNA replication,3/87,5/828,0.00959592310603224,0.354232480616296,3,GINS1/MCM2/CDC45,Exploratory
Factor14,Negative,GO_Biological_Process,GO:0046006,regulation of activated T cell proliferation,3/87,5/828,0.00959592310603224,0.354232480616296,3,IGFBP2/IGF1/PYCARD,Exploratory
Factor14,Negative,GO_Biological_Process,GO:0050798,activated T cell proliferation,3/87,5/828,0.00959592310603224,0.354232480616296,3,IGFBP2/IGF1/PYCARD,Exploratory
Factor14,Negative,GO_Biological_Process,GO:0042098,T cell proliferation,5/87,14/828,0.0106406837962795,0.384616383053019,5,VCAM1/IGFBP2/IGF1/CD3E/PYCARD,Exploratory
Factor14,Negative,GO_Biological_Process,GO:0000075,cell cycle checkpoint signaling,6/87,20/828,0.0130610591412398,0.462372674141852,6,AURKB/E2F1/TRIP13/CDK1/SPC25/CDC45,Exploratory
Factor14,Negative,GO_Biological_Process,GO:1901987,regulation of cell cycle phase transition,8/87,32/828,0.0136296434159578,0.462372674141852,8,AURKB/E2F1/CCNE1/CDC25C/TRIP13/CDK1/SPC25/CDC45,Exploratory
Factor14,Negative,GO_Biological_Process,GO:0000819,sister chromatid segregation,7/87,26/828,0.0138287917975876,0.462372674141852,7,AURKB/KIF23/TRIP13/CDK1/SPC25/KIF4A/UHRF1,Exploratory
Factor14,Negative,GO_Biological_Process,GO:0006310,DNA recombination,4/87,10/828,0.014575570720113,0.462372674141852,4,MCM2/TRIP13/CDC45/UHRF1,Exploratory
Factor14,Negative,GO_Biological_Process,GO:0046688,response to copper ion,4/87,10/828,0.014575570720113,0.462372674141852,4,MT1E/MT1M/CDK1/MT1G,Exploratory
Factor14,Negative,GO_Biological_Process,GO:0046777,protein autophosphorylation,4/87,10/828,0.014575570720113,0.462372674141852,4,TYRO3/STK39/DDR1/TNIK,Exploratory
Factor14,Negative,GO_Biological_Process,GO:0050670,regulation of lymphocyte proliferation,5/87,15/828,0.014657347018906,0.462372674141852,5,VCAM1/IGFBP2/IGF1/CD3E/PYCARD,Exploratory
Factor14,Negative,GO_Biological_Process,GO:0006338,chromatin remodeling,6/87,21/828,0.0167662465512611,0.488549961300388,6,CHAF1B/STK39/MCM2/TNIK/CDK1/UHRF1,Exploratory
Factor14,Negative,GO_Biological_Process,GO:0090068,positive regulation of cell cycle process,6/87,21/828,0.0167662465512611,0.488549961300388,6,AURKB/CCNE1/CDC25C/KIF23/IGF1/CDK1,Exploratory
Factor14,Negative,GO_Biological_Process,GO:0007127,meiosis I,3/87,6/828,0.0177398545025501,0.488549961300388,3,CCNE1/TRIP13/PTTG1,Exploratory
Factor14,Negative,GO_Biological_Process,GO:0030316,osteoclast differentiation,3/87,6/828,0.0177398545025501,0.488549961300388,3,TNFRSF11B/IGSF23/CD109,Exploratory
Factor14,Negative,GO_Biological_Process,GO:0032609,type II interferon production,3/87,6/828,0.0177398545025501,0.488549961300388,3,CD2/CD3E/PYCARD,Exploratory
Factor14,Negative,GO_Biological_Process,GO:0032649,regulation of type II interferon production,3/87,6/828,0.0177398545025501,0.488549961300388,3,CD2/CD3E/PYCARD,Exploratory
Factor14,Negative,GO_Biological_Process,GO:0045599,negative regulation of fat cell differentiation,3/87,6/828,0.0177398545025501,0.488549961300388,3,E2F1/INSIG1/TRPV4,Exploratory
Factor14,Negative,GO_Biological_Process,GO:0072332,intrinsic apoptotic signaling pathway by p53 class mediator,3/87,6/828,0.0177398545025501,0.488549961300388,3,E2F1/PYCARD/ZNF385B,Exploratory
Factor14,Negative,GO_Biological_Process,GO:0010038,response to metal ion,9/87,40/828,0.0180966955033776,0.490590104661876,9,TNFRSF11B/MT1E/MT1M/VCAM1/FBP1/STK39/KCNMA1/CDK1/MT1G,Exploratory
Factor14,Negative,GO_Biological_Process,GO:0010564,regulation of cell cycle process,10/87,47/828,0.018962051299515,0.502782907922786,10,AURKB/E2F1/CCNE1/CDC25C/KIF23/IGF1/TRIP13/CDK1/SPC25/CDC45,Exploratory
Factor14,Negative,GO_Biological_Process,GO:0032944,regulation of mononuclear cell proliferation,5/87,16/828,0.0195821722717405,0.502782907922786,5,VCAM1/IGFBP2/IGF1/CD3E/PYCARD,Exploratory
Factor14,Negative,GO_Biological_Process,GO:0070663,regulation of leukocyte proliferation,5/87,16/828,0.0195821722717405,0.502782907922786,5,VCAM1/IGFBP2/IGF1/CD3E/PYCARD,Exploratory
Factor14,Negative,GO_Biological_Process,GO:0007346,regulation of mitotic cell cycle,8/87,34/828,0.0197056125295386,0.502782907922786,8,AURKB/E2F1/CCNE1/CDC25C/IGF1/TRIP13/CDK1/SPC25,Exploratory
Factor14,Negative,GO_Biological_Process,GO:0033554,cellular response to stress,16/87,91/828,0.0202575706614902,0.509375146343269,16,CHAF1B/E2F1/INSIG1/FBP1/STK39/MCM2/TRPV4/MCM10/TRIP13/PTTG1/CDK1/CDC45/MFSD2A/UHRF1/PYCARD/GPX7,Exploratory
Factor14,Negative,GO_Biological_Process,GO:1901990,regulation of mitotic cell cycle phase transition,7/87,28/828,0.0208832366626863,0.509936673311031,7,AURKB/E2F1/CCNE1/CDC25C/TRIP13/CDK1/SPC25,Exploratory
Factor14,Negative,GO_Biological_Process,GO:0046631,alpha-beta T cell activation,4/87,11/828,0.0210906185633817,0.509936673311031,4,TRAC/CD3D/CD3E/TRBC2,Exploratory
Factor14,Negative,GO_Biological_Process,GO:0009410,response to xenobiotic stimulus,12/87,62/828,0.0216888526232881,0.509936673311031,12,TNFRSF11B/E2F1/CYP2A7/IGFBP2/FBP1/CYP2A6/GLYAT/SLC22A7/CDK1/UGT2B15/UGT2B7/ABCB11,Exploratory
Factor14,Negative,GO_Biological_Process,GO:0036211,protein modification process,19/87,115/828,0.0217494604178768,0.509936673311031,19,FOLH1/AURKB/TYRO3/SOCS2/CCNE1/STK39/DDR1/CDC25C/IGF1/TNIK/TTLL7/CDK1/EPHB6/UHRF1/ABCB11/PTPRD/CD3E/PYCARD/RAMP1,Exploratory
Factor14,Negative,GO_Biological_Process,GO:0043412,macromolecule modification,19/87,115/828,0.0217494604178768,0.509936673311031,19,FOLH1/AURKB/TYRO3/SOCS2/CCNE1/STK39/DDR1/CDC25C/IGF1/TNIK/TTLL7/CDK1/EPHB6/UHRF1/ABCB11/PTPRD/CD3E/PYCARD/RAMP1,Exploratory
Factor14,Negative,GO_Biological_Process,GO:0030097,hemopoiesis,10/87,49/828,0.0251593030151814,0.581806982518422,10,TNFRSF11B/TYRO3/VCAM1/IGSF23/CD8A/CD109/CD3D/CD2/CD3E/MT1G,Exploratory
Factor14,Negative,GO_Biological_Process,GO:0007051,spindle organization,5/87,17/828,0.0254854931823631,0.581806982518422,5,AURKB/KIF23/SPC25/KIF4A/UHRF1,Exploratory
Factor14,Negative,GO_Biological_Process,GO:0010273,detoxification of copper ion,3/87,7/828,0.0287074117482256,0.607406821745993,3,MT1E/MT1M/MT1G,Exploratory
Factor14,Negative,GO_Biological_Process,GO:0050773,regulation of dendrite development,3/87,7/828,0.0287074117482256,0.607406821745993,3,TNIK/MFSD2A/PTPRD,Exploratory
Factor14,Negative,GO_Biological_Process,GO:0061687,detoxification of inorganic compound,3/87,7/828,0.0287074117482256,0.607406821745993,3,MT1E/MT1M/MT1G,Exploratory
Factor14,Negative,GO_Biological_Process,GO:0071294,cellular response to zinc ion,3/87,7/828,0.0287074117482256,0.607406821745993,3,MT1E/MT1M/MT1G,Exploratory
Factor14,Negative,GO_Biological_Process,GO:0097501,stress response to metal ion,3/87,7/828,0.0287074117482256,0.607406821745993,3,MT1E/MT1M/MT1G,Exploratory
Factor14,Negative,GO_Biological_Process,GO:1990169,stress response to copper ion,3/87,7/828,0.0287074117482256,0.607406821745993,3,MT1E/MT1M/MT1G,Exploratory
Factor14,Negative,GO_Biological_Process,GO:0043467,regulation of generation of precursor metabolites and energy,4/87,12/828,0.0291387361102837,0.609104905437857,4,FBP1/TRPV4/IGF1/CDK1,Exploratory
Factor14,Negative,GO_Biological_Process,GO:0006468,protein phosphorylation,12/87,65/828,0.030865391583824,0.619651547198837,12,AURKB/TYRO3/CCNE1/STK39/DDR1/CDC25C/IGF1/TNIK/CDK1/EPHB6/CD3E/PYCARD,Exploratory
Factor14,Negative,GO_Biological_Process,GO:0006325,chromatin organization,6/87,24/828,0.0320864849793381,0.619651547198837,6,CHAF1B/STK39/MCM2/TNIK/CDK1/UHRF1,Exploratory
Factor14,Negative,GO_Biological_Process,GO:0030098,lymphocyte differentiation,6/87,24/828,0.0320864849793381,0.619651547198837,6,TYRO3/VCAM1/CD8A/CD3D/CD2/CD3E,Exploratory
Factor14,Negative,GO_Biological_Process,GO:1901988,negative regulation of cell cycle phase transition,6/87,24/828,0.0320864849793381,0.619651547198837,6,AURKB/E2F1/TRIP13/CDK1/SPC25/CDC45,Exploratory
Factor14,Negative,GO_Biological_Process,GO:0002757,immune response-activating signaling pathway,8/87,37/828,0.0321391085120231,0.619651547198837,8,AURKB/TYRO3/CD8A/TRAC/CD3D/CD3E/PYCARD/TRBC2,Exploratory
Factor14,Negative,GO_Biological_Process,GO:0009636,response to toxic substance,8/87,37/828,0.0321391085120231,0.619651547198837,8,SCN9A/MT1E/MT1M/ABCG2/GLYAT/CDK1/GPX7/MT1G,Exploratory
Factor14,Negative,GO_Biological_Process,GO:0046651,lymphocyte proliferation,5/87,18/828,0.032424680894148,0.619651547198837,5,VCAM1/IGFBP2/IGF1/CD3E/PYCARD,Exploratory
Factor14,Negative,GO_Biological_Process,GO:0051301,cell division,9/87,44/828,0.0328576036555003,0.619651547198837,9,AURKB/MTCL1/CCNE1/CDC25C/KIF23/PTTG1/CDK1/SPC25/KIF4A,Exploratory
Factor14,Negative,GO_Biological_Process,GO:0071466,cellular response to xenobiotic stimulus,9/87,44/828,0.0328576036555003,0.619651547198837,9,E2F1/CYP2A7/FBP1/CYP2A6/GLYAT/SLC22A7/UGT2B15/UGT2B7/ABCB11,Exploratory
Factor14,Negative,GO_Biological_Process,GO:0010948,negative regulation of cell cycle process,6/87,25/828,0.0387344267681587,0.693607683233642,6,AURKB/E2F1/TRIP13/CDK1/SPC25/CDC45,Exploratory
Factor14,Negative,GO_Biological_Process,GO:0045787,positive regulation of cell cycle,6/87,25/828,0.0387344267681587,0.693607683233642,6,AURKB/CCNE1/CDC25C/KIF23/IGF1/CDK1,Exploratory
Factor14,Negative,GO_Biological_Process,GO:0009266,response to temperature stimulus,4/87,13/828,0.0387780664401517,0.693607683233642,4,SCN9A/GMPR/TRPV4/IGF1,Exploratory
Factor14,Negative,GO_Biological_Process,GO:0033047,regulation of mitotic sister chromatid segregation,4/87,13/828,0.0387780664401517,0.693607683233642,4,AURKB/TRIP13/CDK1/SPC25,Exploratory
Factor14,Negative,GO_Biological_Process,GO:0051225,spindle assembly,4/87,13/828,0.0387780664401517,0.693607683233642,4,AURKB/KIF23/KIF4A/UHRF1,Exploratory
Factor14,Negative,GO_Biological_Process,GO:0032943,mononuclear cell proliferation,5/87,19/828,0.0404432978055437,0.708779006996144,5,VCAM1/IGFBP2/IGF1/CD3E/PYCARD,Exploratory
Factor14,Negative,GO_Biological_Process,GO:0050851,antigen receptor-mediated signaling pathway,5/87,19/828,0.0404432978055437,0.708779006996144,5,CD8A/TRAC/CD3D/CD3E/TRBC2,Exploratory
Factor14,Negative,GO_Biological_Process,GO:0048468,cell development,23/87,156/828,0.0419374449549659,0.708864270949435,23,TNFRSF11B/WNT5B/PLXNC1/TYRO3/VCAM1/IGSF23/DDR1/TRPV4/IGF1/CD8A/TNIK/TRIP13/FLNC/CD109/CDK1/EPHB6/MFSD2A/CD3D/CD2/PTPRD/CD3E/SEMA6A/MT1G,Exploratory
Factor14,Negative,GO_Biological_Process,GO:0007589,body fluid secretion,3/87,8/828,0.042490999526652,0.708864270949435,3,SOCS2/STK39/DDR1,Exploratory
Factor14,Negative,GO_Biological_Process,GO:0046330,positive regulation of JNK cascade,3/87,8/828,0.042490999526652,0.708864270949435,3,TRPV4/TNIK/PYCARD,Exploratory
Factor14,Negative,GO_Biological_Process,GO:0071276,cellular response to cadmium ion,3/87,8/828,0.042490999526652,0.708864270949435,3,MT1E/MT1M/MT1G,Exploratory
Factor14,Negative,GO_Biological_Process,GO:0071280,cellular response to copper ion,3/87,8/828,0.042490999526652,0.708864270949435,3,MT1E/MT1M/MT1G,Exploratory
Factor14,Negative,GO_Biological_Process,GO:0002764,immune response-regulating signaling pathway,8/87,39/828,0.0429318770466489,0.709398158818436,8,AURKB/TYRO3/CD8A/TRAC/CD3D/CD3E/PYCARD/TRBC2,Exploratory
Factor14,Negative,GO_Biological_Process,GO:0001775,cell activation,13/87,76/828,0.0442868105899099,0.718108564238259,13,TYRO3/VCAM1/IGFBP2/STK39/IGF1/CD8A/TRAC/CD3D/CD2/CD3E/PYCARD/MT1G/TRBC2,Exploratory
Factor14,Negative,GO_Biological_Process,GO:0016310,phosphorylation,13/87,76/828,0.0442868105899099,0.718108564238259,13,AURKB/TYRO3/CCNE1/STK39/DDR1/CDC25C/IGF1/TNIK/CDK1/EPHB6/FGGY/CD3E/PYCARD,Exploratory
Factor14,Negative,GO_Biological_Process,GO:0040008,regulation of growth,9/87,47/828,0.0483807424670675,0.741942639559918,9,MT1E/MT1M/SOCS2/FBP1/DDR1/IGF1/CDK1/MFSD2A/MT1G,Exploratory
Factor14,Negative,GO_Biological_Process,GO:0051249,regulation of lymphocyte activation,7/87,33/828,0.0486706740797822,0.741942639559918,7,TYRO3/VCAM1/IGFBP2/IGF1/CD2/CD3E/PYCARD,Exploratory
Factor14,Negative,GO_Biological_Process,GO:1903131,mononuclear cell differentiation,7/87,33/828,0.0486706740797822,0.741942639559918,7,TYRO3/VCAM1/CD8A/CD3D/CD2/CD3E/MT1G,Exploratory
Factor14,Negative,GO_Biological_Process,GO:0000122,negative regulation of transcription by RNA polymerase II,8/87,40/828,0.0491406724324667,0.741942639559918,8,AURKB/E2F1/CCNE1/FBP1/TRPV4/GLIS2/NR1I3/UHRF1,Exploratory
Factor14,Negative,GO_Biological_Process,GO:0044770,cell cycle phase transition,8/87,40/828,0.0491406724324667,0.741942639559918,8,AURKB/E2F1/CCNE1/CDC25C/TRIP13/CDK1/SPC25/CDC45,Exploratory
Factor14,Negative,GO_Biological_Process,GO:0007088,regulation of mitotic nuclear division,5/87,20/828,0.049570710693645,0.741942639559918,5,AURKB/CDC25C/IGF1/TRIP13/SPC25,Exploratory
Factor14,Negative,GO_Biological_Process,GO:0007283,spermatogenesis,5/87,20/828,0.049570710693645,0.741942639559918,5,RPL39L/TYRO3/CDC25C/TRIP13/PTTG1,Exploratory
Factor14,Negative,GO_Biological_Process,GO:0048232,male gamete generation,5/87,20/828,0.049570710693645,0.741942639559918,5,RPL39L/TYRO3/CDC25C/TRIP13/PTTG1,Exploratory
Factor14,Negative,KEGG_Pathway,hsa04110,Cell cycle,9/59,22/493,0.000396648523243772,0.052357605068178,9,AURKB/E2F1/CCNE1/MCM2/CDC25C/TRIP13/PTTG1/CDK1/CDC45,Exploratory
Factor14,Negative,KEGG_Pathway,hsa05162,Measles,3/59,5/493,0.013696673856406,0.643924483588317,3,CCNE1/CD3D/CD3E,Exploratory
Factor14,Negative,KEGG_Pathway,hsa04114,Oocyte meiosis,5/59,14/493,0.0177338415057477,0.643924483588317,5,CCNE1/CDC25C/IGF1/PTTG1/CDK1,Exploratory
Factor14,Negative,KEGG_Pathway,hsa05166,Human T-cell leukemia virus 1 infection,5/59,15/493,0.0241812860660463,0.643924483588317,5,E2F1/CCNE1/PTTG1/CD3D/CD3E,Exploratory
Factor14,Negative,KEGG_Pathway,hsa04660,T cell receptor signaling pathway,3/59,6/493,0.0250676554945878,0.643924483588317,3,CD8A/CD3D/CD3E,Exploratory
Factor14,Negative,KEGG_Pathway,hsa04360,Axon guidance,4/59,12/493,0.0439039420628398,0.643924483588317,4,WNT5B/PLXNC1/EPHB6/SEMA6A,Exploratory
Factor14,Negative,KEGG_Pathway,hsa04640,Hematopoietic cell lineage,4/59,12/493,0.0439039420628398,0.643924483588317,4,CD8A/CD3D/CD2/CD3E,Exploratory
Factor14,Negative,KEGG_Pathway,hsa05169,Epstein-Barr virus infection,4/59,12/493,0.0439039420628398,0.643924483588317,4,E2F1/CCNE1/CD3D/CD3E,Exploratory
Factor14,Negative,KEGG_Pathway,hsa05170,Human immunodeficiency virus 1 infection,4/59,12/493,0.0439039420628398,0.643924483588317,4,CDC25C/CDK1/CD3D/CD3E,Exploratory
Factor14,Negative,KEGG_Pathway,hsa04514,Cell adhesion molecule (CAM) interaction,4/59,13/493,0.0578419706535795,0.666289415710301,4,VCAM1/CD8A/CD2/PTPRD,Not Significant
Factor14,Negative,KEGG_Pathway,hsa05215,Prostate cancer,4/59,13/493,0.0578419706535795,0.666289415710301,4,FOLH1/E2F1/CCNE1/IGF1,Not Significant
Factor14,Negative,KEGG_Pathway,hsa05206,MicroRNAs in cancer,4/59,14/493,0.0738852223127124,0.666289415710301,4,E2F1/CCNE1/CDC25C/KIF23,Not Significant
Factor14,Negative,KEGG_Pathway,hsa05417,Lipid and atherosclerosis,5/59,20/493,0.0777468531053844,0.666289415710301,5,CYP2A7/VCAM1/CXCL2/CYP2A6/PYCARD,Not Significant
Factor14,Negative,KEGG_Pathway,hsa04310,Wnt signaling pathway,3/59,9/493,0.0809131262472695,0.666289415710301,3,WNT5B/MCC/GPC4,Not Significant
Factor14,Negative,KEGG_Pathway,hsa04218,Cellular senescence,4/59,15/493,0.0919593809478638,0.666289415710301,4,E2F1/CCNE1/TRPV4/CDK1,Not Significant
Factor14,Negative,KEGG_Pathway,hsa04115,p53 signaling pathway,3/59,10/493,0.105985468942734,0.666289415710301,3,CCNE1/IGF1/CDK1,Not Significant
Factor14,Negative,KEGG_Pathway,hsa04914,Progesterone-mediated oocyte maturation,3/59,10/493,0.105985468942734,0.666289415710301,3,CDC25C/IGF1/CDK1,Not Significant
Factor14,Negative,KEGG_Pathway,hsa04978,Mineral absorption,3/59,10/493,0.105985468942734,0.666289415710301,3,MT1E/MT1M/MT1G,Not Significant
Factor14,Negative,KEGG_Pathway,hsa05224,Breast cancer,3/59,10/493,0.105985468942734,0.666289415710301,3,E2F1/WNT5B/IGF1,Not Significant
Factor14,Negative,KEGG_Pathway,hsa05226,Gastric cancer,3/59,10/493,0.105985468942734,0.666289415710301,3,E2F1/WNT5B/CCNE1,Not Significant
Factor15,Positive,GO_Biological_Process,GO:0002757,immune response-activating signaling pathway,22/93,37/828,2.83759525154023e-13,4.91187738041614e-10,22,CD3D/TRBC1/PYCARD/TRBC2/LY96/HLA-DQB1/TRAC/CD3E/CD38/S100A9/IGLC3/TLR2/IGHA1/IGKC/IGHG2/ESR1/IGHM/IGHA2/IGHG3/AURKB/IGHG1/NR4A3,Robust Supported
Factor15,Positive,GO_Biological_Process,GO:0002764,immune response-regulating signaling pathway,22/93,39/828,1.29276464504712e-12,1.11888780028828e-09,22,CD3D/TRBC1/PYCARD/TRBC2/LY96/HLA-DQB1/TRAC/CD3E/CD38/S100A9/IGLC3/TLR2/IGHA1/IGKC/IGHG2/ESR1/IGHM/IGHA2/IGHG3/AURKB/IGHG1/NR4A3,Robust Supported
Factor15,Positive,GO_Biological_Process,GO:0050851,antigen receptor-mediated signaling pathway,15/93,19/828,5.23165518888957e-12,3.01866504398928e-09,15,CD3D/TRBC1/TRBC2/HLA-DQB1/TRAC/CD3E/CD38/IGLC3/IGHA1/IGKC/IGHG2/IGHM/IGHA2/IGHG3/IGHG1,Robust Supported
Factor15,Positive,GO_Biological_Process,GO:0002250,adaptive immune response,22/93,42/828,9.94688595618243e-12,4.30451489753795e-09,22,CD3D/TRBC1/PYCARD/TRBC2/CD6/HLA-DQB1/TRAC/BATF/SOCS3/CD3E/IGLC3/IGHA1/IGKC/IGLC2/JCHAIN/IGHG2/IGHM/FGL1/IGHA2/IGHG3/CD1D/IGHG1,Robust Supported
Factor15,Positive,GO_Biological_Process,GO:0002429,immune response-activating cell surface receptor signaling pathway,18/93,30/828,4.79696608309423e-11,1.66070965796722e-08,18,CD3D/TRBC1/TRBC2/LY96/HLA-DQB1/TRAC/CD3E/CD38/IGLC3/TLR2/IGHA1/IGKC/IGHG2/IGHM/IGHA2/IGHG3/IGHG1/NR4A3,Robust Supported
Factor15,Positive,GO_Biological_Process,GO:0002768,immune response-regulating cell surface receptor signaling pathway,18/93,32/828,2.17136644618721e-10,5.59413343260339e-08,18,CD3D/TRBC1/TRBC2/LY96/HLA-DQB1/TRAC/CD3E/CD38/IGLC3/TLR2/IGHA1/IGKC/IGHG2/IGHM/IGHA2/IGHG3/IGHG1/NR4A3,Robust Supported
Factor15,Positive,GO_Biological_Process,GO:0050776,regulation of immune response,26/93,65/828,2.26221455968941e-10,5.59413343260339e-08,26,CD3D/TRBC1/PYCARD/TRBC2/LY96/HLA-DQB1/TRAC/BATF/CD3E/CD38/S100A9/IGLC3/TLR2/IGHA1/IGKC/IGHG2/ESR1/IGHM/FGL1/IGHA2/IGHG3/AURKB/CD1D/IGHG1/SFN/NR4A3,Robust Supported
Factor15,Positive,GO_Biological_Process,GO:0002253,activation of immune response,22/93,48/828,3.08738763012921e-10,6.68033498469209e-08,22,CD3D/TRBC1/PYCARD/TRBC2/LY96/HLA-DQB1/TRAC/CD3E/CD38/S100A9/IGLC3/TLR2/IGHA1/IGKC/IGHG2/ESR1/IGHM/IGHA2/IGHG3/AURKB/IGHG1/NR4A3,Robust Supported
Factor15,Positive,GO_Biological_Process,GO:0050778,positive regulation of immune response,23/93,53/828,4.43996760270959e-10,8.53953768921145e-08,23,CD3D/TRBC1/PYCARD/TRBC2/LY96/HLA-DQB1/TRAC/CD3E/CD38/S100A9/IGLC3/TLR2/IGHA1/IGKC/IGHG2/ESR1/IGHM/IGHA2/IGHG3/AURKB/CD1D/IGHG1/NR4A3,Robust Supported
Factor15,Positive,GO_Biological_Process,GO:0002376,immune system process,43/93,164/828,5.72685353651802e-10,9.91318347171268e-08,43,CD3D/TRBC1/PYCARD/TRBC2/LY96/RAB34/CD6/HLA-DQB1/CD2/APCS/TRAC/BATF/SOCS3/CD3E/CD38/S100A9/IGLC3/TLR2/SPHK1/IGHA1/EGR1/CXCL9/IGKC/CD44/DTX1/IGLC2/LIF/JCHAIN/HP/IGHG2/MAPT/ESR1/IGHM/FGL1/IGHA2/IGHG3/AURKB/CDKN2A/CD1D/SERPINE1/IGHG1/SFN/NR4A3,Robust Supported
Factor15,Positive,GO_Biological_Process,GO:0002682,regulation of immune system process,34/93,111/828,9.87789879960174e-10,1.55442207473733e-07,34,CD3D/TRBC1/PYCARD/TRBC2/LY96/CD6/HLA-DQB1/CD2/APCS/TRAC/BATF/CD3E/CD38/S100A9/IGLC3/TLR2/SPHK1/IGHA1/IGKC/DTX1/LIF/IGHG2/ESR1/IGHM/FGL1/IGHA2/IGHG3/AURKB/CDKN2A/CD1D/SERPINE1/IGHG1/SFN/NR4A3,Robust Supported
Factor15,Positive,GO_Biological_Process,GO:0050853,B cell receptor signaling pathway,9/93,10/828,1.80915978260955e-08,2.51270023207837e-06,9,CD38/IGLC3/IGHA1/IGKC/IGHG2/IGHM/IGHA2/IGHG3/IGHG1,Robust Supported
Factor15,Positive,GO_Biological_Process,GO:0045321,leukocyte activation,23/93,62/828,1.88706545447826e-08,2.51270023207837e-06,23,CD3D/TRBC1/PYCARD/TRBC2/CD6/HLA-DQB1/CD2/TRAC/BATF/SOCS3/CD3E/CD38/TLR2/SPHK1/EGR1/CD44/DTX1/MAPT/IGHM/FGL1/CDKN2A/CD1D/NR4A3,Robust Supported
Factor15,Positive,GO_Biological_Process,GO:0006955,immune response,34/93,124/828,2.80178719416931e-08,3.46420973793363e-06,34,CD3D/TRBC1/PYCARD/TRBC2/LY96/CD6/HLA-DQB1/CD2/APCS/TRAC/BATF/SOCS3/CD3E/CD38/S100A9/IGLC3/TLR2/IGHA1/CXCL9/IGKC/IGLC2/LIF/JCHAIN/IGHG2/ESR1/IGHM/FGL1/IGHA2/IGHG3/AURKB/CD1D/IGHG1/SFN/NR4A3,Robust Supported
Factor15,Positive,GO_Biological_Process,GO:0046649,lymphocyte activation,19/93,46/828,5.37768431620484e-08,6.20584770090039e-06,19,CD3D/TRBC1/PYCARD/TRBC2/CD6/HLA-DQB1/CD2/TRAC/BATF/SOCS3/CD3E/CD38/EGR1/CD44/DTX1/IGHM/FGL1/CDKN2A/CD1D,Robust Supported
Factor15,Positive,GO_Biological_Process,GO:0002684,positive regulation of immune system process,27/93,88/828,9.60264565274449e-08,1.03888622655629e-05,27,CD3D/TRBC1/PYCARD/TRBC2/LY96/CD6/HLA-DQB1/CD2/TRAC/CD3E/CD38/S100A9/IGLC3/TLR2/IGHA1/IGKC/LIF/IGHG2/ESR1/IGHM/IGHA2/IGHG3/AURKB/CD1D/SERPINE1/IGHG1/NR4A3,Robust Supported
Factor15,Positive,GO_Biological_Process,GO:0042110,T cell activation,17/93,39/828,1.16740433902693e-07,1.1886923005033e-05,17,CD3D/TRBC1/PYCARD/TRBC2/CD6/HLA-DQB1/CD2/TRAC/BATF/SOCS3/CD3E/EGR1/CD44/DTX1/FGL1/CDKN2A/CD1D,Robust Supported
Factor15,Positive,GO_Biological_Process,GO:0001775,cell activation,24/93,76/828,3.33327182555769e-07,3.20549640557798e-05,24,F2RL3/CD3D/TRBC1/PYCARD/TRBC2/CD6/HLA-DQB1/CD2/TRAC/BATF/SOCS3/CD3E/CD38/TLR2/SPHK1/EGR1/CD44/DTX1/MAPT/IGHM/FGL1/CDKN2A/CD1D/NR4A3,Robust Supported
Factor15,Positive,GO_Biological_Process,GO:1903131,mononuclear cell differentiation,14/93,33/828,2.70356143647504e-06,0.000246308676133595,14,CD3D/CD2/APCS/BATF/SOCS3/CD3E/MMP9/TLR2/EGR1/DTX1/LIF/IGHM/CDKN2A/CD1D,Robust Supported
Factor15,Positive,GO_Biological_Process,GO:0002449,lymphocyte mediated immunity,12/93,25/828,3.09179295680473e-06,0.00026759468041145,12,CD2/BATF/IGLC3/IGHA1/IGKC/IGLC2/IGHG2/IGHM/IGHA2/IGHG3/CD1D/IGHG1,Robust Supported
Factor15,Positive,GO_Biological_Process,GO:0002443,leukocyte mediated immunity,13/93,30/828,4.83578820998358e-06,0.000398607113880075,13,CD2/BATF/IGLC3/IGHA1/IGKC/IGLC2/IGHG2/IGHM/IGHA2/IGHG3/CD1D/IGHG1/NR4A3,Robust Supported
Factor15,Positive,GO_Biological_Process,GO:0016064,immunoglobulin mediated immune response,10/93,19/828,7.8971080522224e-06,0.000594343219060738,10,BATF/IGLC3/IGHA1/IGKC/IGLC2/IGHG2/IGHM/IGHA2/IGHG3/IGHG1,Robust Supported
Factor15,Positive,GO_Biological_Process,GO:0019724,B cell mediated immunity,10/93,19/828,7.8971080522224e-06,0.000594343219060738,10,BATF/IGLC3/IGHA1/IGKC/IGLC2/IGHG2/IGHM/IGHA2/IGHG3/IGHG1,Robust Supported
Factor15,Positive,GO_Biological_Process,GO:0002460,adaptive immune response based on somatic recombination of immune receptors built from immunoglobulin superfamily domains,12/93,27/828,8.51727759815714e-06,0.000614308646767084,12,BATF/SOCS3/IGLC3/IGHA1/IGKC/IGLC2/IGHG2/IGHM/IGHA2/IGHG3/CD1D/IGHG1,Robust Supported
Factor15,Positive,GO_Biological_Process,GO:0045058,T cell selection,5/93,5/828,1.62198797597119e-05,0.00112306447456245,5,CD3D/BATF/SOCS3/CD3E/CD1D,Robust Supported
Factor15,Positive,GO_Biological_Process,GO:0098542,defense response to other organism,22/93,82/828,2.5130025219133e-05,0.00167307975593536,22,PYCARD/LY96/CD6/CD2/APCS/BATF/S100A9/TLR2/IGHA1/CXCL9/JCHAIN/HP/IGHG2/ESR1/IGHM/IGHA2/IGHG3/AURKB/CD1D/SERPINE1/IGHG1/SFN,Robust Supported
Factor15,Positive,GO_Biological_Process,GO:0002521,leukocyte differentiation,14/93,39/828,2.79460192483776e-05,0.00179165034514599,14,CD3D/CD2/APCS/BATF/SOCS3/CD3E/MMP9/TLR2/EGR1/DTX1/LIF/IGHM/CDKN2A/CD1D,Robust Supported
Factor15,Positive,GO_Biological_Process,GO:0043207,response to external biotic stimulus,27/93,114/828,3.05461361905668e-05,0.00188840577663825,27,PYCARD/LY96/CD6/CD2/APCS/TRAC/BATF/MMP9/S100A9/TLR2/IGHA1/CXCL9/JCHAIN/CDA/HP/IGHG2/HMCN1/ESR1/IGHM/IGHA2/IGHG3/E2F1/AURKB/CD1D/SERPINE1/IGHG1/SFN,Robust Supported
Factor15,Positive,GO_Biological_Process,GO:0009607,response to biotic stimulus,27/93,115/828,3.64333046019561e-05,0.00217469138848228,27,PYCARD/LY96/CD6/CD2/APCS/TRAC/BATF/MMP9/S100A9/TLR2/IGHA1/CXCL9/JCHAIN/CDA/HP/IGHG2/HMCN1/ESR1/IGHM/IGHA2/IGHG3/E2F1/AURKB/CD1D/SERPINE1/IGHG1/SFN,Robust Supported
Factor15,Positive,GO_Biological_Process,GO:0046631,alpha-beta T cell activation,7/93,11/828,4.12513926764643e-05,0.00238020535743199,7,CD3D/TRBC1/TRBC2/TRAC/BATF/SOCS3/CD3E,Robust Supported
Factor15,Positive,GO_Biological_Process,GO:0007165,signal transduction,55/93,328/828,4.28996062756661e-05,0.00239545866010252,55,F2RL3/CD3D/TRBC1/PYCARD/TRBC2/LY96/TIMP1/RAB34/CD6/HLA-DQB1/CD2/TRAC/BATF/SOCS3/CD3E/INSIG1/CD38/MMP9/S100A9/IGLC3/RASD1/CDC6/TLR2/SPHK1/IGHA1/EGR1/CXCL9/IGKC/CD44/ADGRD1/GNAL/DTX1/LIF/APOC3/CDA/IGHG2/MAPT/OSGIN1/ESR1/IGHM/IGHA2/IGHG3/ARFGEF3/MYOM1/E2F1/NRXN2/AURKB/CDKN2A/SMOC2/SERPINE1/CCNE1/IGHG1/CTHRC1/SFN/NR4A3,Robust Supported
Factor15,Positive,GO_Biological_Process,GO:0009617,response to bacterium,20/93,73/828,4.58936101248115e-05,0.00248255747268902,20,PYCARD/LY96/CD6/TRAC/MMP9/S100A9/TLR2/IGHA1/CXCL9/JCHAIN/HP/IGHG2/HMCN1/IGHM/IGHA2/IGHG3/E2F1/CD1D/SERPINE1/IGHG1,Robust Supported
Factor15,Positive,GO_Biological_Process,GO:0002252,immune effector process,16/93,51/828,4.91266451441916e-05,0.00257691584074533,16,PYCARD/CD2/BATF/SOCS3/S100A9/IGLC3/IGHA1/IGKC/IGLC2/IGHG2/IGHM/IGHA2/IGHG3/CD1D/IGHG1/NR4A3,Robust Supported
Factor15,Positive,GO_Biological_Process,GO:0006952,defense response,28/93,125/828,6.46292713642926e-05,0.00329039025681149,28,PYCARD/LY96/TIMP1/CD6/CD2/APCS/BATF/SOCS3/MMP9/S100A9/TLR2/SPHK1/IGHA1/CXCL9/CD44/JCHAIN/HP/IGHG2/MAPT/ESR1/IGHM/IGHA2/IGHG3/AURKB/CD1D/SERPINE1/IGHG1/SFN,Robust Supported
Factor15,Positive,GO_Biological_Process,GO:0030217,T cell differentiation,9/93,19/828,6.98970915675576e-05,0.00345691044295549,9,CD3D/CD2/BATF/SOCS3/CD3E/EGR1/DTX1/CDKN2A/CD1D,Robust Supported
Factor15,Positive,GO_Biological_Process,GO:0051707,response to other organism,26/93,113/828,7.89753801843358e-05,0.00379739953053015,26,PYCARD/LY96/CD6/CD2/APCS/TRAC/BATF/MMP9/S100A9/TLR2/IGHA1/CXCL9/JCHAIN/HP/IGHG2/HMCN1/ESR1/IGHM/IGHA2/IGHG3/E2F1/AURKB/CD1D/SERPINE1/IGHG1/SFN,Robust Supported
Factor15,Positive,GO_Biological_Process,GO:0048583,regulation of response to stimulus,45/93,252/828,8.67387174221684e-05,0.00405796540156144,45,CD3D/TRBC1/PYCARD/TRBC2/LY96/TIMP1/RAB34/HLA-DQB1/APCS/TRAC/BATF/SOCS3/CD3E/INSIG1/CD38/MMP9/S100A9/IGLC3/TLR2/SPHK1/IGHA1/EGR1/IGKC/MLIP/CD44/DTX1/LIF/APOC3/IGHG2/MAPT/ESR1/IGHM/FGL1/IGHA2/IGHG3/ARFGEF3/AURKB/CDKN2A/SMOC2/CD1D/SERPINE1/IGHG1/CTHRC1/SFN/NR4A3,Robust Supported
Factor15,Positive,GO_Biological_Process,GO:0030098,lymphocyte differentiation,10/93,24/828,0.000103238363753179,0.00470277914886194,10,CD3D/CD2/BATF/SOCS3/CD3E/EGR1/DTX1/IGHM/CDKN2A/CD1D,Robust Supported
Factor15,Positive,GO_Biological_Process,GO:0050852,T cell receptor signaling pathway,6/93,9/828,0.000109556816021878,0.00486263714189411,6,CD3D/TRBC1/TRBC2/HLA-DQB1/TRAC/CD3E,Robust Supported
Factor15,Positive,GO_Biological_Process,GO:0052548,regulation of endopeptidase activity,9/93,20/828,0.00011535724354391,0.00499208471436271,9,PYCARD/TIMP1/MMP9/S100A9/EGLN3/CD44/MAPT/CDKN2A/SERPINE1,Robust Supported
Factor15,Positive,GO_Biological_Process,GO:0042742,defense response to bacterium,12/93,34/828,0.000136339038852695,0.00575616771351255,12,PYCARD/S100A9/TLR2/IGHA1/JCHAIN/HP/IGHG2/IGHM/IGHA2/IGHG3/SERPINE1/IGHG1,Robust Supported
Factor15,Positive,GO_Biological_Process,GO:0043281,regulation of cysteine-type endopeptidase activity involved in apoptotic process,7/93,13/828,0.00017708321809442,0.0072466355514978,7,PYCARD/MMP9/S100A9/EGLN3/CD44/MAPT/CDKN2A,Robust Supported
Factor15,Positive,GO_Biological_Process,GO:0001819,positive regulation of cytokine production,11/93,30/828,0.000180014632417334,0.0072466355514978,11,PYCARD/LY96/CD6/CD2/BATF/CD3E/TLR2/SPHK1/EGR1/SERPINE1/NR4A3,Robust Supported
Factor15,Positive,GO_Biological_Process,GO:0048584,positive regulation of response to stimulus,31/93,153/828,0.000189724648745131,0.00746394015858685,31,CD3D/TRBC1/PYCARD/TRBC2/LY96/RAB34/HLA-DQB1/TRAC/CD3E/CD38/MMP9/S100A9/IGLC3/TLR2/SPHK1/IGHA1/IGKC/CD44/LIF/IGHG2/ESR1/IGHM/IGHA2/IGHG3/AURKB/CDKN2A/SMOC2/CD1D/SERPINE1/IGHG1/NR4A3,Robust Supported
Factor15,Positive,GO_Biological_Process,GO:0071216,cellular response to biotic stimulus,8/93,17/828,0.00019600851314519,0.00753979413898497,8,PYCARD/LY96/CD6/MMP9/TLR2/CXCL9/CDA/SERPINE1,Robust Supported
Factor15,Positive,GO_Biological_Process,GO:0023052,signaling,57/93,361/828,0.000209833132790894,0.0078961120187182,57,F2RL3/CD3D/TRBC1/PYCARD/TRBC2/LY96/TIMP1/RAB34/CD6/HLA-DQB1/CD2/TRAC/BATF/SOCS3/CD3E/INSIG1/CD38/MMP9/SYT7/S100A9/IGLC3/RASD1/CDC6/TLR2/SPHK1/IGHA1/EGR1/CXCL9/IGKC/CD44/ADGRD1/GNAL/DTX1/LIF/APOC3/CDA/IGHG2/MAPT/OSGIN1/ESR1/IGHM/IGHA2/IGHG3/SELENOM/ARFGEF3/MYOM1/E2F1/NRXN2/AURKB/CDKN2A/SMOC2/SERPINE1/CCNE1/IGHG1/CTHRC1/SFN/NR4A3,Robust Supported
Factor15,Positive,GO_Biological_Process,GO:0007154,cell communication,57/93,362/828,0.000230747061430405,0.00837810935489627,57,F2RL3/CD3D/TRBC1/PYCARD/TRBC2/LY96/TIMP1/RAB34/CD6/HLA-DQB1/CD2/TRAC/BATF/SOCS3/CD3E/INSIG1/CD38/MMP9/SYT7/S100A9/IGLC3/RASD1/CDC6/TLR2/SPHK1/IGHA1/EGR1/CXCL9/IGKC/CD44/ADGRD1/GNAL/DTX1/LIF/APOC3/CDA/IGHG2/MAPT/OSGIN1/ESR1/IGHM/IGHA2/IGHG3/SELENOM/ARFGEF3/MYOM1/E2F1/NRXN2/AURKB/CDKN2A/SMOC2/SERPINE1/CCNE1/IGHG1/CTHRC1/SFN/NR4A3,Robust Supported
Factor15,Positive,GO_Biological_Process,GO:0006950,response to stress,44/93,253/828,0.000232321923186032,0.00837810935489627,44,F2RL3/PYCARD/LY96/TIMP1/CD6/CD2/APCS/BATF/SOCS3/CHAF1B/INSIG1/CD38/MMP9/SYT7/S100A9/TLR2/EGLN3/SPHK1/IGHA1/EGR1/CXCL9/MLIP/CD44/LIF/SCARA3/JCHAIN/HP/IGHG2/MAPT/ESR1/IGHM/FGL1/IGHA2/IGHG3/E2F1/UBXN10/AURKB/CDKN2A/SMOC2/CD1D/SLC39A4/SERPINE1/IGHG1/SFN,Robust Supported
Factor15,Positive,GO_Biological_Process,GO:0044419,biological process involved in interspecies interaction between organisms,26/93,120/828,0.00023997586248742,0.0084775146523617,26,PYCARD/LY96/CD6/CD2/APCS/TRAC/BATF/MMP9/S100A9/TLR2/IGHA1/CXCL9/JCHAIN/HP/IGHG2/HMCN1/ESR1/IGHM/IGHA2/IGHG3/E2F1/AURKB/CD1D/SERPINE1/IGHG1/SFN,Robust Supported
Factor15,Positive,GO_Biological_Process,GO:0002694,regulation of leukocyte activation,13/93,41/828,0.000245438949649583,0.00849709643686858,13,PYCARD/CD6/HLA-DQB1/CD2/BATF/CD3E/CD38/SPHK1/DTX1/FGL1/CDKN2A/CD1D/NR4A3,Robust Supported
Factor15,Positive,GO_Biological_Process,GO:0007166,cell surface receptor signaling pathway,37/93,200/828,0.00027363166032998,0.00928738047119992,37,CD3D/TRBC1/PYCARD/TRBC2/LY96/TIMP1/RAB34/CD6/HLA-DQB1/CD2/TRAC/SOCS3/CD3E/CD38/MMP9/IGLC3/TLR2/SPHK1/IGHA1/EGR1/CXCL9/IGKC/CD44/ADGRD1/DTX1/LIF/CDA/IGHG2/IGHM/IGHA2/IGHG3/SMOC2/SERPINE1/CCNE1/IGHG1/CTHRC1/NR4A3,Robust Supported
Factor15,Positive,GO_Biological_Process,GO:0140546,defense response to symbiont,19/93,76/828,0.000291152903508517,0.00969203223025467,19,PYCARD/LY96/CD6/CD2/APCS/S100A9/TLR2/IGHA1/CXCL9/JCHAIN/IGHG2/ESR1/IGHM/IGHA2/IGHG3/AURKB/CD1D/IGHG1/SFN,Robust Supported
Factor15,Positive,GO_Biological_Process,GO:0019731,antibacterial humoral response,7/93,14/828,0.000321826150545797,0.0103163160480514,7,IGHA1/JCHAIN/IGHG2/IGHM/IGHA2/IGHG3/IGHG1,Robust Supported
Factor15,Positive,GO_Biological_Process,GO:2000116,regulation of cysteine-type endopeptidase activity,7/93,14/828,0.000321826150545797,0.0103163160480514,7,PYCARD/MMP9/S100A9/EGLN3/CD44/MAPT/CDKN2A,Robust Supported
Factor15,Positive,GO_Biological_Process,GO:0030097,hemopoiesis,14/93,49/828,0.000475551957477293,0.014732283300525,14,CD3D/CD2/APCS/BATF/SOCS3/CD3E/MMP9/TLR2/EGR1/DTX1/LIF/IGHM/CDKN2A/CD1D,Robust Supported
Factor15,Positive,GO_Biological_Process,GO:0051249,regulation of lymphocyte activation,11/93,33/828,0.000476607663101906,0.014732283300525,11,PYCARD/CD6/HLA-DQB1/CD2/BATF/CD3E/CD38/DTX1/FGL1/CDKN2A/CD1D,Robust Supported
Factor15,Positive,GO_Biological_Process,GO:0080134,regulation of response to stress,19/93,79/828,0.000504870808642629,0.0153321292940419,19,PYCARD/LY96/APCS/SOCS3/INSIG1/MMP9/S100A9/TLR2/SPHK1/MLIP/CD44/MAPT/ESR1/AURKB/CDKN2A/SMOC2/CD1D/SERPINE1/SFN,Robust Supported
Factor15,Positive,GO_Biological_Process,GO:0050863,regulation of T cell activation,10/93,29/828,0.000649161939864437,0.0191767436262594,10,PYCARD/CD6/HLA-DQB1/CD2/BATF/CD3E/DTX1/FGL1/CDKN2A/CD1D,Robust Supported
Factor15,Positive,GO_Biological_Process,GO:0002224,toll-like receptor signaling pathway,4/93,5/828,0.000685973341747816,0.0191767436262594,4,LY96/S100A9/TLR2/ESR1,Exploratory
Factor15,Positive,GO_Biological_Process,GO:0060263,regulation of respiratory burst,4/93,5/828,0.000685973341747816,0.0191767436262594,4,S100A9/IGHA1/JCHAIN/IGHA2,Exploratory
Factor15,Positive,GO_Biological_Process,GO:0006919,activation of cysteine-type endopeptidase activity involved in apoptotic process,5/93,8/828,0.00068686199007977,0.0191767436262594,5,PYCARD/S100A9/EGLN3/MAPT/CDKN2A,Robust Supported
Factor15,Positive,GO_Biological_Process,GO:0043280,positive regulation of cysteine-type endopeptidase activity involved in apoptotic process,5/93,8/828,0.00068686199007977,0.0191767436262594,5,PYCARD/S100A9/EGLN3/MAPT/CDKN2A,Robust Supported
Factor15,Positive,GO_Biological_Process,GO:0071219,cellular response to molecule of bacterial origin,7/93,16/828,0.000885990160425244,0.0239632651202515,7,PYCARD/LY96/CD6/MMP9/TLR2/CXCL9/SERPINE1,Robust Supported
Factor15,Positive,GO_Biological_Process,GO:0071222,cellular response to lipopolysaccharide,7/93,16/828,0.000885990160425244,0.0239632651202515,7,PYCARD/LY96/CD6/MMP9/TLR2/CXCL9/SERPINE1,Robust Supported
Factor15,Positive,GO_Biological_Process,GO:0043086,negative regulation of catalytic activity,12/93,41/828,0.000995172083559269,0.0265021981021707,12,PYCARD/TIMP1/APCS/MMP9/CD44/APOC3/HP/MAPT/CDKN2A/PKIB/SERPINE1/SFN,Robust Supported
Factor15,Positive,GO_Biological_Process,GO:0050865,regulation of cell activation,13/93,47/828,0.0010944241361163,0.0285635769858083,13,PYCARD/CD6/HLA-DQB1/CD2/BATF/CD3E/CD38/SPHK1/DTX1/FGL1/CDKN2A/CD1D/NR4A3,Robust Supported
Factor15,Positive,GO_Biological_Process,GO:0007159,leukocyte cell-cell adhesion,11/93,36/828,0.00110558039170951,0.0285635769858083,11,PYCARD/CD6/HLA-DQB1/CD3E/S100A9/CD44/DTX1/FGL1/CDKN2A/CD1D/NR4A3,Robust Supported
Factor15,Positive,GO_Biological_Process,GO:0031347,regulation of defense response,13/93,48/828,0.00136191620309838,0.0343394672562795,13,PYCARD/LY96/APCS/SOCS3/MMP9/S100A9/TLR2/SPHK1/ESR1/AURKB/CD1D/SERPINE1/SFN,Robust Supported
Factor15,Positive,GO_Biological_Process,GO:0010950,positive regulation of endopeptidase activity,5/93,9/828,0.00140849345765214,0.0343394672562795,5,PYCARD/S100A9/EGLN3/MAPT/CDKN2A,Robust Supported
Factor15,Positive,GO_Biological_Process,GO:0016050,vesicle organization,5/93,9/828,0.00140849345765214,0.0343394672562795,5,F2RL3/RAB34/INSIG1/SYT7/SPHK1,Robust Supported
Factor15,Positive,GO_Biological_Process,GO:2001056,positive regulation of cysteine-type endopeptidase activity,5/93,9/828,0.00140849345765214,0.0343394672562795,5,PYCARD/S100A9/EGLN3/MAPT/CDKN2A,Robust Supported
Factor15,Positive,GO_Biological_Process,GO:0006958,"complement activation, classical pathway",6/93,13/828,0.00153300838990905,0.0368560767073967,6,IGHA1/IGHG2/IGHM/IGHA2/IGHG3/IGHG1,Robust Supported
Factor15,Positive,GO_Biological_Process,GO:0006954,inflammatory response,17/93,73/828,0.00156556713435692,0.0371232425968745,17,PYCARD/LY96/TIMP1/CD6/APCS/SOCS3/MMP9/S100A9/TLR2/SPHK1/CXCL9/CD44/HP/MAPT/ESR1/SERPINE1/IGHG1,Robust Supported
Factor15,Positive,GO_Biological_Process,GO:0045088,regulation of innate immune response,8/93,22/828,0.00159297713533799,0.0372627489360819,8,PYCARD/LY96/S100A9/TLR2/ESR1/AURKB/CD1D/SFN,Robust Supported
Factor15,Positive,GO_Biological_Process,GO:0009605,response to external stimulus,31/93,171/828,0.00165483019486829,0.0381934808975602,31,PYCARD/LY96/CD6/CD2/APCS/TRAC/BATF/SOCS3/MMP9/S100A9/TLR2/SPHK1/IGHA1/CXCL9/JCHAIN/CDA/HP/IGHG2/HMCN1/ESR1/IGHM/IGHA2/IGHG3/E2F1/NRXN2/AURKB/SMOC2/CD1D/SERPINE1/IGHG1/SFN,Robust Supported
Factor15,Positive,GO_Biological_Process,GO:0045730,respiratory burst,4/93,6/828,0.0018806247174447,0.0428337024460103,4,S100A9/IGHA1/JCHAIN/IGHA2,Exploratory
Factor15,Positive,GO_Biological_Process,GO:0048518,positive regulation of biological process,55/93,369/828,0.00197031702138435,0.0442937501820301,55,F2RL3/CD3D/TRBC1/PYCARD/TRBC2/LY96/TIMP1/RAB34/CD6/HLA-DQB1/CD2/TRAC/BATF/SOCS3/CD3E/CD38/MMP9/SYT7/S100A9/IGLC3/CDC6/DCXR/TLR2/EGLN3/SPHK1/IGHA1/EGR1/CXCL9/IGKC/MLIP/CD44/DTX1/LIF/JCHAIN/IGHG2/MAPT/ESR1/IGHM/IGHA2/TTPA/IGHG3/MYOM1/E2F1/PHLDA2/AURKB/CDKN2A/PKIB/SMOC2/CD1D/SERPINE1/CCNE1/IGHG1/CTHRC1/SFN/NR4A3,Robust Supported
Factor15,Positive,GO_Biological_Process,GO:1903037,regulation of leukocyte cell-cell adhesion,10/93,33/828,0.00203535523725557,0.044617261972483,10,PYCARD/CD6/HLA-DQB1/CD3E/CD44/DTX1/FGL1/CDKN2A/CD1D/NR4A3,Robust Supported
Factor15,Positive,GO_Biological_Process,GO:0045089,positive regulation of innate immune response,7/93,18/828,0.00203625863421499,0.044617261972483,7,PYCARD/LY96/S100A9/TLR2/ESR1/AURKB/CD1D,Robust Supported
Factor15,Positive,GO_Biological_Process,GO:0072331,signal transduction by p53 class mediator,6/93,14/828,0.00244139506943149,0.052299625861175,6,PYCARD/BATF/CD44/E2F1/AURKB/CDKN2A,Exploratory
Factor15,Positive,GO_Biological_Process,GO:0009892,negative regulation of metabolic process,27/93,145/828,0.00244729618414511,0.052299625861175,27,ETV7/PYCARD/TIMP1/APCS/CD3E/INSIG1/CD38/MMP9/RASD1/CDC6/SPHK1/EGR1/MLIP/CD44/APOC3/CDA/HP/MAPT/ESR1/E2F1/AURKB/CDKN2A/PKIB/SERPINE1/CCNE1/SFN/NR4A3,Exploratory
Factor15,Positive,GO_Biological_Process,GO:0044092,negative regulation of molecular function,14/93,57/828,0.00249200492913363,0.0526056162479307,14,PYCARD/TIMP1/APCS/MMP9/CD44/APOC3/HP/MAPT/ESR1/E2F1/CDKN2A/PKIB/SERPINE1/SFN,Exploratory
Factor15,Positive,GO_Biological_Process,GO:0033673,negative regulation of kinase activity,5/93,10/828,0.00256786181544422,0.0529162952682613,5,PYCARD/MAPT/CDKN2A/PKIB/SFN,Exploratory
Factor15,Positive,GO_Biological_Process,GO:0051348,negative regulation of transferase activity,5/93,10/828,0.00256786181544422,0.0529162952682613,5,PYCARD/MAPT/CDKN2A/PKIB/SFN,Exploratory
Factor15,Positive,GO_Biological_Process,GO:0031324,negative regulation of cellular metabolic process,23/93,118/828,0.00299968381387998,0.0608492060737074,23,ETV7/PYCARD/TIMP1/CD3E/INSIG1/CD38/RASD1/SPHK1/EGR1/MLIP/APOC3/CDA/HP/MAPT/ESR1/E2F1/AURKB/CDKN2A/PKIB/SERPINE1/CCNE1/SFN/NR4A3,Exploratory
Factor15,Positive,GO_Biological_Process,GO:0002831,regulation of response to biotic stimulus,8/93,24/828,0.00302312635605941,0.0608492060737074,8,PYCARD/LY96/S100A9/TLR2/ESR1/AURKB/CD1D/SFN,Exploratory
Factor15,Positive,GO_Biological_Process,GO:0045087,innate immune response,13/93,53/828,0.00365217886732872,0.0688002395988578,13,PYCARD/LY96/CD6/CD2/APCS/S100A9/TLR2/JCHAIN/ESR1/IGHM/AURKB/CD1D/SFN,Exploratory
Factor15,Positive,GO_Biological_Process,GO:0002218,activation of innate immune response,6/93,15/828,0.00370341522015213,0.0688002395988578,6,PYCARD/LY96/S100A9/TLR2/ESR1/AURKB,Exploratory
Factor15,Positive,GO_Biological_Process,GO:0002221,pattern recognition receptor signaling pathway,6/93,15/828,0.00370341522015213,0.0688002395988578,6,PYCARD/LY96/S100A9/TLR2/ESR1/AURKB,Exploratory
Factor15,Positive,GO_Biological_Process,GO:0002455,humoral immune response mediated by circulating immunoglobulin,6/93,15/828,0.00370341522015213,0.0688002395988578,6,IGHA1/IGHG2/IGHM/IGHA2/IGHG3/IGHG1,Exploratory
Factor15,Positive,GO_Biological_Process,GO:0002758,innate immune response-activating signaling pathway,6/93,15/828,0.00370341522015213,0.0688002395988578,6,PYCARD/LY96/S100A9/TLR2/ESR1/AURKB,Exploratory
Factor15,Positive,GO_Biological_Process,GO:0050670,regulation of lymphocyte proliferation,6/93,15/828,0.00370341522015213,0.0688002395988578,6,PYCARD/CD6/CD3E/CD38/CDKN2A/CD1D,Exploratory
Factor15,Positive,GO_Biological_Process,GO:0008284,positive regulation of cell population proliferation,16/93,72/828,0.00370515339220889,0.0688002395988578,16,PYCARD/TIMP1/CD6/CD3E/CD38/MMP9/CDC6/SPHK1/EGR1/LIF/ESR1/E2F1/CD1D/CCNE1/CTHRC1/NR4A3,Exploratory
Factor15,Positive,GO_Biological_Process,GO:0019730,antimicrobial humoral response,9/93,30/828,0.00373611930808355,0.0688002395988578,9,S100A9/IGHA1/CXCL9/JCHAIN/IGHG2/IGHM/IGHA2/IGHG3/IGHG1,Exploratory
Factor15,Positive,GO_Biological_Process,GO:0051092,positive regulation of NF-kappaB transcription factor activity,4/93,7/828,0.00401123167215471,0.0721351177439743,4,PYCARD/S100A9/TLR2/SPHK1,Exploratory
Factor15,Positive,GO_Biological_Process,GO:2000045,regulation of G1/S transition of mitotic cell cycle,4/93,7/828,0.00401123167215471,0.0721351177439743,4,CDC6/E2F1/CDKN2A/CCNE1,Exploratory
Factor15,Positive,GO_Biological_Process,GO:0002274,myeloid leukocyte activation,7/93,20/828,0.00409947737250544,0.0721351177439743,7,PYCARD/CD2/BATF/TLR2/SPHK1/MAPT/NR4A3,Exploratory
Factor15,Positive,GO_Biological_Process,GO:0010952,positive regulation of peptidase activity,5/93,11/828,0.00429226870458079,0.0721351177439743,5,PYCARD/S100A9/EGLN3/MAPT/CDKN2A,Exploratory
Factor15,Positive,GO_Biological_Process,GO:0032946,positive regulation of mononuclear cell proliferation,5/93,11/828,0.00429226870458079,0.0721351177439743,5,PYCARD/CD6/CD3E/CD38/CD1D,Exploratory
Factor15,Positive,GO_Biological_Process,GO:0048145,regulation of fibroblast proliferation,5/93,11/828,0.00429226870458079,0.0721351177439743,5,CDC6/SPHK1/LIF/ESR1/E2F1,Exploratory
Factor15,Positive,GO_Biological_Process,GO:0048146,positive regulation of fibroblast proliferation,5/93,11/828,0.00429226870458079,0.0721351177439743,5,CDC6/SPHK1/LIF/ESR1/E2F1,Exploratory
Factor15,Positive,GO_Biological_Process,GO:0050671,positive regulation of lymphocyte proliferation,5/93,11/828,0.00429226870458079,0.0721351177439743,5,PYCARD/CD6/CD3E/CD38/CD1D,Exploratory
Factor15,Positive,GO_Biological_Process,GO:0070665,positive regulation of leukocyte proliferation,5/93,11/828,0.00429226870458079,0.0721351177439743,5,PYCARD/CD6/CD3E/CD38/CD1D,Exploratory
Factor15,Positive,GO_Biological_Process,GO:0098609,cell-cell adhesion,17/93,80/828,0.00456086787420932,0.0759121374063109,17,F2RL3/PYCARD/CD6/HLA-DQB1/CD2/CD3E/S100A9/CD44/DTX1/HMCN1/FGL1/HMCN2/NRXN2/CDKN2A/CD1D/SFN/NR4A3,Exploratory
Factor15,Positive,GO_Biological_Process,GO:0010628,positive regulation of gene expression,15/93,67/828,0.00463919404220068,0.0764804274957083,15,PYCARD/LY96/CD6/CD2/BATF/CD3E/TLR2/SPHK1/EGR1/LIF/MYOM1/E2F1/CDKN2A/SERPINE1/NR4A3,Exploratory
Factor15,Positive,GO_Biological_Process,GO:0050727,regulation of inflammatory response,9/93,31/828,0.00478017363420275,0.0780611373660846,9,PYCARD/APCS/SOCS3/MMP9/S100A9/TLR2/SPHK1/ESR1/SERPINE1,Exploratory
Factor15,Positive,GO_Biological_Process,GO:0010563,negative regulation of phosphorus metabolic process,6/93,16/828,0.00539387025598826,0.084879903755597,6,PYCARD/CDA/MAPT/CDKN2A/PKIB/SFN,Exploratory
Factor15,Positive,GO_Biological_Process,GO:0032944,regulation of mononuclear cell proliferation,6/93,16/828,0.00539387025598826,0.084879903755597,6,PYCARD/CD6/CD3E/CD38/CDKN2A/CD1D,Exploratory
Factor15,Positive,GO_Biological_Process,GO:0045936,negative regulation of phosphate metabolic process,6/93,16/828,0.00539387025598826,0.084879903755597,6,PYCARD/CDA/MAPT/CDKN2A/PKIB/SFN,Exploratory
Factor15,Positive,GO_Biological_Process,GO:0070663,regulation of leukocyte proliferation,6/93,16/828,0.00539387025598826,0.084879903755597,6,PYCARD/CD6/CD3E/CD38/CDKN2A/CD1D,Exploratory
Factor15,Positive,GO_Biological_Process,GO:0002833,positive regulation of response to biotic stimulus,7/93,21/828,0.00559117773489051,0.0871921500819411,7,PYCARD/LY96/S100A9/TLR2/ESR1/AURKB/CD1D,Exploratory
Factor15,Positive,GO_Biological_Process,GO:0006974,DNA damage response,9/93,32/828,0.0060390647350817,0.0933359022895216,9,PYCARD/BATF/CHAF1B/EGLN3/CD44/MAPT/E2F1/CDKN2A/SFN,Exploratory
Factor15,Positive,GO_Biological_Process,GO:0051716,cellular response to stimulus,61/93,439/828,0.00645305688200595,0.0988516943606398,61,F2RL3/CD3D/TRBC1/PYCARD/TRBC2/LY96/TIMP1/RAB34/CD6/HLA-DQB1/CD2/TRAC/BATF/SOCS3/CD3E/CHAF1B/INSIG1/CD38/MMP9/S100A9/IGLC3/RASD1/CDC6/TLR2/EGLN3/SPHK1/IGHA1/EGR1/CXCL9/IGKC/CD44/ADGRD1/GNAL/DTX1/LIF/APOC3/CDA/HP/IGHG2/CYP3A7/MAPT/OSGIN1/ESR1/IGHM/IGHA2/IGHG3/ARFGEF3/MYOM1/E2F1/NRXN2/UBXN10/AURKB/CDKN2A/SMOC2/SLC39A4/SERPINE1/CCNE1/IGHG1/CTHRC1/SFN/NR4A3,Exploratory
Factor15,Positive,GO_Biological_Process,GO:0030307,positive regulation of cell growth,5/93,12/828,0.00671017722774674,0.099903069903963,5,CD38/S100A9/SPHK1/MAPT/SFN,Exploratory
Factor15,Positive,GO_Biological_Process,GO:0042326,negative regulation of phosphorylation,5/93,12/828,0.00671017722774674,0.099903069903963,5,PYCARD/MAPT/CDKN2A/PKIB/SFN,Exploratory
Factor15,Positive,GO_Biological_Process,GO:0051091,positive regulation of DNA-binding transcription factor activity,5/93,12/828,0.00671017722774674,0.099903069903963,5,PYCARD/S100A9/TLR2/SPHK1/ESR1,Exploratory
Factor15,Positive,GO_Biological_Process,GO:0045934,negative regulation of nucleobase-containing compound metabolic process,14/93,63/828,0.00675254718588311,0.099903069903963,14,ETV7/CD38/RASD1/CDC6/EGR1/MLIP/CDA/ESR1/E2F1/AURKB/CDKN2A/CCNE1/SFN/NR4A3,Exploratory
Factor15,Positive,GO_Biological_Process,GO:0031349,positive regulation of defense response,8/93,27/828,0.00684310595379633,0.100384884796792,8,PYCARD/LY96/S100A9/TLR2/ESR1/AURKB/CD1D/SERPINE1,Exploratory
Factor15,Positive,GO_Biological_Process,GO:0001892,embryonic placenta development,4/93,8/828,0.00733560135422967,0.102402628582029,4,SOCS3/LIF/TTPA/PHLDA2,Exploratory
Factor15,Positive,GO_Biological_Process,GO:0002532,production of molecular mediator involved in inflammatory response,4/93,8/828,0.00733560135422967,0.102402628582029,4,PYCARD/CD6/S100A9/SERPINE1,Exploratory
Factor15,Positive,GO_Biological_Process,GO:0008630,intrinsic apoptotic signaling pathway in response to DNA damage,4/93,8/828,0.00733560135422967,0.102402628582029,4,PYCARD/CD44/E2F1/SFN,Exploratory
Factor15,Positive,GO_Biological_Process,GO:0032757,positive regulation of interleukin-8 production,4/93,8/828,0.00733560135422967,0.102402628582029,4,PYCARD/CD2/TLR2/SERPINE1,Exploratory
Factor15,Positive,GO_Biological_Process,GO:0150076,neuroinflammatory response,4/93,8/828,0.00733560135422967,0.102402628582029,4,MMP9/TLR2/SPHK1/MAPT,Exploratory
Factor15,Positive,GO_Biological_Process,GO:1902806,regulation of cell cycle G1/S phase transition,4/93,8/828,0.00733560135422967,0.102402628582029,4,CDC6/E2F1/CDKN2A/CCNE1,Exploratory
Factor15,Positive,GO_Biological_Process,GO:0050790,regulation of catalytic activity,16/93,77/828,0.00756621510684816,0.104262064678741,16,PYCARD/TIMP1/APCS/MMP9/S100A9/CDC6/EGLN3/CD44/APOC3/HP/MAPT/ESR1/CDKN2A/PKIB/SERPINE1/SFN,Exploratory
Factor15,Positive,GO_Biological_Process,GO:0051090,regulation of DNA-binding transcription factor activity,6/93,17/828,0.0075892664064248,0.104262064678741,6,PYCARD/S100A9/TLR2/SPHK1/ESR1/CDKN2A,Exploratory
Factor15,Positive,GO_Biological_Process,GO:0001817,regulation of cytokine production,11/93,45/828,0.00779325926067231,0.106221510080502,11,PYCARD/LY96/CD6/CD2/BATF/CD3E/TLR2/SPHK1/EGR1/SERPINE1/NR4A3,Exploratory
Factor15,Positive,GO_Biological_Process,GO:0001816,cytokine production,11/93,46/828,0.00929497614573764,0.124725610141642,11,PYCARD/LY96/CD6/CD2/BATF/CD3E/TLR2/SPHK1/EGR1/SERPINE1/NR4A3,Exploratory
Factor15,Positive,GO_Biological_Process,GO:0022407,regulation of cell-cell adhesion,11/93,46/828,0.00929497614573764,0.124725610141642,11,PYCARD/CD6/HLA-DQB1/CD3E/CD44/DTX1/FGL1/CDKN2A/CD1D/SFN/NR4A3,Exploratory
Factor15,Positive,GO_Biological_Process,GO:0042129,regulation of T cell proliferation,5/93,13/828,0.00994590775139528,0.131570732709933,5,PYCARD/CD6/CD3E/CDKN2A/CD1D,Exploratory
Factor15,Positive,GO_Biological_Process,GO:0031327,negative regulation of cellular biosynthetic process,19/93,100/828,0.00995711495378463,0.131570732709933,19,ETV7/PYCARD/CD3E/INSIG1/CD38/RASD1/SPHK1/EGR1/MLIP/APOC3/MAPT/ESR1/E2F1/AURKB/CDKN2A/SERPINE1/CCNE1/SFN/NR4A3,Exploratory
Factor15,Positive,GO_Biological_Process,GO:0046651,lymphocyte proliferation,6/93,18/828,0.0103657702925297,0.135587402865719,6,PYCARD/CD6/CD3E/CD38/CDKN2A/CD1D,Exploratory
Factor15,Positive,GO_Biological_Process,GO:0045892,negative regulation of DNA-templated transcription,12/93,53/828,0.010463782769527,0.135587402865719,12,ETV7/CD38/RASD1/EGR1/MLIP/ESR1/E2F1/AURKB/CDKN2A/CCNE1/SFN/NR4A3,Exploratory
Factor15,Positive,GO_Biological_Process,GO:0010604,positive regulation of macromolecule metabolic process,26/93,152/828,0.0104960785580626,0.135587402865719,26,PYCARD/LY96/CD6/CD2/BATF/CD3E/CD38/MMP9/S100A9/TLR2/EGLN3/SPHK1/EGR1/MLIP/DTX1/LIF/MAPT/ESR1/MYOM1/E2F1/AURKB/CDKN2A/PKIB/SMOC2/SERPINE1/NR4A3,Exploratory
Factor15,Positive,GO_Biological_Process,GO:0001558,regulation of cell growth,8/93,29/828,0.0109241262686124,0.140071574599763,8,CD38/S100A9/SPHK1/CDA/MAPT/OSGIN1/CDKN2A/SFN,Exploratory
Factor15,Positive,GO_Biological_Process,GO:0009890,negative regulation of biosynthetic process,19/93,101/828,0.0111283724687188,0.140542631483804,19,ETV7/PYCARD/CD3E/INSIG1/CD38/RASD1/SPHK1/EGR1/MLIP/APOC3/MAPT/ESR1/E2F1/AURKB/CDKN2A/SERPINE1/CCNE1/SFN/NR4A3,Exploratory
Factor15,Positive,GO_Biological_Process,GO:0052547,regulation of peptidase activity,9/93,35/828,0.011385481612548,0.140542631483804,9,PYCARD/TIMP1/MMP9/S100A9/EGLN3/CD44/MAPT/CDKN2A/SERPINE1,Exploratory
Factor15,Positive,GO_Biological_Process,GO:0010605,negative regulation of macromolecule metabolic process,22/93,123/828,0.0114322534784458,0.140542631483804,22,ETV7/PYCARD/TIMP1/APCS/CD3E/CD38/MMP9/RASD1/CDC6/EGR1/MLIP/CD44/MAPT/ESR1/E2F1/AURKB/CDKN2A/PKIB/SERPINE1/CCNE1/SFN/NR4A3,Exploratory
Factor15,Positive,GO_Biological_Process,GO:0031323,regulation of cellular metabolic process,38/93,248/828,0.0114911259498192,0.140542631483804,38,ETV7/PYCARD/LY96/TIMP1/CD6/CD2/BATF/CD3E/INSIG1/CD38/MMP9/S100A9/RASD1/CDC6/DCXR/TLR2/SPHK1/EGR1/MLIP/DTX1/LIF/APOC3/CDA/HP/MAPT/ESR1/IGHM/MYOM1/E2F1/PHLDA2/AURKB/CDKN2A/PKIB/SMOC2/SERPINE1/CCNE1/SFN/NR4A3,Exploratory
Factor15,Positive,GO_Biological_Process,GO:0032729,positive regulation of type II interferon production,3/93,5/828,0.0116103964772871,0.140542631483804,3,PYCARD/CD2/CD3E,Exploratory
Factor15,Positive,GO_Biological_Process,GO:0048284,organelle fusion,3/93,5/828,0.0116103964772871,0.140542631483804,3,RAB34/SYT7/SPHK1,Exploratory
Factor15,Positive,GO_Biological_Process,GO:1901222,regulation of non-canonical NF-kappaB signal transduction,3/93,5/828,0.0116103964772871,0.140542631483804,3,PYCARD/TLR2/SPHK1,Exploratory
Factor15,Positive,GO_Biological_Process,GO:1901224,positive regulation of non-canonical NF-kappaB signal transduction,3/93,5/828,0.0116103964772871,0.140542631483804,3,PYCARD/TLR2/SPHK1,Exploratory
Factor15,Positive,GO_Biological_Process,GO:0006469,negative regulation of protein kinase activity,4/93,9/828,0.0120772876714917,0.141255303779406,4,PYCARD/CDKN2A/PKIB/SFN,Exploratory
Factor15,Positive,GO_Biological_Process,GO:0008637,apoptotic mitochondrial changes,4/93,9/828,0.0120772876714917,0.141255303779406,4,PYCARD/MMP9/CDKN2A/SFN,Exploratory
Factor15,Positive,GO_Biological_Process,GO:0009411,response to UV,4/93,9/828,0.0120772876714917,0.141255303779406,4,TIMP1/MMP9/SCARA3/AURKB,Exploratory
Factor15,Positive,GO_Biological_Process,GO:0042102,positive regulation of T cell proliferation,4/93,9/828,0.0120772876714917,0.141255303779406,4,PYCARD/CD6/CD3E/CD1D,Exploratory
Factor15,Positive,GO_Biological_Process,GO:0042113,B cell activation,4/93,9/828,0.0120772876714917,0.141255303779406,4,BATF/CD38/IGHM/CDKN2A,Exploratory
Factor15,Positive,GO_Biological_Process,GO:1902679,negative regulation of RNA biosynthetic process,12/93,54/828,0.0122065488923382,0.141808967333137,12,ETV7/CD38/RASD1/EGR1/MLIP/ESR1/E2F1/AURKB/CDKN2A/CCNE1/SFN/NR4A3,Exploratory
Factor15,Positive,GO_Biological_Process,GO:0019222,regulation of metabolic process,44/93,299/828,0.012353014213039,0.14255378401847,44,ETV7/PYCARD/LY96/TIMP1/CD6/CD2/APCS/BATF/CD3E/INSIG1/CD38/MMP9/S100A9/RASD1/CDC6/DCXR/TLR2/EGLN3/SPHK1/IGHA1/EGR1/MLIP/CD44/DTX1/LIF/JCHAIN/APOC3/CDA/HP/MAPT/ESR1/IGHM/IGHA2/MYOM1/E2F1/PHLDA2/AURKB/CDKN2A/PKIB/SMOC2/SERPINE1/CCNE1/SFN/NR4A3,Exploratory
Factor15,Positive,GO_Biological_Process,GO:0042127,regulation of cell population proliferation,22/93,124/828,0.0126156490170895,0.144620453301867,22,PYCARD/TIMP1/CD6/CD3E/CD38/MMP9/CDC6/TLR2/EGLN3/SPHK1/EGR1/CXCL9/LIF/ESR1/E2F1/PHLDA2/CDKN2A/CD1D/CCNE1/CTHRC1/SFN/NR4A3,Exploratory
Factor15,Positive,GO_Biological_Process,GO:0042325,regulation of phosphorylation,10/93,42/828,0.0135347711894901,0.153164615849881,10,PYCARD/CD3E/MMP9/CDC6/SPHK1/LIF/MAPT/CDKN2A/PKIB/SFN,Exploratory
Factor15,Positive,GO_Biological_Process,GO:0002696,positive regulation of leukocyte activation,8/93,30/828,0.013537946981532,0.153164615849881,8,PYCARD/CD6/HLA-DQB1/CD2/CD3E/CD38/CD1D/NR4A3,Exploratory
Factor15,Positive,GO_Biological_Process,GO:0032943,mononuclear cell proliferation,6/93,19/828,0.013797244326126,0.155084609925482,6,PYCARD/CD6/CD3E/CD38/CDKN2A/CD1D,Exploratory
Factor15,Positive,GO_Biological_Process,GO:0042098,T cell proliferation,5/93,14/828,0.0141150814635974,0.157633587183788,5,PYCARD/CD6/CD3E/CDKN2A/CD1D,Exploratory
Factor15,Positive,GO_Biological_Process,GO:1903039,positive regulation of leukocyte cell-cell adhesion,7/93,25/828,0.0158157066708917,0.174932320184199,7,PYCARD/CD6/HLA-DQB1/CD3E/CD44/CD1D/NR4A3,Exploratory
Factor15,Positive,GO_Biological_Process,GO:0042981,regulation of apoptotic process,17/93,90/828,0.0158661896412012,0.174932320184199,17,PYCARD/TIMP1/SOCS3/CD3E/CD38/MMP9/S100A9/EGLN3/SPHK1/EGR1/CD44/ESR1/E2F1/PHLDA2/AURKB/CDKN2A/SERPINE1,Exploratory
Factor15,Positive,GO_Biological_Process,GO:0009893,positive regulation of metabolic process,30/93,188/828,0.0160004822498281,0.175296422623117,30,PYCARD/LY96/CD6/CD2/BATF/CD3E/CD38/MMP9/S100A9/DCXR/TLR2/EGLN3/SPHK1/IGHA1/EGR1/MLIP/DTX1/LIF/JCHAIN/MAPT/ESR1/IGHA2/MYOM1/E2F1/AURKB/CDKN2A/PKIB/SMOC2/SERPINE1/NR4A3,Exploratory
Factor15,Positive,GO_Biological_Process,GO:0006259,DNA metabolic process,9/93,37/828,0.016548435493725,0.179419545785203,9,BATF/CHAF1B/CDC6/SPHK1/AURKB/CDKN2A/PKIB/SMOC2/CCNE1,Exploratory
Factor15,Positive,GO_Biological_Process,GO:0050867,positive regulation of cell activation,8/93,31/828,0.0165841290153856,0.179419545785203,8,PYCARD/CD6/HLA-DQB1/CD2/CD3E/CD38/CD1D/NR4A3,Exploratory
Factor15,Positive,GO_Biological_Process,GO:0010557,positive regulation of macromolecule biosynthetic process,21/93,120/828,0.0174877278581639,0.187368600901977,21,PYCARD/LY96/CD6/CD2/BATF/CD3E/CD38/TLR2/SPHK1/EGR1/MLIP/DTX1/LIF/ESR1/MYOM1/E2F1/CDKN2A/PKIB/SMOC2/SERPINE1/NR4A3,Exploratory
Factor15,Positive,GO_Biological_Process,GO:0019219,regulation of nucleobase-containing compound metabolic process,23/93,135/828,0.0175353629960256,0.187368600901977,23,ETV7/PYCARD/BATF/CD38/S100A9/RASD1/CDC6/TLR2/SPHK1/EGR1/MLIP/DTX1/LIF/CDA/ESR1/E2F1/AURKB/CDKN2A/PKIB/SMOC2/CCNE1/SFN/NR4A3,Exploratory
Factor15,Positive,GO_Biological_Process,GO:1902105,regulation of leukocyte differentiation,6/93,20/828,0.0179534301633919,0.188637055604916,6,CD2/APCS/BATF/DTX1/LIF/CDKN2A,Exploratory
Factor15,Positive,GO_Biological_Process,GO:0019882,antigen processing and presentation,4/93,10/828,0.0184169049088567,0.188637055604916,4,PYCARD/RAB34/HLA-DQB1/CD1D,Exploratory
Factor15,Positive,GO_Biological_Process,GO:0032637,interleukin-8 production,4/93,10/828,0.0184169049088567,0.188637055604916,4,PYCARD/CD2/TLR2/SERPINE1,Exploratory
Factor15,Positive,GO_Biological_Process,GO:0032677,regulation of interleukin-8 production,4/93,10/828,0.0184169049088567,0.188637055604916,4,PYCARD/CD2/TLR2/SERPINE1,Exploratory
Factor15,Positive,GO_Biological_Process,GO:0032760,positive regulation of tumor necrosis factor production,4/93,10/828,0.0184169049088567,0.188637055604916,4,PYCARD/LY96/CD2/TLR2,Exploratory
Factor15,Positive,GO_Biological_Process,GO:0071478,cellular response to radiation,4/93,10/828,0.0184169049088567,0.188637055604916,4,TIMP1/MMP9/EGR1/AURKB,Exploratory
Factor15,Positive,GO_Biological_Process,GO:1903557,positive regulation of tumor necrosis factor superfamily cytokine production,4/93,10/828,0.0184169049088567,0.188637055604916,4,PYCARD/LY96/CD2/TLR2,Exploratory
Factor15,Positive,GO_Biological_Process,GO:0051253,negative regulation of RNA metabolic process,12/93,57/828,0.0188013433451641,0.1914419137087,12,ETV7/CD38/RASD1/EGR1/MLIP/ESR1/E2F1/AURKB/CDKN2A/CCNE1/SFN/NR4A3,Exploratory
Factor15,Positive,GO_Biological_Process,GO:0031400,negative regulation of protein modification process,5/93,15/828,0.01932091458532,0.194444785739471,5,PYCARD/MAPT/CDKN2A/PKIB/SFN,Exploratory
Factor15,Positive,GO_Biological_Process,GO:0048144,fibroblast proliferation,5/93,15/828,0.01932091458532,0.194444785739471,5,CDC6/SPHK1/LIF/ESR1/E2F1,Exploratory
Factor15,Positive,GO_Biological_Process,GO:0043067,regulation of programmed cell death,17/93,92/828,0.019690737194838,0.195949572645517,17,PYCARD/TIMP1/SOCS3/CD3E/CD38/MMP9/S100A9/EGLN3/SPHK1/EGR1/CD44/ESR1/E2F1/PHLDA2/AURKB/CDKN2A/SERPINE1,Exploratory
Factor15,Positive,GO_Biological_Process,GO:0001932,regulation of protein phosphorylation,9/93,38/828,0.0196968374583016,0.195949572645517,9,PYCARD/CD3E/MMP9/CDC6/SPHK1/LIF/CDKN2A/PKIB/SFN,Exploratory
Factor15,Positive,GO_Biological_Process,GO:0016049,cell growth,8/93,32/828,0.0200991504421536,0.196488463928038,8,CD38/S100A9/SPHK1/CDA/MAPT/OSGIN1/CDKN2A/SFN,Exploratory
Factor15,Positive,GO_Biological_Process,GO:0031399,regulation of protein modification process,11/93,51/828,0.0204290900749201,0.196488463928038,11,PYCARD/CD3E/MMP9/CDC6/SPHK1/EGR1/LIF/MAPT/CDKN2A/PKIB/SFN,Exploratory
Factor15,Positive,GO_Biological_Process,GO:0051336,regulation of hydrolase activity,11/93,51/828,0.0204290900749201,0.196488463928038,11,PYCARD/TIMP1/APCS/MMP9/S100A9/EGLN3/CD44/APOC3/MAPT/CDKN2A/SERPINE1,Exploratory
Factor15,Positive,GO_Biological_Process,GO:0001836,release of cytochrome c from mitochondria,3/93,6/828,0.0213401682371295,0.196488463928038,3,PYCARD/MMP9/SFN,Exploratory
Factor15,Positive,GO_Biological_Process,GO:0003094,glomerular filtration,3/93,6/828,0.0213401682371295,0.196488463928038,3,IGHA1/JCHAIN/IGHA2,Exploratory
Factor15,Positive,GO_Biological_Process,GO:0032609,type II interferon production,3/93,6/828,0.0213401682371295,0.196488463928038,3,PYCARD/CD2/CD3E,Exploratory
Factor15,Positive,GO_Biological_Process,GO:0032649,regulation of type II interferon production,3/93,6/828,0.0213401682371295,0.196488463928038,3,PYCARD/CD2/CD3E,Exploratory
Factor15,Positive,GO_Biological_Process,GO:0033077,T cell differentiation in thymus,3/93,6/828,0.0213401682371295,0.196488463928038,3,CD3D/CD3E/CDKN2A,Exploratory
Factor15,Positive,GO_Biological_Process,GO:0033157,regulation of intracellular protein transport,3/93,6/828,0.0213401682371295,0.196488463928038,3,INSIG1/CDKN2A/SFN,Exploratory
Factor15,Positive,GO_Biological_Process,GO:0038061,non-canonical NF-kappaB signal transduction,3/93,6/828,0.0213401682371295,0.196488463928038,3,PYCARD/TLR2/SPHK1,Exploratory
Factor15,Positive,GO_Biological_Process,GO:0051055,negative regulation of lipid biosynthetic process,3/93,6/828,0.0213401682371295,0.196488463928038,3,INSIG1/SPHK1/APOC3,Exploratory
Factor15,Positive,GO_Biological_Process,GO:0072332,intrinsic apoptotic signaling pathway by p53 class mediator,3/93,6/828,0.0213401682371295,0.196488463928038,3,PYCARD/CD44/E2F1,Exploratory
Factor15,Positive,GO_Biological_Process,GO:0097205,renal filtration,3/93,6/828,0.0213401682371295,0.196488463928038,3,IGHA1/JCHAIN/IGHA2,Exploratory
Factor15,Positive,GO_Biological_Process,GO:0098581,detection of external biotic stimulus,3/93,6/828,0.0213401682371295,0.196488463928038,3,LY96/TLR2/CD1D,Exploratory
Factor15,Positive,GO_Biological_Process,GO:0031326,regulation of cellular biosynthetic process,32/93,208/828,0.0216348053828475,0.198147344538143,32,ETV7/PYCARD/LY96/CD6/CD2/BATF/CD3E/INSIG1/CD38/S100A9/RASD1/TLR2/SPHK1/EGR1/MLIP/DTX1/LIF/APOC3/MAPT/ESR1/IGHM/MYOM1/E2F1/PHLDA2/AURKB/CDKN2A/PKIB/SMOC2/SERPINE1/CCNE1/SFN/NR4A3,Exploratory
Factor15,Positive,GO_Biological_Process,GO:0032101,regulation of response to external stimulus,14/93,72/828,0.0224463768310121,0.203266724073466,14,PYCARD/LY96/APCS/SOCS3/MMP9/S100A9/TLR2/SPHK1/ESR1/AURKB/SMOC2/CD1D/SERPINE1/SFN,Exploratory
Factor15,Positive,GO_Biological_Process,GO:0065009,regulation of molecular function,19/93,108/828,0.0227750793414719,0.203266724073466,19,PYCARD/TIMP1/APCS/MMP9/S100A9/CDC6/TLR2/EGLN3/SPHK1/CD44/APOC3/HP/MAPT/ESR1/E2F1/CDKN2A/PKIB/SERPINE1/SFN,Exploratory
Factor15,Positive,GO_Biological_Process,GO:0006956,complement activation,6/93,21/828,0.0228983311347925,0.203266724073466,6,IGHA1/IGHG2/IGHM/IGHA2/IGHG3/IGHG1,Exploratory
Factor15,Positive,GO_Biological_Process,GO:0070661,leukocyte proliferation,6/93,21/828,0.0228983311347925,0.203266724073466,6,PYCARD/CD6/CD3E/CD38/CDKN2A/CD1D,Exploratory
Factor15,Positive,GO_Biological_Process,GO:0097193,intrinsic apoptotic signaling pathway,6/93,21/828,0.0228983311347925,0.203266724073466,6,PYCARD/MMP9/S100A9/CD44/E2F1/SFN,Exploratory
Factor15,Positive,GO_Biological_Process,GO:1903706,regulation of hemopoiesis,6/93,21/828,0.0228983311347925,0.203266724073466,6,CD2/APCS/BATF/DTX1/LIF/CDKN2A,Exploratory
Factor15,Positive,GO_Biological_Process,GO:0032103,positive regulation of response to external stimulus,9/93,39/828,0.0232607753446163,0.203601559396887,9,PYCARD/LY96/S100A9/TLR2/ESR1/AURKB/SMOC2/CD1D/SERPINE1,Exploratory
Factor15,Positive,GO_Biological_Process,GO:0097190,apoptotic signaling pathway,9/93,39/828,0.0232607753446163,0.203601559396887,9,PYCARD/CD3E/CD38/MMP9/S100A9/CD44/E2F1/SERPINE1/SFN,Exploratory
Factor15,Positive,GO_Biological_Process,GO:0010556,regulation of macromolecule biosynthetic process,30/93,193/828,0.0233157163930994,0.203601559396887,30,ETV7/PYCARD/LY96/CD6/CD2/BATF/CD3E/CD38/S100A9/RASD1/TLR2/SPHK1/EGR1/MLIP/DTX1/LIF/MAPT/ESR1/IGHM/MYOM1/E2F1/PHLDA2/AURKB/CDKN2A/PKIB/SMOC2/SERPINE1/CCNE1/SFN/NR4A3,Exploratory
Factor15,Positive,GO_Biological_Process,GO:0090304,nucleic acid metabolic process,24/93,146/828,0.023406533980347,0.203601559396887,24,ETV7/PYCARD/BATF/CHAF1B/CD38/S100A9/RASD1/CDC6/TLR2/SPHK1/EGR1/MLIP/DTX1/LIF/MAPT/ESR1/E2F1/AURKB/CDKN2A/PKIB/SMOC2/CCNE1/SFN/NR4A3,Exploratory
Factor15,Positive,GO_Biological_Process,GO:0006915,apoptotic process,20/93,116/828,0.0240438786993301,0.207702196782789,20,PYCARD/TIMP1/CD2/SOCS3/CD3E/CD38/MMP9/S100A9/TLR2/EGLN3/SPHK1/EGR1/CD44/ESR1/E2F1/PHLDA2/AURKB/CDKN2A/SERPINE1/SFN,Exploratory
Factor15,Positive,GO_Biological_Process,GO:0032496,response to lipopolysaccharide,8/93,33/828,0.0241179327286774,0.207702196782789,8,PYCARD/LY96/CD6/MMP9/TLR2/CXCL9/E2F1/SERPINE1,Exploratory
Factor15,Positive,GO_Biological_Process,GO:0141187,nucleic acid biosynthetic process,21/93,124/828,0.0251408759074919,0.215439882157765,21,ETV7/PYCARD/BATF/CD38/S100A9/RASD1/TLR2/SPHK1/EGR1/MLIP/DTX1/LIF/ESR1/E2F1/AURKB/CDKN2A/PKIB/SMOC2/CCNE1/SFN/NR4A3,Exploratory
Factor15,Positive,GO_Biological_Process,GO:0007005,mitochondrion organization,5/93,16/828,0.0256513892804708,0.217659582571054,5,PYCARD/MMP9/MAPT/CDKN2A/SFN,Exploratory
Factor15,Positive,GO_Biological_Process,GO:0045927,positive regulation of growth,5/93,16/828,0.0256513892804708,0.217659582571054,5,CD38/S100A9/SPHK1/MAPT/SFN,Exploratory
Factor15,Positive,GO_Biological_Process,GO:0001933,negative regulation of protein phosphorylation,4/93,11/828,0.0264881255970143,0.221502151731554,4,PYCARD/CDKN2A/PKIB/SFN,Exploratory
Factor15,Positive,GO_Biological_Process,GO:0010951,negative regulation of endopeptidase activity,4/93,11/828,0.0264881255970143,0.221502151731554,4,TIMP1/MMP9/CD44/SERPINE1,Exploratory
Factor15,Positive,GO_Biological_Process,GO:0050764,regulation of phagocytosis,4/93,11/828,0.0264881255970143,0.221502151731554,4,PYCARD/SYT7/TLR2/SPHK1,Exploratory
Factor15,Positive,GO_Biological_Process,GO:0009889,regulation of biosynthetic process,32/93,211/828,0.0266860710834452,0.222084562718479,32,ETV7/PYCARD/LY96/CD6/CD2/BATF/CD3E/INSIG1/CD38/S100A9/RASD1/TLR2/SPHK1/EGR1/MLIP/DTX1/LIF/APOC3/MAPT/ESR1/IGHM/MYOM1/E2F1/PHLDA2/AURKB/CDKN2A/PKIB/SMOC2/SERPINE1/CCNE1/SFN/NR4A3,Exploratory
Factor15,Positive,GO_Biological_Process,GO:0000122,negative regulation of transcription by RNA polymerase II,9/93,40/828,0.0272670909006172,0.225834135640997,9,ETV7/EGR1/MLIP/ESR1/E2F1/AURKB/CCNE1/SFN/NR4A3,Exploratory
Factor15,Positive,GO_Biological_Process,GO:0002237,response to molecule of bacterial origin,8/93,34/828,0.0286733303567981,0.23239342222207,8,PYCARD/LY96/CD6/MMP9/TLR2/CXCL9/E2F1/SERPINE1,Exploratory
Factor15,Positive,GO_Biological_Process,GO:0061024,membrane organization,8/93,34/828,0.0286733303567981,0.23239342222207,8,RAB34/CD2/INSIG1/SYT7/SPHK1/TTPA/NRXN2/AURKB,Exploratory
Factor15,Positive,GO_Biological_Process,GO:0070201,regulation of establishment of protein localization,8/93,34/828,0.0286733303567981,0.23239342222207,8,INSIG1/CD38/SYT7/TLR2/MAPT/MYOM1/CDKN2A/SFN,Exploratory
Factor15,Positive,GO_Biological_Process,GO:0008219,cell death,20/93,118/828,0.028730324873208,0.23239342222207,20,PYCARD/TIMP1/CD2/SOCS3/CD3E/CD38/MMP9/S100A9/TLR2/EGLN3/SPHK1/EGR1/CD44/ESR1/E2F1/PHLDA2/AURKB/CDKN2A/SERPINE1/SFN,Exploratory
Factor15,Positive,GO_Biological_Process,GO:0012501,programmed cell death,20/93,118/828,0.028730324873208,0.23239342222207,20,PYCARD/TIMP1/CD2/SOCS3/CD3E/CD38/MMP9/S100A9/TLR2/EGLN3/SPHK1/EGR1/CD44/ESR1/E2F1/PHLDA2/AURKB/CDKN2A/SERPINE1/SFN,Exploratory
Factor15,Positive,GO_Biological_Process,GO:0006959,humoral immune response,10/93,47/828,0.0293877341227226,0.235510035955708,10,HLA-DQB1/S100A9/IGHA1/CXCL9/JCHAIN/IGHG2/IGHM/IGHA2/IGHG3/IGHG1,Exploratory
Factor15,Positive,GO_Biological_Process,GO:0051248,negative regulation of protein metabolic process,10/93,47/828,0.0293877341227226,0.235510035955708,10,PYCARD/TIMP1/APCS/MMP9/CD44/MAPT/CDKN2A/PKIB/SERPINE1/SFN,Exploratory
Factor15,Positive,GO_Biological_Process,GO:0006355,regulation of DNA-templated transcription,19/93,111/828,0.0300151019918043,0.239429223722641,19,ETV7/PYCARD/BATF/CD38/S100A9/RASD1/TLR2/SPHK1/EGR1/MLIP/DTX1/LIF/ESR1/E2F1/AURKB/CDKN2A/CCNE1/SFN/NR4A3,Exploratory
Factor15,Positive,GO_Biological_Process,GO:0034654,nucleobase-containing compound biosynthetic process,22/93,134/828,0.030764147198443,0.243255535485555,22,ETV7/PYCARD/BATF/CD38/S100A9/RASD1/TLR2/SPHK1/EGR1/MLIP/DTX1/LIF/CDA/ESR1/E2F1/AURKB/CDKN2A/PKIB/SMOC2/CCNE1/SFN/NR4A3,Exploratory
Factor15,Positive,GO_Biological_Process,GO:0051239,regulation of multicellular organismal process,31/93,205/828,0.0307758303127306,0.243255535485555,31,PYCARD/LY96/TIMP1/CD6/HLA-DQB1/CD2/APCS/BATF/CD3E/CD38/MMP9/SYT7/S100A9/TLR2/SPHK1/EGR1/MLIP/DTX1/LIF/APOC3/MAPT/ESR1/FGL1/TTPA/PHLDA2/CDKN2A/SMOC2/CD1D/SERPINE1/SFN/NR4A3,Exploratory
Factor15,Positive,GO_Biological_Process,GO:0045595,regulation of cell differentiation,17/93,97/828,0.032390315966972,0.251875038888131,17,CD2/APCS/BATF/SOCS3/INSIG1/MMP9/TLR2/CXCL9/DTX1/LIF/MAPT/TTPA/E2F1/CDKN2A/SERPINE1/CTHRC1/SFN,Exploratory
Factor15,Positive,GO_Biological_Process,GO:0060255,regulation of macromolecule metabolic process,36/93,247/828,0.0328728349569777,0.251875038888131,36,ETV7/PYCARD/LY96/TIMP1/CD6/CD2/APCS/BATF/CD3E/CD38/MMP9/S100A9/RASD1/CDC6/TLR2/EGLN3/SPHK1/EGR1/MLIP/CD44/DTX1/LIF/MAPT/ESR1/IGHM/MYOM1/E2F1/PHLDA2/AURKB/CDKN2A/PKIB/SMOC2/SERPINE1/CCNE1/SFN/NR4A3,Exploratory
Factor15,Positive,GO_Biological_Process,GO:0002573,myeloid leukocyte differentiation,5/93,17/828,0.0331772738113233,0.251875038888131,5,APCS/BATF/MMP9/TLR2/LIF,Exploratory
Factor15,Positive,GO_Biological_Process,GO:0006909,phagocytosis,5/93,17/828,0.0331772738113233,0.251875038888131,5,PYCARD/RAB34/SYT7/TLR2/SPHK1,Exploratory
Factor15,Positive,GO_Biological_Process,GO:0010468,regulation of gene expression,28/93,182/828,0.0332169474509098,0.251875038888131,28,ETV7/PYCARD/LY96/CD6/CD2/BATF/CD3E/CD38/S100A9/RASD1/TLR2/SPHK1/EGR1/MLIP/DTX1/LIF/MAPT/ESR1/IGHM/MYOM1/E2F1/PHLDA2/AURKB/CDKN2A/SERPINE1/CCNE1/SFN/NR4A3,Exploratory
Factor15,Positive,GO_Biological_Process,GO:0001909,leukocyte mediated cytotoxicity,3/93,7/828,0.0343368706608606,0.251875038888131,3,CD2/CD1D/IGHG1,Exploratory
Factor15,Positive,GO_Biological_Process,GO:0007566,embryo implantation,3/93,7/828,0.0343368706608606,0.251875038888131,3,TIMP1/MMP9/LIF,Exploratory
Factor15,Positive,GO_Biological_Process,GO:0009595,detection of biotic stimulus,3/93,7/828,0.0343368706608606,0.251875038888131,3,LY96/TLR2/CD1D,Exploratory
Factor15,Positive,GO_Biological_Process,GO:0030330,"DNA damage response, signal transduction by p53 class mediator",3/93,7/828,0.0343368706608606,0.251875038888131,3,BATF/CD44/CDKN2A,Exploratory
Factor15,Positive,GO_Biological_Process,GO:0034113,heterotypic cell-cell adhesion,3/93,7/828,0.0343368706608606,0.251875038888131,3,CD2/CD44/CD1D,Exploratory
Factor15,Positive,GO_Biological_Process,GO:0034644,cellular response to UV,3/93,7/828,0.0343368706608606,0.251875038888131,3,TIMP1/MMP9/AURKB,Exploratory
Factor15,Positive,GO_Biological_Process,GO:0043433,negative regulation of DNA-binding transcription factor activity,3/93,7/828,0.0343368706608606,0.251875038888131,3,PYCARD/ESR1/CDKN2A,Exploratory
Factor15,Positive,GO_Biological_Process,GO:1901796,regulation of signal transduction by p53 class mediator,3/93,7/828,0.0343368706608606,0.251875038888131,3,CD44/AURKB/CDKN2A,Exploratory
Factor15,Positive,GO_Biological_Process,GO:1901875,positive regulation of post-translational protein modification,3/93,7/828,0.0343368706608606,0.251875038888131,3,SPHK1/EGR1/CDKN2A,Exploratory
Factor15,Positive,GO_Biological_Process,GO:0019220,regulation of phosphate metabolic process,11/93,55/828,0.0348369793066059,0.251875038888131,11,PYCARD/CD3E/MMP9/CDC6/SPHK1/LIF/CDA/MAPT/CDKN2A/PKIB/SFN,Exploratory
Factor15,Positive,GO_Biological_Process,GO:0051174,regulation of phosphorus metabolic process,11/93,55/828,0.0348369793066059,0.251875038888131,11,PYCARD/CD3E/MMP9/CDC6/SPHK1/LIF/CDA/MAPT/CDKN2A/PKIB/SFN,Exploratory
Factor15,Positive,GO_Biological_Process,GO:0032501,multicellular organismal process,57/93,430/828,0.0349592232095083,0.251875038888131,57,F2RL3/CD3D/TRBC1/PYCARD/TRBC2/LY96/TIMP1/CD6/HLA-DQB1/CD2/APCS/TRAC/BATF/SOCS3/CD3E/INSIG1/CD38/MMP9/TMPRSS3/SYT7/S100A9/B3GNT5/TLR2/SPHK1/IGHA1/EGR1/MLIP/CD44/DTX1/LIF/JCHAIN/APOC3/LPA/HMCN1/MAPT/ESR1/IGHM/FGL1/IGHA2/TTPA/SELENOM/NRSN2/MYOM1/E2F1/CLRN3/HMCN2/COL4A4/PHLDA2/NRXN2/AURKB/CDKN2A/SMOC2/CD1D/SERPINE1/CTHRC1/SFN/NR4A3,Exploratory
Factor15,Positive,GO_Biological_Process,GO:0051223,regulation of protein transport,7/93,29/828,0.0352083442874815,0.251875038888131,7,INSIG1/CD38/SYT7/TLR2/MYOM1/CDKN2A/SFN,Exploratory
Factor15,Positive,GO_Biological_Process,GO:0048568,embryonic organ development,6/93,23/828,0.035373552550617,0.251875038888131,6,SOCS3/INSIG1/LIF/TTPA/PHLDA2/CTHRC1,Exploratory
Factor15,Positive,GO_Biological_Process,GO:0051251,positive regulation of lymphocyte activation,6/93,23/828,0.035373552550617,0.251875038888131,6,PYCARD/CD6/HLA-DQB1/CD3E/CD38/CD1D,Exploratory
Factor15,Positive,GO_Biological_Process,GO:0006351,DNA-templated transcription,19/93,113/828,0.0357390560691325,0.251875038888131,19,ETV7/PYCARD/BATF/CD38/S100A9/RASD1/TLR2/SPHK1/EGR1/MLIP/DTX1/LIF/ESR1/E2F1/AURKB/CDKN2A/CCNE1/SFN/NR4A3,Exploratory
Factor15,Positive,GO_Biological_Process,GO:2001141,regulation of RNA biosynthetic process,19/93,113/828,0.0357390560691325,0.251875038888131,19,ETV7/PYCARD/BATF/CD38/S100A9/RASD1/TLR2/SPHK1/EGR1/MLIP/DTX1/LIF/ESR1/E2F1/AURKB/CDKN2A/CCNE1/SFN/NR4A3,Exploratory
Factor15,Positive,GO_Biological_Process,GO:0001890,placenta development,4/93,12/828,0.036377099781648,0.251875038888131,4,SOCS3/LIF/TTPA/PHLDA2,Exploratory
Factor15,Positive,GO_Biological_Process,GO:0032640,tumor necrosis factor production,4/93,12/828,0.036377099781648,0.251875038888131,4,PYCARD/LY96/CD2/TLR2,Exploratory
Factor15,Positive,GO_Biological_Process,GO:0032680,regulation of tumor necrosis factor production,4/93,12/828,0.036377099781648,0.251875038888131,4,PYCARD/LY96/CD2/TLR2,Exploratory
Factor15,Positive,GO_Biological_Process,GO:0045580,regulation of T cell differentiation,4/93,12/828,0.036377099781648,0.251875038888131,4,CD2/BATF/DTX1/CDKN2A,Exploratory
Factor15,Positive,GO_Biological_Process,GO:0050729,positive regulation of inflammatory response,4/93,12/828,0.036377099781648,0.251875038888131,4,PYCARD/S100A9/TLR2/SERPINE1,Exploratory
Factor15,Positive,GO_Biological_Process,GO:0051651,maintenance of location in cell,4/93,12/828,0.036377099781648,0.251875038888131,4,F2RL3/INSIG1/S100A9/CXCL9,Exploratory
Factor15,Positive,GO_Biological_Process,GO:0071706,tumor necrosis factor superfamily cytokine production,4/93,12/828,0.036377099781648,0.251875038888131,4,PYCARD/LY96/CD2/TLR2,Exploratory
Factor15,Positive,GO_Biological_Process,GO:1903555,regulation of tumor necrosis factor superfamily cytokine production,4/93,12/828,0.036377099781648,0.251875038888131,4,PYCARD/LY96/CD2/TLR2,Exploratory
Factor15,Positive,GO_Biological_Process,GO:2001242,regulation of intrinsic apoptotic signaling pathway,4/93,12/828,0.036377099781648,0.251875038888131,4,PYCARD/MMP9/S100A9/CD44,Exploratory
Factor15,Positive,GO_Biological_Process,GO:0031328,positive regulation of cellular biosynthetic process,21/93,129/828,0.0381126294945637,0.262840484681633,21,PYCARD/LY96/CD6/CD2/BATF/CD3E/CD38/TLR2/SPHK1/EGR1/MLIP/DTX1/LIF/ESR1/MYOM1/E2F1/CDKN2A/PKIB/SMOC2/SERPINE1/NR4A3,Exploratory
Factor15,Positive,GO_Biological_Process,GO:0008283,cell population proliferation,23/93,145/828,0.0396642478974882,0.272455607581556,23,PYCARD/TIMP1/CD6/CD3E/CD38/MMP9/CDC6/TLR2/EGLN3/SPHK1/EGR1/CXCL9/LIF/ESR1/FGL1/E2F1/PHLDA2/CDKN2A/CD1D/CCNE1/CTHRC1/SFN/NR4A3,Exploratory
Factor15,Positive,GO_Biological_Process,GO:0010638,positive regulation of organelle organization,7/93,30/828,0.0418036825979878,0.28019457393943,7,PYCARD/MMP9/SYT7/SPHK1/MAPT/AURKB/PKIB,Exploratory
Factor15,Positive,GO_Biological_Process,GO:0022409,positive regulation of cell-cell adhesion,7/93,30/828,0.0418036825979878,0.28019457393943,7,PYCARD/CD6/HLA-DQB1/CD3E/CD44/CD1D/NR4A3,Exploratory
Factor15,Positive,GO_Biological_Process,GO:0043434,response to peptide hormone,7/93,30/828,0.0418036825979878,0.28019457393943,7,TIMP1/SOCS3/INSIG1/CDC6/TLR2/EGR1/NR4A3,Exploratory
Factor15,Positive,GO_Biological_Process,GO:0009895,negative regulation of catabolic process,5/93,18/828,0.0419509290108593,0.28019457393943,5,TIMP1/APOC3/HP/E2F1/CDKN2A,Exploratory
Factor15,Positive,GO_Biological_Process,GO:0030099,myeloid cell differentiation,5/93,18/828,0.0419509290108593,0.28019457393943,5,APCS/BATF/MMP9/TLR2/LIF,Exploratory
Factor15,Positive,GO_Biological_Process,GO:0045862,positive regulation of proteolysis,5/93,18/828,0.0419509290108593,0.28019457393943,5,PYCARD/S100A9/EGLN3/MAPT/CDKN2A,Exploratory
Factor15,Positive,GO_Biological_Process,GO:0030162,regulation of proteolysis,9/93,43/828,0.0421847141892929,0.28019457393943,9,PYCARD/TIMP1/MMP9/S100A9/EGLN3/CD44/MAPT/CDKN2A/SERPINE1,Exploratory
Factor15,Positive,GO_Biological_Process,GO:0036211,protein modification process,19/93,115/828,0.0422477087222364,0.28019457393943,19,PYCARD/SOCS3/CD3E/MMP9/S100A9/B3GNT5/CDC6/TLR2/EGLN3/SPHK1/EGR1/DTX1/LIF/MAPT/AURKB/CDKN2A/PKIB/CCNE1/SFN,Exploratory
Factor15,Positive,GO_Biological_Process,GO:0043412,macromolecule modification,19/93,115/828,0.0422477087222364,0.28019457393943,19,PYCARD/SOCS3/CD3E/MMP9/S100A9/B3GNT5/CDC6/TLR2/EGLN3/SPHK1/EGR1/DTX1/LIF/MAPT/AURKB/CDKN2A/PKIB/CCNE1/SFN,Exploratory
Factor15,Positive,GO_Biological_Process,GO:0051246,regulation of protein metabolic process,17/93,100/828,0.0425105378134165,0.280861606698565,17,PYCARD/TIMP1/APCS/CD3E/MMP9/S100A9/CDC6/EGLN3/SPHK1/EGR1/CD44/LIF/MAPT/CDKN2A/PKIB/SERPINE1/SFN,Exploratory
Factor15,Positive,GO_Biological_Process,GO:0030100,regulation of endocytosis,6/93,24/828,0.0429920157712078,0.282962658935212,6,PYCARD/SYT7/TLR2/SPHK1/APOC3/SERPINE1,Exploratory
Factor15,Positive,GO_Biological_Process,GO:0031325,positive regulation of cellular metabolic process,24/93,154/828,0.0431710965328123,0.283065030675371,24,PYCARD/LY96/CD6/CD2/BATF/CD3E/CD38/MMP9/DCXR/TLR2/SPHK1/EGR1/MLIP/DTX1/LIF/MAPT/ESR1/MYOM1/E2F1/CDKN2A/PKIB/SMOC2/SERPINE1/NR4A3,Exploratory
Factor15,Positive,GO_Biological_Process,GO:0006139,nucleobase-containing compound metabolic process,28/93,186/828,0.0435636945833846,0.284561340844675,28,ETV7/PYCARD/BATF/CHAF1B/CD38/S100A9/RASD1/CDC6/DCXR/TLR2/SPHK1/EGR1/ALDOC/MLIP/DTX1/ACSM2A/LIF/CDA/MAPT/ESR1/E2F1/AURKB/CDKN2A/PKIB/SMOC2/CCNE1/SFN/NR4A3,Exploratory
Factor15,Positive,GO_Biological_Process,GO:0080090,regulation of primary metabolic process,34/93,236/828,0.0461798999985604,0.300516567283865,34,ETV7/PYCARD/TIMP1/APCS/BATF/CD3E/INSIG1/CD38/MMP9/S100A9/RASD1/CDC6/TLR2/EGLN3/SPHK1/EGR1/MLIP/CD44/DTX1/LIF/APOC3/CDA/MAPT/ESR1/E2F1/PHLDA2/AURKB/CDKN2A/PKIB/SMOC2/SERPINE1/CCNE1/SFN/NR4A3,Exploratory
Factor15,Positive,GO_Biological_Process,GO:0000082,G1/S transition of mitotic cell cycle,4/93,13/828,0.0481242962395382,0.308030427520481,4,CDC6/E2F1/CDKN2A/CCNE1,Exploratory
Factor15,Positive,GO_Biological_Process,GO:0042770,signal transduction in response to DNA damage,4/93,13/828,0.0481242962395382,0.308030427520481,4,BATF/CD44/E2F1/CDKN2A,Exploratory
Factor15,Positive,GO_Biological_Process,GO:0045619,regulation of lymphocyte differentiation,4/93,13/828,0.0481242962395382,0.308030427520481,4,CD2/BATF/DTX1/CDKN2A,Exploratory
Factor15,Positive,GO_Biological_Process,GO:0010558,negative regulation of macromolecule biosynthetic process,16/93,94/828,0.0483249646735695,0.308030427520481,16,ETV7/PYCARD/CD3E/CD38/RASD1/EGR1/MLIP/MAPT/ESR1/E2F1/AURKB/CDKN2A/SERPINE1/CCNE1/SFN/NR4A3,Exploratory
Factor15,Positive,GO_Biological_Process,GO:1901701,cellular response to oxygen-containing compound,16/93,94/828,0.0483249646735695,0.308030427520481,16,PYCARD/LY96/CD6/SOCS3/INSIG1/MMP9/CDC6/TLR2/SPHK1/EGR1/CXCL9/GNAL/MAPT/ESR1/SERPINE1/NR4A3,Exploratory
Factor15,Positive,GO_Biological_Process,GO:0006468,protein phosphorylation,12/93,65/828,0.0492242287612416,0.308030427520481,12,PYCARD/CD3E/MMP9/CDC6/TLR2/SPHK1/LIF/AURKB/CDKN2A/PKIB/CCNE1/SFN,Exploratory
Factor15,Positive,GO_Biological_Process,GO:0051252,regulation of RNA metabolic process,19/93,117/828,0.0495953700491241,0.308030427520481,19,ETV7/PYCARD/BATF/CD38/S100A9/RASD1/TLR2/SPHK1/EGR1/MLIP/DTX1/LIF/ESR1/E2F1/AURKB/CDKN2A/CCNE1/SFN/NR4A3,Exploratory
Factor15,Positive,KEGG_Pathway,hsa04640,Hematopoietic cell lineage,7/51,12/493,4.50870447968201e-05,0.00304337552378536,7,CD3D/HLA-DQB1/CD2/CD3E/CD38/CD44/CD1D,Robust Supported
Factor15,Positive,KEGG_Pathway,hsa05169,Epstein-Barr virus infection,7/51,12/493,4.50870447968201e-05,0.00304337552378536,7,CD3D/HLA-DQB1/CD3E/TLR2/CD44/E2F1/CCNE1,Robust Supported
Factor15,Positive,KEGG_Pathway,hsa05166,Human T-cell leukemia virus 1 infection,7/51,15/493,0.000285821916804396,0.0128619862561978,7,CD3D/HLA-DQB1/CD3E/EGR1/E2F1/CDKN2A/CCNE1,Robust Supported
Factor15,Positive,KEGG_Pathway,hsa05162,Measles,4/51,5/493,0.00047436277783522,0.0160097437519387,4,CD3D/CD3E/TLR2/CCNE1,Exploratory
Factor15,Positive,KEGG_Pathway,hsa05235,PD-L1 expression and PD-1 checkpoint pathway in cancer,4/51,7/493,0.00283082040403196,0.0764321509088629,4,CD3D/BATF/CD3E/TLR2,Exploratory
Factor15,Positive,KEGG_Pathway,hsa05142,Chagas disease,5/51,13/493,0.00662030183944701,0.142428687383431,5,CD3D/CD3E/TLR2/GNAL/SERPINE1,Exploratory
Factor15,Positive,KEGG_Pathway,hsa04066,HIF-1 signaling pathway,4/51,9/493,0.00869368412465414,0.142428687383431,4,TIMP1/EGLN3/ALDOC/SERPINE1,Exploratory
Factor15,Positive,KEGG_Pathway,hsa05168,Herpes simplex virus 1 infection,3/51,5/493,0.00900926727691185,0.142428687383431,3,HLA-DQB1/SOCS3/TLR2,Exploratory
Factor15,Positive,KEGG_Pathway,hsa05206,MicroRNAs in cancer,5/51,14/493,0.00949524582556205,0.142428687383431,5,MMP9/CD44/E2F1/CDKN2A/CCNE1,Exploratory
Factor15,Positive,KEGG_Pathway,hsa04115,p53 signaling pathway,4/51,10/493,0.0133863515987564,0.150342056755206,4,CDKN2A/SERPINE1/CCNE1/SFN,Exploratory
Factor15,Positive,KEGG_Pathway,hsa04658,Th1 and Th2 cell differentiation,3/51,6/493,0.0167046729728006,0.150342056755206,3,CD3D/HLA-DQB1/CD3E,Exploratory
Factor15,Positive,KEGG_Pathway,hsa04659,Th17 cell differentiation,3/51,6/493,0.0167046729728006,0.150342056755206,3,CD3D/HLA-DQB1/CD3E,Exploratory
Factor15,Positive,KEGG_Pathway,hsa05012,Parkinson disease,3/51,6/493,0.0167046729728006,0.150342056755206,3,GNAL/MAPT/SLC39A4,Exploratory
Factor15,Positive,KEGG_Pathway,hsa05164,Influenza A,3/51,6/493,0.0167046729728006,0.150342056755206,3,PYCARD/HLA-DQB1/SOCS3,Exploratory
Factor15,Positive,KEGG_Pathway,hsa05219,Bladder cancer,3/51,6/493,0.0167046729728006,0.150342056755206,3,MMP9/E2F1/CDKN2A,Exploratory
Factor15,Positive,KEGG_Pathway,hsa04110,Cell cycle,6/51,22/493,0.018596951141097,0.156911775253006,6,CDC6/E2F1/AURKB/CDKN2A/CCNE1/SFN,Exploratory
Factor15,Positive,KEGG_Pathway,hsa01522,Endocrine resistance,4/51,12/493,0.0269472380424208,0.192624127574521,4,MMP9/ESR1/E2F1/CDKN2A,Exploratory
Factor15,Positive,KEGG_Pathway,hsa05161,Hepatitis B,4/51,12/493,0.0269472380424208,0.192624127574521,4,MMP9/TLR2/E2F1/CCNE1,Exploratory
Factor15,Positive,KEGG_Pathway,hsa05152,Tuberculosis,3/51,7/493,0.0271100623993771,0.192624127574521,3,HLA-DQB1/TLR2/SPHK1,Exploratory
Factor15,Positive,KEGG_Pathway,hsa05200,Pathways in cancer,8/51,38/493,0.031799610101461,0.214647368184862,8,F2RL3/MMP9/EGLN3/ESR1/E2F1/COL4A4/CDKN2A/CCNE1,Exploratory
Factor15,Positive,KEGG_Pathway,hsa04514,Cell adhesion molecule (CAM) interaction,4/51,13/493,0.0359814319104091,0.231309205138344,4,CD6/HLA-DQB1/CD2/NRXN2,Exploratory
Factor15,Positive,KEGG_Pathway,hsa05222,Small cell lung cancer,3/51,8/493,0.0402388377005638,0.246920140435278,3,E2F1/COL4A4/CCNE1,Exploratory
Factor15,Negative,GO_Biological_Process,GO:0006109,regulation of carbohydrate metabolic process,9/86,24/828,0.000330502040846134,0.517329825579169,9,UGT1A4/PDK4/UGT1A6/PRKAA2/UGT1A1/GPT/GPD1/UGT1A9/SLC4A4,Exploratory
Factor15,Negative,GO_Biological_Process,GO:0052695,cellular glucuronidation,5/86,9/828,0.000973341715600194,0.517329825579169,5,UGT1A4/UGT1A6/UGT1A1/UGT1A9/UGT2A3,Exploratory
Factor15,Negative,GO_Biological_Process,GO:0006063,uronic acid metabolic process,5/86,10/828,0.0017880538188622,0.517329825579169,5,UGT1A4/UGT1A6/UGT1A1/UGT1A9/UGT2A3,Exploratory
Factor15,Negative,GO_Biological_Process,GO:0019585,glucuronate metabolic process,5/86,10/828,0.0017880538188622,0.517329825579169,5,UGT1A4/UGT1A6/UGT1A1/UGT1A9/UGT2A3,Exploratory
Factor15,Negative,GO_Biological_Process,GO:0009063,amino acid catabolic process,7/86,19/828,0.00183125601974927,0.517329825579169,7,AASS/AMDHD1/GPT/PRODH2/CBS/HOGA1/AADAT,Exploratory
Factor15,Negative,GO_Biological_Process,GO:1901606,alpha-amino acid catabolic process,7/86,19/828,0.00183125601974927,0.517329825579169,7,AASS/AMDHD1/GPT/PRODH2/CBS/HOGA1/AADAT,Exploratory
Factor15,Negative,GO_Biological_Process,GO:0007015,actin filament organization,8/86,25/828,0.00241887981051132,0.554606216546353,8,BAIAP2L2/PPP1R9A/FAM171A1/SPTBN2/TRPV4/F2RL1/WIPF3/AMOT,Exploratory
Factor15,Negative,GO_Biological_Process,GO:0045912,negative regulation of carbohydrate metabolic process,4/86,7/828,0.00298252332527072,0.554606216546353,4,UGT1A4/UGT1A6/UGT1A1/UGT1A9,Exploratory
Factor15,Negative,GO_Biological_Process,GO:0034330,cell junction organization,12/86,50/828,0.00324513069439457,0.554606216546353,12,DSG1/THBS1/PKHD1/SPTBN2/TRPV4/F2RL1/HOMER1/ELFN1/ANK3/AMOT/PTPRS/SLC1A1,Exploratory
Factor15,Negative,GO_Biological_Process,GO:0170035,L-amino acid catabolic process,6/86,16/828,0.0035992143846666,0.554606216546353,6,AASS/AMDHD1/GPT/PRODH2/CBS/AADAT,Exploratory
Factor15,Negative,GO_Biological_Process,GO:0170040,proteinogenic amino acid catabolic process,6/86,16/828,0.0035992143846666,0.554606216546353,6,AASS/AMDHD1/GPT/PRODH2/CBS/AADAT,Exploratory
Factor15,Negative,GO_Biological_Process,GO:0005975,carbohydrate metabolic process,11/86,45/828,0.00417666957604221,0.589954577615962,11,UGT1A4/PDK4/UGT1A6/PRKAA2/UGT1A1/CHST9/FUT6/GPT/GPD1/UGT1A9/SLC4A4,Exploratory
Factor15,Negative,GO_Biological_Process,GO:0062012,regulation of small molecule metabolic process,10/86,40/828,0.00533504650525222,0.665166469415948,10,UGT1A4/PDK4/UGT1A6/SEC14L2/PRKAA2/UGT1A1/GPT/GPD1/UGT1A9/SLC4A4,Exploratory
Factor15,Negative,GO_Biological_Process,GO:0098876,vesicle-mediated transport to the plasma membrane,4/86,8/828,0.00549400033735886,0.665166469415948,4,CPLX1/ANK3/WIPF3/SLC1A1,Exploratory
Factor15,Negative,GO_Biological_Process,GO:1901605,alpha-amino acid metabolic process,8/86,30/828,0.00843742187505388,0.858286938386322,8,AASS/AMDHD1/GPT/PRODH2/GLYAT/CBS/HOGA1/AADAT,Exploratory
Factor15,Negative,GO_Biological_Process,GO:0006084,acetyl-CoA metabolic process,3/86,5/828,0.00928317729205555,0.858286938386322,3,PDK4/AASS/AADAT,Exploratory
Factor15,Negative,GO_Biological_Process,GO:0006790,sulfur compound metabolic process,9/86,37/828,0.00997116142937425,0.858286938386322,9,PDK4/AASS/CHST9/ACSM3/DSEL/GLYAT/CBS/SLC1A1/AADAT,Exploratory
Factor15,Negative,GO_Biological_Process,GO:0006637,acyl-CoA metabolic process,5/86,14/828,0.0101272795089832,0.858286938386322,5,PDK4/AASS/ACSM3/GLYAT/AADAT,Exploratory
Factor15,Negative,GO_Biological_Process,GO:0035383,thioester metabolic process,5/86,14/828,0.0101272795089832,0.858286938386322,5,PDK4/AASS/ACSM3/GLYAT/AADAT,Exploratory
Factor15,Negative,GO_Biological_Process,GO:0045216,cell-cell junction organization,5/86,14/828,0.0101272795089832,0.858286938386322,5,DSG1/PKHD1/TRPV4/F2RL1/AMOT,Exploratory
Factor15,Negative,GO_Biological_Process,GO:0030036,actin cytoskeleton organization,10/86,44/828,0.0109587605993554,0.870977785533471,10,BAIAP2L2/PPP1R9A/FAM171A1/SPTBN2/FLNC/TRPV4/F2RL1/ANLN/WIPF3/AMOT,Exploratory
Factor15,Negative,GO_Biological_Process,GO:0006520,amino acid metabolic process,8/86,32/828,0.0127251892083973,0.870977785533471,8,AASS/AMDHD1/GPT/PRODH2/GLYAT/CBS/HOGA1/AADAT,Exploratory
Factor15,Negative,GO_Biological_Process,GO:0032535,regulation of cellular component size,7/86,26/828,0.0129937666877709,0.870977785533471,7,BAIAP2L2/RAP1GAP2/SPTBN2/TRPV4/F2RL1/AMOT/PTPRS,Exploratory
Factor15,Negative,GO_Biological_Process,GO:0045913,positive regulation of carbohydrate metabolic process,4/86,10/828,0.0139921761787015,0.870977785533471,4,PRKAA2/GPT/GPD1/SLC4A4,Exploratory
Factor15,Negative,GO_Biological_Process,GO:0045922,negative regulation of fatty acid metabolic process,4/86,10/828,0.0139921761787015,0.870977785533471,4,UGT1A4/UGT1A6/UGT1A1/UGT1A9,Exploratory
Factor15,Negative,GO_Biological_Process,GO:0097009,energy homeostasis,4/86,10/828,0.0139921761787015,0.870977785533471,4,PRKAA2/TRPV4/IGF2BP2/TSKU,Exploratory
Factor15,Negative,GO_Biological_Process,GO:0120036,plasma membrane bounded cell projection organization,14/86,74/828,0.014562885003201,0.870977785533471,14,DDR1/PPP1R9A/SEMA3B/PKHD1/ADGRV1/TRPV4/F2RL1/HOMER1/ANLN/TSKU/PTK6/GFRA1/ANK3/PTPRS,Exploratory
Factor15,Negative,GO_Biological_Process,GO:0033043,regulation of organelle organization,13/86,67/828,0.0150671659345494,0.870977785533471,13,BAIAP2L2/BUB1B/PRKAA2/SPTBN2/TRPV4/CPLX1/TGFA/NCAPG/F2RL1/CENPF/MCM2/AMOT/PTPRS,Exploratory
Factor15,Negative,GO_Biological_Process,GO:0006110,regulation of glycolytic process,3/86,6/828,0.017178204061411,0.870977785533471,3,PRKAA2/GPD1/SLC4A4,Exploratory
Factor15,Negative,GO_Biological_Process,GO:0030811,regulation of nucleotide catabolic process,3/86,6/828,0.017178204061411,0.870977785533471,3,PRKAA2/GPD1/SLC4A4,Exploratory
Factor15,Negative,GO_Biological_Process,GO:0033121,regulation of purine nucleotide catabolic process,3/86,6/828,0.017178204061411,0.870977785533471,3,PRKAA2/GPD1/SLC4A4,Exploratory
Factor15,Negative,GO_Biological_Process,GO:0042440,pigment metabolic process,3/86,6/828,0.017178204061411,0.870977785533471,3,UGT1A4/UGT1A1/UGT1A9,Exploratory
Factor15,Negative,GO_Biological_Process,GO:1903578,regulation of ATP metabolic process,3/86,6/828,0.017178204061411,0.870977785533471,3,PRKAA2/GPD1/SLC4A4,Exploratory
Factor15,Negative,GO_Biological_Process,GO:0030029,actin filament-based process,10/86,48/828,0.0202791316493715,0.870977785533471,10,BAIAP2L2/PPP1R9A/FAM171A1/SPTBN2/FLNC/TRPV4/F2RL1/ANLN/WIPF3/AMOT,Exploratory
Factor15,Negative,GO_Biological_Process,GO:0030030,cell projection organization,14/86,77/828,0.0205342145056615,0.870977785533471,14,DDR1/PPP1R9A/SEMA3B/PKHD1/ADGRV1/TRPV4/F2RL1/HOMER1/ANLN/TSKU/PTK6/GFRA1/ANK3/PTPRS,Exploratory
Factor15,Negative,GO_Biological_Process,GO:0003018,vascular process in circulatory system,8/86,35/828,0.0219021731033968,0.870977785533471,8,TRPV4/F2RL1/ABCG2/SLC6A6/CBS/AMOT/SLC4A4/SLC1A1,Exploratory
Factor15,Negative,GO_Biological_Process,GO:0170033,L-amino acid metabolic process,7/86,29/828,0.023773154132991,0.870977785533471,7,AASS/AMDHD1/GPT/PRODH2/GLYAT/CBS/AADAT,Exploratory
Factor15,Negative,GO_Biological_Process,GO:0170039,proteinogenic amino acid metabolic process,7/86,29/828,0.023773154132991,0.870977785533471,7,AASS/AMDHD1/GPT/PRODH2/GLYAT/CBS/AADAT,Exploratory
Factor15,Negative,GO_Biological_Process,GO:0006090,pyruvate metabolic process,5/86,17/828,0.0243319707055748,0.870977785533471,5,PDK4/PRKAA2/GPD1/SLC4A4/HOGA1,Exploratory
Factor15,Negative,GO_Biological_Process,GO:0019217,regulation of fatty acid metabolic process,5/86,17/828,0.0243319707055748,0.870977785533471,5,UGT1A4/PDK4/UGT1A6/UGT1A1/UGT1A9,Exploratory
Factor15,Negative,GO_Biological_Process,GO:0044272,sulfur compound biosynthetic process,5/86,17/828,0.0243319707055748,0.870977785533471,5,PDK4/CHST9/DSEL/CBS/SLC1A1,Exploratory
Factor15,Negative,GO_Biological_Process,GO:0010595,positive regulation of endothelial cell migration,3/86,7/828,0.0278249646135161,0.870977785533471,3,THBS1/ADGRA2/AMOT,Exploratory
Factor15,Negative,GO_Biological_Process,GO:0043470,regulation of carbohydrate catabolic process,3/86,7/828,0.0278249646135161,0.870977785533471,3,PRKAA2/GPD1/SLC4A4,Exploratory
Factor15,Negative,GO_Biological_Process,GO:0043605,amide catabolic process,3/86,7/828,0.0278249646135161,0.870977785533471,3,AASS/AMDHD1/AADAT,Exploratory
Factor15,Negative,GO_Biological_Process,GO:1902115,regulation of organelle assembly,3/86,7/828,0.0278249646135161,0.870977785533471,3,PRKAA2/SPTBN2/PTPRS,Exploratory
Factor15,Negative,GO_Biological_Process,GO:0043467,regulation of generation of precursor metabolites and energy,4/86,12/828,0.0280286509314007,0.870977785533471,4,PRKAA2/TRPV4/GPD1/SLC4A4,Exploratory
Factor15,Negative,GO_Biological_Process,GO:0007420,brain development,9/86,44/828,0.030688479939903,0.870977785533471,9,SOX6/SPTBN2/TYRO3/TSKU/CENPF/CBS/PBX1/PTPRS/SLC1A1,Exploratory
Factor15,Negative,GO_Biological_Process,GO:0051896,regulation of phosphatidylinositol 3-kinase/protein kinase B signal transduction,5/86,18/828,0.0309889868848131,0.870977785533471,5,DDR1/THBS1/PKHD1/TYRO3/F2RL1,Exploratory
Factor15,Negative,GO_Biological_Process,GO:0051128,regulation of cellular component organization,23/86,154/828,0.0319926150121572,0.870977785533471,23,DDR1/BAIAP2L2/BUB1B/THBS1/PRKAA2/PKHD1/SPTBN2/TRPV4/CPLX1/TGFA/NCAPG/APLN/F2RL1/HOMER1/ANLN/TSKU/PTK6/CENPF/TRABD2B/MCM2/COLEC11/AMOT/PTPRS,Exploratory
Factor15,Negative,GO_Biological_Process,GO:0003013,circulatory system process,11/86,59/828,0.0332539496351084,0.870977785533471,11,TRPV4/ACSM3/APLN/ERAP2/F2RL1/ABCG2/SLC6A6/CBS/AMOT/SLC4A4/SLC1A1,Exploratory
Factor15,Negative,GO_Biological_Process,GO:0006753,nucleoside phosphate metabolic process,9/86,45/828,0.0351364747019461,0.870977785533471,9,PDK4/AASS/DPYS/PRKAA2/ACSM3/GPD1/GLYAT/SLC4A4/AADAT,Exploratory
Factor15,Negative,GO_Biological_Process,GO:0045833,negative regulation of lipid metabolic process,4/86,13/828,0.0373377067356886,0.870977785533471,4,UGT1A4/UGT1A6/UGT1A1/UGT1A9,Exploratory
Factor15,Negative,GO_Biological_Process,GO:0051897,positive regulation of phosphatidylinositol 3-kinase/protein kinase B signal transduction,4/86,13/828,0.0373377067356886,0.870977785533471,4,DDR1/THBS1/TYRO3/F2RL1,Exploratory
Factor15,Negative,GO_Biological_Process,GO:0010565,regulation of cellular ketone metabolic process,5/86,19/828,0.0386921056065032,0.870977785533471,5,UGT1A4/PDK4/UGT1A6/UGT1A1/UGT1A9,Exploratory
Factor15,Negative,GO_Biological_Process,GO:0043491,phosphatidylinositol 3-kinase/protein kinase B signal transduction,5/86,19/828,0.0386921056065032,0.870977785533471,5,DDR1/THBS1/PKHD1/TYRO3/F2RL1,Exploratory
Factor15,Negative,GO_Biological_Process,GO:0007399,nervous system development,21/86,140/828,0.0390632121890896,0.870977785533471,21,DDR1/PPP1R9A/SOX6/NCMAP/SEMA3B/ADGRV1/SPTBN2/ADGRA2/TRPV4/TYRO3/ELFN1/IGF2BP2/TSKU/PTK6/CENPF/GFRA1/ANK3/CBS/PBX1/PTPRS/SLC1A1,Exploratory
Factor15,Negative,GO_Biological_Process,GO:0034329,cell junction assembly,7/86,32/828,0.0395693900887949,0.870977785533471,7,DSG1/THBS1/SPTBN2/TRPV4/ELFN1/AMOT/PTPRS,Exploratory
Factor15,Negative,GO_Biological_Process,GO:0006536,glutamate metabolic process,3/86,8/828,0.0412235431792105,0.870977785533471,3,AMDHD1/PRODH2/AADAT,Exploratory
Factor15,Negative,GO_Biological_Process,GO:0006801,superoxide metabolic process,3/86,8/828,0.0412235431792105,0.870977785533471,3,F2RL1/CBS/SLC1A1,Exploratory
Factor15,Negative,GO_Biological_Process,GO:0051017,actin filament bundle assembly,3/86,8/828,0.0412235431792105,0.870977785533471,3,BAIAP2L2/FAM171A1/AMOT,Exploratory
Factor15,Negative,GO_Biological_Process,GO:0060351,cartilage development involved in endochondral bone morphogenesis,3/86,8/828,0.0412235431792105,0.870977785533471,3,TRPV4/TSKU/CBS,Exploratory
Factor15,Negative,GO_Biological_Process,GO:0061572,actin filament bundle organization,3/86,8/828,0.0412235431792105,0.870977785533471,3,BAIAP2L2/FAM171A1/AMOT,Exploratory
Factor15,Negative,GO_Biological_Process,GO:0062207,regulation of pattern recognition receptor signaling pathway,3/86,8/828,0.0412235431792105,0.870977785533471,3,TYRO3/F2RL1/PTPRS,Exploratory
Factor15,Negative,GO_Biological_Process,GO:0072348,sulfur compound transport,3/86,8/828,0.0412235431792105,0.870977785533471,3,ABCG2/SLC6A6/SLC1A1,Exploratory
Factor15,Negative,GO_Biological_Process,GO:1900542,regulation of purine nucleotide metabolic process,3/86,8/828,0.0412235431792105,0.870977785533471,3,PRKAA2/GPD1/SLC4A4,Exploratory
Factor15,Negative,GO_Biological_Process,GO:1901879,regulation of protein depolymerization,3/86,8/828,0.0412235431792105,0.870977785533471,3,SPTBN2/TRPV4/F2RL1,Exploratory
Factor15,Negative,GO_Biological_Process,GO:0065008,regulation of biological quality,29/86,210/828,0.042563828744745,0.870977785533471,29,DDR1/BAIAP2L2/DSG1/THBS1/RDH5/UGT1A1/TMEM25/ADGRV1/FAM171A1/RAP1GAP2/SPTBN2/TRPV4/CPLX1/CHST9/ACSM3/APLN/ERAP2/TYRO3/F2RL1/HOMER1/IGF2BP2/ANK3/UGT1A9/UGT2A3/CBS/AMOT/SLC4A4/PTPRS/SLC1A1,Exploratory
Factor15,Negative,GO_Biological_Process,GO:0043603,amide metabolic process,9/86,47/828,0.0453374295876655,0.870977785533471,9,PDK4/AASS/AMDHD1/ACSM3/FUT6/GLYAT/SLC1A1/HOGA1/AADAT,Exploratory
Factor15,Negative,GO_Biological_Process,GO:0050808,synapse organization,7/86,33/828,0.0460793941581182,0.870977785533471,7,SPTBN2/HOMER1/ELFN1/ANK3/AMOT/PTPRS/SLC1A1,Exploratory
Factor15,Negative,GO_Biological_Process,GO:0008361,regulation of cell size,4/86,14/828,0.0482218776263709,0.870977785533471,4,RAP1GAP2/TRPV4/AMOT/PTPRS,Exploratory
Factor15,Negative,GO_Biological_Process,GO:0042594,response to starvation,4/86,14/828,0.0482218776263709,0.870977785533471,4,PDK4/PRKAA2/UGT1A1/GPT,Exploratory
Factor15,Negative,GO_Biological_Process,GO:0043648,dicarboxylic acid metabolic process,4/86,14/828,0.0482218776263709,0.870977785533471,4,AMDHD1/PRODH2/HOGA1/AADAT,Exploratory
Factor15,Negative,GO_Biological_Process,GO:0051495,positive regulation of cytoskeleton organization,4/86,14/828,0.0482218776263709,0.870977785533471,4,BAIAP2L2/TRPV4/F2RL1/AMOT,Exploratory
Factor15,Negative,GO_Biological_Process,GO:0110053,regulation of actin filament organization,4/86,14/828,0.0482218776263709,0.870977785533471,4,BAIAP2L2/SPTBN2/F2RL1/AMOT,Exploratory
Factor15,Negative,KEGG_Pathway,hsa00860,Porphyrin metabolism,5/51,9/493,0.000897627863330937,0.0551926369942616,5,UGT1A4/UGT1A6/UGT1A1/UGT1A9/UGT2A3,Exploratory
Factor15,Negative,KEGG_Pathway,hsa00053,Ascorbate and aldarate metabolism,5/51,10/493,0.00165468291350075,0.0551926369942616,5,UGT1A4/UGT1A6/UGT1A1/UGT1A9/UGT2A3,Exploratory
Factor15,Negative,KEGG_Pathway,hsa04976,Bile secretion,8/51,25/493,0.00207090168591005,0.0551926369942616,8,UGT1A4/UGT1A6/UGT1A1/ABCG2/UGT1A9/UGT2A3/AQP9/SLC4A4,Exploratory
Factor15,Negative,KEGG_Pathway,hsa00983,Drug metabolism - other enzymes,7/51,20/493,0.0022759850306912,0.0551926369942616,7,UGT1A4/UGT1A6/DPYS/UGT1A1/NAT2/UGT1A9/UGT2A3,Exploratory
Factor15,Negative,KEGG_Pathway,hsa00040,Pentose and glucuronate interconversions,5/51,12/493,0.00441899768843372,0.0857285551556142,5,UGT1A4/UGT1A6/UGT1A1/UGT1A9/UGT2A3,Exploratory
Factor15,Negative,KEGG_Pathway,hsa01240,Biosynthesis of cofactors,5/51,16/493,0.0176176263075027,0.248366452412293,5,UGT1A4/UGT1A6/UGT1A1/UGT1A9/UGT2A3,Exploratory
Factor15,Negative,KEGG_Pathway,hsa00830,Retinol metabolism,7/51,28/493,0.0179233522359387,0.248366452412293,7,UGT1A4/UGT1A6/RDH5/UGT1A1/AOX1/UGT1A9/UGT2A3,Exploratory
Factor15,Negative,KEGG_Pathway,hsa00140,Steroid hormone biosynthesis,6/51,25/493,0.034519458861192,0.400604199900863,6,UGT1A4/UGT1A6/RDH5/UGT1A1/UGT1A9/UGT2A3,Exploratory
Factor15,Negative,KEGG_Pathway,hsa01100,Metabolic pathways,22/51,153/493,0.0371694618464719,0.400604199900863,22,UGT1A4/UGT1A6/AASS/DPYS/AMDHD1/RDH5/UGT1A1/CHST9/ACSM3/AOX1/FUT6/DSEL/GPT/NAT2/PRODH2/DMGDH/GPD1/UGT1A9/UGT2A3/CBS/HOGA1/AADAT,Exploratory
Factor15,Negative,KEGG_Pathway,hsa05204,Chemical carcinogenesis - DNA adducts,6/51,27/493,0.0489924809874719,0.475227065578478,6,UGT1A4/UGT1A6/UGT1A1/NAT2/UGT1A9/UGT2A3,Exploratory
Factor15,Negative,KEGG_Pathway,hsa04148,Efferocytosis,3/51,9/493,0.0560114144885185,0.4939188368533,3,THBS1/TYRO3/PBX1,Not Significant
Factor15,Negative,KEGG_Pathway,hsa01210,2-Oxocarboxylic acid metabolism,2/51,5/493,0.0856492260441307,0.609460758758967,2,GPT/AADAT,Not Significant
Factor15,Negative,KEGG_Pathway,hsa04721,Synaptic vesicle cycle,2/51,5/493,0.0856492260441307,0.609460758758967,2,CPLX1/SLC1A1,Not Significant
Factor15,Negative,KEGG_Pathway,hsa00982,Drug metabolism - cytochrome P450,6/51,31/493,0.0879634084806756,0.609460758758967,6,UGT1A4/UGT1A6/UGT1A1/AOX1/UGT1A9/UGT2A3,Not Significant
Factor15,Negative,KEGG_Pathway,hsa00670,One carbon pool by folate,2/51,6/493,0.120121502579796,0.763031481462021,2,DMGDH/CBS,Not Significant
Factor15,Negative,KEGG_Pathway,hsa04517,IgSF CAM signaling,3/51,13/493,0.141926176249797,0.763031481462021,3,SPTBN2/ANK3/PTPRS,Not Significant
Factor15,Negative,KEGG_Pathway,hsa05207,Chemical carcinogenesis - receptor activation,5/51,28/493,0.151650349780345,0.763031481462021,5,UGT1A4/UGT1A6/UGT1A1/UGT1A9/UGT2A3,Not Significant
Factor15,Negative,KEGG_Pathway,hsa00330,Arginine and proline metabolism,2/51,7/493,0.157326078651963,0.763031481462021,2,PRODH2/HOGA1,Not Significant
Factor15,Negative,KEGG_Pathway,hsa00380,Tryptophan metabolism,2/51,7/493,0.157326078651963,0.763031481462021,2,AOX1/AADAT,Not Significant
Factor15,Negative,KEGG_Pathway,hsa04724,Glutamatergic synapse,2/51,7/493,0.157326078651963,0.763031481462021,2,HOMER1/SLC1A1,Not Significant
